episode_id,sector,pt_name,utility,slip_count
0a0f8f6ef8a3,5,Modul Toporaşi,ACC,4
d476e82cc127,4,6 Zona II,ACC,15
cf5dbb55b94e,1,Ct Luterana,ACC,5
e516ce81a3df,5,1 Alexandria,ACC,0
8c2c766b636b,5,1 Giurgiu,ACC,0
1f9a9d2c7058,5,1 Petre Ispirescu,ACC,0
a6089fe8ab13,5,1 Rahova,ACC,0
996c3e655d55,5,1 Salaj,ACC,0
446cea72aeae,5,10 Margeanului,ACC,0
7a2b6f270c1f,5,11 Margeanului,ACC,0
cd2ee660c28b,5,2 Alexandria,ACC,0
1b0568a7cfb4,5,2 Ferentari,ACC,0
b53be4e409d7,5,2 Petre Ispirescu,ACC,0
baa497a69741,5,2 Rahova,ACC,0
5eff5680a32f,5,2 Sălaj,ACC,0
cb0e700bce04,5,3 Ferentari,ACC,0
dda9188a5687,5,3 Petre Ispirescu,ACC,0
4c2fbcec1dde,5,3 Rahova,ACC,0
8d0c18c83964,5,3 Sălaj,ACC,0
b4aef4669f65,5,4 Chirigiu,ACC,0
cd5211582784,5,4 Rahova,ACC,0
ac9631a161ab,5,4 Sălaj,ACC,0
c63b9fb54b40,5,5 Chirigiu,ACC,0
fe7d160bab33,5,5 Margeanului,ACC,0
ed0220278fa8,5,6 Chirigiu,ACC,0
0d5beeef26d1,5,6 Farado,ACC,0
821e89baa644,5,6 Margeanului,ACC,0
872b9f399715,5,6 Petre Ispirescu,ACC,0
b2cf2fb04d73,5,6 Rahova,ACC,0
fcec538911b8,5,6 Sălaj,ACC,0
83284916137a,5,7 Margeanului,ACC,0
967ef80ee065,5,8 Alexandria,ACC,0
c6a90419ac90,5,8 Margeanului,ACC,0
9d3ab2bb7069,5,9 Farado,ACC,0
a36153d60771,5,9 Margeanului,ACC,0
97e8482e0488,5,Doina,ACC,0
d8b9363032d6,5,Garoafei,ACC,0
4297e9bbb3d6,5,Giurgiu Farado,ACC,0
937d2ef340dc,5,Soldat Croitoru,ACC,0
42c1f04c69c5,5,Teiuş,ACC,0
9cbf58697222,5,Vicina,ACC,0
ea523eaaf599,4,1 Bis Zona I,ACC,0
db7177692ac2,4,1 Nitu Vasile,ACC,0
b6d1d72631e5,4,1 Oltenita Placare,ACC,0
1e9fdb7e7d48,4,1 Serban Voda,ACC,0
221c4599f59c,4,1 Stoian Militaru,ACC,0
d92a8effb3ca,4,1 Zona I,ACC,0
02144c2c1ae5,4,1 Zona II,ACC,0
36f456948e59,4,1 Zona IV,ACC,0
3f3b5cfc72d9,4,1 Zona V,ACC,0
7c2911b3aa3f,4,11 Giurgiu,ACC,0
6145df0c31db,4,12 Giurgiu,ACC,0
4933c3dd5996,4,17 Dolhasca,ACC,0
cf3be3cc2c83,4,19 Dolhasca,ACC,0
ad19f7400a05,4,2 A Metalurgiei,ACC,0
5c1d5fffe08b,4,2 Giurgiu,ACC,0
7d22c277029f,4,2 Nitu Vasile,ACC,0
35303458547c,4,2 Oltenita Placare,ACC,0
bd3e53089d0b,4,2 Oltenitei,ACC,0
562f906997c0,4,2 Serban Voda,ACC,0
6babe80d67d3,4,2 Stoian Militaru,ACC,0
b7f85f3b4ddd,4,2 Vifornita,ACC,0
2931003fc812,4,2 Zona I,ACC,0
f079dfd1802d,4,2 Zona II,ACC,0
e03e00e510ae,4,2 Zona V,ACC,0
afdf1ae5127f,4,3 Bis Zona I,ACC,0
7296e63c8dfc,4,3 Nitu Vasile,ACC,0
0d27fb1d9530,4,3 Oltenita Placare,ACC,0
cc04029182bc,4,3 Zona I,ACC,0
7e8130b67b29,4,3 Zona II,ACC,0
2a3fef656465,4,3 Zona V,ACC,0
cbb17c87661d,4,4 Nitu Vasile,ACC,0
3ee4a03c1c13,4,4 Oltenita Placare,ACC,0
b2f197b2704d,4,4 Vifornita,ACC,0
c63033bb2ad4,4,4 Zona I,ACC,0
e132125731b3,4,4 Zona II,ACC,0
db6e29b19f59,4,5 Brancoveanu,ACC,0
40c0daad5840,4,5 Metalurgiei,ACC,0
7bb5b48ceffa,4,5 Oltenita,ACC,0
85e9d570a4bb,4,5 Zona I,ACC,0
4f831598bcab,4,5 Zona II,ACC,0
86eccfbd99d6,4,6 Brancoveanu,ACC,0
c21dd86c414c,4,6 Vifornita,ACC,0
7966de493d0e,4,6 Zona I,ACC,0
66af630c284f,4,7 Zona I,ACC,0
abf4a81485b1,4,8 Brancoveanu,ACC,0
1fe11a2e5e9c,4,9 Brâncoveanu,ACC,0
21423ed93796,4,Almașul Mare,ACC,0
1c2b314c60c2,4,Curcani,ACC,0
6f7be6d5f24f,4,Dealul Cernei,ACC,0
942f7d5a6c02,4,Dumitru Petrescu,ACC,0
f7f82a86f712,4,Huedin,ACC,0
2735b01634aa,4,Livada Noua,ACC,0
343931b52c91,4,Luica,ACC,0
62138ada6320,4,Metalurgiei,ACC,0
c5f269530688,4,Modul Termic - Colegiul National Octav Onicescu,ACC,0
8342a3390da7,4,Modul Termic - Cresa Unicornul Fermecat,ACC,0
ba46165d0ac4,4,Modul Termic - Grădinița Nr.225,ACC,0
5282c37d2be3,4,Modul Termic - Grădinița nr.167,ACC,0
82114ea41121,4,Modul Termic - Grădinița nr.228,ACC,0
7a8dfa637ba2,4,Modul Termic - Grădinița nr.243,ACC,0
7805c8121607,4,Modul Termic - Spitalul Alexandru Obregia ( Creșa 25 ) / Stationar de zi,ACC,0
5b3985428af3,4,Modul Termic - Școala Gimnaziala Ionel Teodoreanu,ACC,0
670491b4d67f,4,Modul Termic - Școala nr.119,ACC,0
c9144c349fa2,4,Modul Termic - Școala nr.129,ACC,0
dd9bdeb88ac9,4,Modul Termic - Școala nr.99,ACC,0
f186f9182047,4,Moldovita,ACC,0
f91325ffb58e,4,Pieptanari,ACC,0
74292c938cc9,4,Posta,ACC,0
339bddc0bbbc,4,Prasilei,ACC,0
32f4ef3ca096,4,Sabaoani,ACC,0
7ae558f92dc1,4,Sincai,ACC,0
cbcd8daa8464,4,Spinis,ACC,0
720c2bca7788,4,Tudor Gociu,ACC,0
a46adfafcfd5,4,Uioara,ACC,0
129cb923180e,4,Urziceni,ACC,0
74dac5a501e0,5,3 Sebastian,ACC,0
3dc8e50c648c,5,4 Petre Ispirescu,ACC,0
41abb0027065,5,5 Petre Ispirescu,ACC,0
a770e702fa3d,5,6 Sebastian,ACC,0
45ffefcf2f1a,5,7 Sebastian,ACC,0
430a9c6579ff,2,A2 Basarabia,ACC,1
49ad9ddad781,2,A4 Basarabia,ACC,1
b14816fa45a0,3,1Muncii,ACC,1
86abe456b87e,3,IOR,ACC,1
40f5fbf9c63f,4,1 Tineretului,ACC,1
6e53db430e0e,4,1 Vacaresti,ACC,1
c64309076641,4,2 Lanariei,ACC,1
4b3b01257e97,4,2 Tineretului,ACC,1
9100eba74fee,4,2 Vacaresti,ACC,1
fe5ef11e6e8c,4,3 Tineretului,ACC,1
1b8c9cdd822a,4,4 Lanariei,ACC,1
9c96f0faedc8,4,4 Tineretului,ACC,1
686b5445272e,4,Modul Termic,ACC,1
830202c5214b,4,Norilor,ACC,1
00e27040a223,4,Palatul National al Copiilor,ACC,1
6b73f3292ec8,4,Plugarilor,ACC,1
2758d7c9cee6,3,1 Labirint,ACC,2
678571b292e4,3,3 Labirint,ACC,2
49ebc672c87a,3,4 Labirint,ACC,2
0661f1e0bd23,6,5 Crivina,ACC,2
cf1c55475315,6,7 Crivina,ACC,2
5858aac5f50b,6,9 Crivina,ACC,2
