incident_id,sector,pt_name,service,first_seen_ts,last_seen_ts,first_absent_ts,snapshots_present
54f075969cd3,6,1 Veteranilor,Deficienta ACC,2026-07-01T00:05:52,2026-07-01T00:05:52,2026-07-01T01:25:30,1
513bfc73a1b3,6,MILITARI - 4 Placare,Deficienta ACC,2026-07-01T00:05:52,2026-07-01T00:05:52,2026-07-01T01:25:30,1
e7f0de5fa7b2,6,MILITARI - 8 Placare,Deficienta ACC,2026-07-01T00:05:52,2026-07-01T00:05:52,2026-07-01T01:25:30,1
721b1524aec5,6,2 Veteranilor,Deficienta ACC,2026-07-01T00:05:52,2026-07-01T00:05:52,2026-07-01T01:25:30,1
914b206cb0f6,6,MILITARI - 7 Placare,Deficienta ACC,2026-07-01T00:05:52,2026-07-01T00:05:52,2026-07-01T01:25:30,1
8617ceae022c,1,Creşa Popişteanu,Oprire ACC,2026-07-01T07:06:36,2026-07-02T22:58:08,2026-07-03T00:04:33,24
88e095c5ff7b,1,J Grivita,Oprire ACC,2026-07-01T07:06:36,2026-07-03T01:17:04,2026-07-03T02:33:38,26
959181640a4d,1,6-1 Mai,Oprire ACC,2026-07-01T07:06:36,2026-07-02T22:58:08,2026-07-03T00:04:33,24
e4b57147f3c4,1,7-1 Mai,Oprire ACC,2026-07-01T07:06:36,2026-07-02T22:58:08,2026-07-03T00:04:33,24
ce78b2049d56,1,Spitalul Elias,Oprire ACC,2026-07-01T07:06:36,2026-07-02T22:58:08,2026-07-03T00:04:33,24
57af5682bf17,1,140 – 1 Mai,Oprire ACC,2026-07-01T07:06:36,2026-07-02T22:58:08,2026-07-03T00:04:33,24
e0b41a826db1,1,8-1 Mai,Oprire ACC,2026-07-01T07:06:36,2026-07-02T22:58:08,2026-07-03T00:04:33,24
857e176d2084,1,Nicolae Racotă,Oprire ACC,2026-07-01T07:06:36,2026-07-02T22:58:08,2026-07-03T00:04:33,24
791f71e386fd,1,5-1 Mai,Oprire ACC,2026-07-01T07:06:36,2026-07-02T22:58:08,2026-07-03T00:04:33,24
57101a929cc6,1,9-1 Mai,Oprire ACC,2026-07-01T07:06:36,2026-07-02T22:58:08,2026-07-03T00:04:33,24
b28dd635f00a,1,4 Turda,Oprire ACC,2026-07-01T07:06:36,2026-07-03T00:04:33,2026-07-03T01:17:04,25
f5675a9b8ef6,1,I Grivita,Oprire ACC,2026-07-01T07:06:36,2026-07-03T02:33:38,2026-07-03T07:57:27,27
5fcbbed908d9,1,3 Turda,Oprire ACC,2026-07-01T07:06:36,2026-07-03T01:17:04,2026-07-03T02:33:38,26
94d22ed30af8,1,R Grivita,Oprire ACC,2026-07-01T07:06:36,2026-07-03T01:17:04,2026-07-03T02:33:38,26
dbc5da400865,1,2 Prefabricate,Oprire ACC,2026-07-01T07:06:36,2026-07-01T07:06:36,2026-07-01T08:49:10,1
dc340fd0b61c,1,10-1 Mai,Oprire ACC,2026-07-01T07:06:36,2026-07-02T22:58:08,2026-07-03T00:04:33,24
bbf817c34e1c,1,126-1 Mai,Oprire ACC,2026-07-01T07:06:36,2026-07-03T01:17:04,2026-07-03T02:33:38,26
8517b885f334,1,Miciurin,Oprire ACC,2026-07-01T07:06:36,2026-07-02T22:58:08,2026-07-03T00:04:33,24
81b16c84d333,1,2-1 Mai,Oprire ACC,2026-07-01T07:06:36,2026-07-03T01:17:04,2026-07-03T02:33:38,26
ef7daf204ad3,1,A Grant,Oprire ACC,2026-07-01T07:06:36,2026-07-03T01:17:04,2026-07-03T02:33:38,26
765f01a4a887,1,O Chibrit,Oprire ACC,2026-07-01T07:06:36,2026-07-01T07:06:36,2026-07-01T08:49:10,1
3cce940afa43,1,2 Turda,Oprire ACC,2026-07-01T07:06:36,2026-07-03T01:17:04,2026-07-03T02:33:38,26
245cb9b73479,1,Palazul Mare,Oprire ACC,2026-07-01T07:06:36,2026-07-03T00:04:33,2026-07-03T01:17:04,25
99c60a3c7787,1,7 Clucerului,Oprire ACC,2026-07-01T07:06:36,2026-07-02T22:58:08,2026-07-03T00:04:33,24
e3b821953d99,1,Sandu Aldea,Oprire ACC,2026-07-01T07:06:36,2026-07-03T01:17:04,2026-07-03T02:33:38,26
b39e30895e08,1,N Chibrit,Oprire ACC,2026-07-01T07:06:36,2026-07-01T07:06:36,2026-07-01T08:49:10,1
16a3d1536f1c,1,Popişteanu,Oprire ACC,2026-07-01T07:06:36,2026-07-02T22:58:08,2026-07-03T00:04:33,24
a889c000a0b7,1,Av. Sanatescu,Oprire ACC,2026-07-01T07:06:36,2026-07-03T01:17:04,2026-07-03T02:33:38,26
b0dc2ae912fd,1,Locuinţe Steaua,Oprire ACC,2026-07-01T07:06:36,2026-07-01T11:45:51,2026-07-01T13:19:54,4
49f8116586de,1,K Grivita,Oprire ACC,2026-07-01T07:06:36,2026-07-03T01:17:04,2026-07-03T02:33:38,26
6a604578d3cc,1,6 ACM,Oprire ACC,2026-07-01T07:06:36,2026-07-01T07:06:36,2026-07-01T08:49:10,1
6fe3aa1e51af,1,1 Turda,Oprire ACC,2026-07-01T07:06:36,2026-07-03T01:17:04,2026-07-03T02:33:38,26
d955ae3817c3,1,5 Aviatiei,Deficienta ACC,2026-07-01T07:06:36,2026-07-01T11:45:51,2026-07-01T13:19:54,4
572027dfd68b,4,Ct Marasesti 11,Oprire ACC,2026-07-01T07:06:36,2026-07-01T10:24:57,2026-07-01T11:45:51,3
95c645b878e0,1,3 Aviatiei,Deficienta ACC,2026-07-01T08:49:10,2026-07-01T08:49:10,2026-07-01T10:24:57,1
95d83af2ae99,6,SC 2/3 - MODULE TERMICE - Partial,Oprire ACC,2026-07-01T08:49:10,2026-07-01T13:19:54,2026-07-01T14:34:07,4
cd568e010ba1,6,2/7',Oprire ACC,2026-07-01T08:49:10,2026-07-01T11:45:51,2026-07-01T13:19:54,3
10b0c8a71f4b,6,15 Păcii,Oprire ACC,2026-07-01T08:49:10,2026-07-01T13:19:54,2026-07-01T14:34:07,4
181e8b40c886,6,1 Roșu,Oprire ACC,2026-07-01T08:49:10,2026-07-01T15:36:21,2026-07-01T16:36:07,6
17b2e7aa4e48,2,4 Colentina Socului,Oprire ACC,2026-07-01T10:24:57,2026-07-01T13:19:54,2026-07-01T14:34:07,3
9de139653b4e,3,5Placare-T,Oprire ACC,2026-07-01T10:24:57,2026-07-01T11:45:51,2026-07-01T13:19:54,2
aa6669ce1d42,5,5 Chirigiu,Oprire ACC,2026-07-01T10:24:57,2026-07-01T13:19:54,2026-07-01T14:34:07,3
26cb1e88c7e8,6,3/7',Oprire ACC,2026-07-01T10:24:57,2026-07-01T11:45:51,2026-07-01T13:19:54,2
0b655676c7f8,3,12Tomis - Partial,Oprire ACC,2026-07-01T11:45:51,2026-07-02T19:47:22,2026-07-02T21:21:48,19
b30d14536daa,1,Depozit Medicamente,Oprire ACC,2026-07-01T13:19:54,2026-07-02T22:58:08,2026-07-03T00:04:33,20
41f465c7355c,1,Agronom Seminţe,Oprire ACC,2026-07-01T13:19:54,2026-07-03T00:04:33,2026-07-03T01:17:04,21
9774d5bfc8c2,2,19 Pantelimon,Oprire ACC,2026-07-01T13:19:54,2026-07-01T13:19:54,2026-07-01T14:34:07,1
c67bf7a64c0d,6,1 Roșu - Partial,Oprire ACC,2026-07-01T15:36:21,2026-07-02T10:56:57,2026-07-02T15:31:02,13
475288426b28,2,3 Colentina Socului,Oprire ACC,2026-07-01T16:36:07,2026-07-03T21:01:34,2026-07-03T22:45:59,27
86dd0ffb8dd4,2,24 Delfinului,Oprire ACC,2026-07-01T16:36:07,2026-07-03T21:01:34,2026-07-03T22:45:59,27
113b653d86ee,2,2 Voiniceni,Oprire ACC,2026-07-01T16:36:07,2026-07-03T21:01:34,2026-07-03T22:45:59,27
7ddbffcd7a72,2,6 Pantelimon,Oprire ACC,2026-07-01T16:36:07,2026-07-03T21:01:34,2026-07-03T22:45:59,27
1d472f0511f7,2,3 Socului,Oprire ACC,2026-07-01T16:36:07,2026-07-03T21:01:34,2026-07-03T22:45:59,27
d0d3ef4ea942,2,4 Colentina Socului,Oprire ACC,2026-07-01T16:36:07,2026-07-03T21:01:34,2026-07-03T22:45:59,27
1f2c000d05fd,2,1 Socului,Oprire ACC,2026-07-01T16:36:07,2026-07-03T21:01:34,2026-07-03T22:45:59,27
c1bef6a515c8,2,1 Carei,Oprire ACC,2026-07-01T16:36:07,2026-07-03T21:01:34,2026-07-03T22:45:59,27
c748ee91e407,2,4 Socului,Oprire ACC,2026-07-01T16:36:07,2026-07-03T21:01:34,2026-07-03T22:45:59,27
e23a3e31a86f,2,1 Colentina Socului,Oprire ACC,2026-07-01T16:36:07,2026-07-03T21:01:34,2026-07-03T22:45:59,27
ff502001732d,2,5 Socului,Oprire ACC,2026-07-01T16:36:07,2026-07-03T21:01:34,2026-07-03T22:45:59,27
9b02077c59e8,2,2 Colentina Socului,Oprire ACC,2026-07-01T16:36:07,2026-07-03T21:01:34,2026-07-03T22:45:59,27
868ce0c9f99e,2,5 Doamna Ghica,Oprire ACC,2026-07-01T16:36:07,2026-07-03T23:52:51,2026-07-04T06:58:35,29
34a8719e6fd3,2,64 Colentina,Oprire ACC,2026-07-01T16:36:07,2026-07-03T23:52:51,2026-07-04T06:58:35,29
b991922aeeb5,2,6 Doamna Ghica,Oprire ACC,2026-07-01T16:36:07,2026-07-03T23:52:51,2026-07-04T06:58:35,29
c041b5564d73,2,7 Colentina,Oprire ACC,2026-07-01T16:36:07,2026-07-03T23:52:51,2026-07-04T06:58:35,29
0662a929d7e3,2,1 Teiul Doamnei,Oprire ACC,2026-07-01T16:36:07,2026-07-03T23:52:51,2026-07-04T06:58:35,29
e2794399e82f,2,8 Doamna Ghica,Oprire ACC,2026-07-01T16:36:07,2026-07-03T23:52:51,2026-07-04T06:58:35,29
e039f0f1ed53,2,3 Petricani,Oprire ACC,2026-07-01T16:36:07,2026-07-03T23:52:51,2026-07-04T06:58:35,29
e3a3ad5a70e0,2,6 Colentina,Oprire ACC,2026-07-01T16:36:07,2026-07-03T23:52:51,2026-07-04T06:58:35,29
095f41a0fca2,2,2 Teiul Doamnei,Oprire ACC,2026-07-01T16:36:07,2026-07-03T23:52:51,2026-07-04T06:58:35,29
ec48466de3d2,2,7 Doamna Ghica,Oprire ACC,2026-07-01T16:36:07,2026-07-03T23:52:51,2026-07-04T06:58:35,29
b7d5932091c3,2,4 Colentina,Oprire ACC,2026-07-01T16:36:07,2026-07-03T23:52:51,2026-07-04T06:58:35,29
0b8b4ed6ae94,2,2 Colentina 2,Oprire ACC,2026-07-01T16:36:07,2026-07-03T23:52:51,2026-07-04T06:58:35,29
efe155075211,2,Nada Florilor,Oprire ACC,2026-07-01T16:36:07,2026-07-03T23:52:51,2026-07-04T06:58:35,29
e00672a408bd,2,ALMO,Deficienta ACC,2026-07-01T17:37:01,2026-07-01T19:34:35,2026-07-01T20:25:44,3
a7031ecd349f,2,Aleea Circului,Deficienta ACC,2026-07-01T17:37:01,2026-07-01T19:34:35,2026-07-01T20:25:44,3
d017cdcafcde,2,1 Cheile Zanoagei,Deficienta ACC,2026-07-01T17:37:01,2026-07-01T19:34:35,2026-07-01T20:25:44,3
2d0baac64ba5,2,3 Colentina,Deficienta ACC,2026-07-01T17:37:01,2026-07-01T19:34:35,2026-07-01T20:25:44,3
03970cda7462,2,30 Stefan cel Mare,Deficienta ACC,2026-07-01T17:37:01,2026-07-01T19:34:35,2026-07-01T20:25:44,3
5e816cf6c705,2,Ziduri Mosi,Deficienta ACC,2026-07-01T17:37:01,2026-07-01T19:34:35,2026-07-01T20:25:44,3
49b02e5afc40,2,5 Colentina,Oprire ACC,2026-07-01T17:37:01,2026-07-03T23:52:51,2026-07-04T06:58:35,28
4e5a9600a9ea,3,SC.3C3/1 - Module Termice,Oprire ACC,2026-07-01T17:37:01,2026-07-03T15:51:16,2026-07-03T18:01:13,23
2e60f7f9041a,3,D 16,Oprire ACC,2026-07-01T17:37:01,2026-07-03T15:51:16,2026-07-03T18:01:13,23
985e7c20067c,3,C4,Oprire ACC,2026-07-01T17:37:01,2026-07-03T15:51:16,2026-07-03T18:01:13,23
dbd8d84dc464,2,H1 Victor Manu,Oprire ACC,2026-07-01T18:37:52,2026-07-04T17:06:06,2026-07-04T18:19:50,33
8746752d7d4d,2,Vila 71A,Oprire ACC,2026-07-01T18:37:52,2026-07-04T17:06:06,2026-07-04T18:19:50,33
9369dbfc0f0a,2,E2 Vatra Luminoasa,Oprire ACC,2026-07-01T18:37:52,2026-07-04T17:06:06,2026-07-04T18:19:50,33
b4cb8ab5281b,2,C1 Vatra Luminoasa,Oprire ACC,2026-07-01T18:37:52,2026-07-04T17:06:06,2026-07-04T18:19:50,33
8cba299312d5,2,17-18 Petricani,Deficienta ACC,2026-07-01T18:37:52,2026-07-01T19:34:35,2026-07-01T20:25:44,2
13e864f989d4,2,Luncsoara,Deficienta ACC,2026-07-01T18:37:52,2026-07-01T19:34:35,2026-07-01T20:25:44,2
23aaa780aecc,2,Modul Bl.20,Oprire ACC,2026-07-01T18:37:52,2026-07-03T23:52:51,2026-07-04T06:58:35,27
c82404b40d5f,3,1Muncii,Oprire ACC,2026-07-01T18:37:52,2026-07-01T18:37:52,2026-07-01T19:34:35,1
fde6ff1d5ac9,1,Locuinţe Steaua,Oprire ACC,2026-07-01T19:34:35,2026-07-02T22:58:08,2026-07-03T00:04:33,14
1e2aa7ba71d4,1,DTM,Oprire ACC,2026-07-01T19:34:35,2026-07-02T22:58:08,2026-07-03T00:04:33,14
86b5e127fa6e,2,U2 Avrig,Oprire ACC,2026-07-01T19:34:35,2026-07-02T15:31:02,2026-07-02T17:57:31,10
784223bef408,2,U1 Avrig,Oprire ACC,2026-07-01T19:34:35,2026-07-02T15:31:02,2026-07-02T17:57:31,10
2aaf0aad9947,2,C16 Mihai Bravu,Oprire ACC,2026-07-01T19:34:35,2026-07-02T15:31:02,2026-07-02T17:57:31,10
57daa213cc78,2,1 Dimitrov,Oprire ACC,2026-07-01T19:34:35,2026-07-02T15:31:02,2026-07-02T17:57:31,10
244aeb474737,2,3 Vaselor,Oprire ACC,2026-07-01T19:34:35,2026-07-02T15:31:02,2026-07-02T17:57:31,10
47a7caa98128,2,1 Republicii,Oprire ACC,2026-07-01T19:34:35,2026-07-02T15:31:02,2026-07-02T17:57:31,10
1bc394c19c06,2,Chiristigii,Oprire ACC,2026-07-01T19:34:35,2026-07-02T15:31:02,2026-07-02T17:57:31,10
2e8db12686b2,2,Mecanica Fina,Oprire ACC,2026-07-01T19:34:35,2026-07-01T19:34:35,2026-07-01T20:25:44,1
e040d291b52d,3,1Muncii,Deficienta ACC,2026-07-01T19:34:35,2026-07-02T15:31:02,2026-07-02T17:57:31,10
065bee9b0d63,3,2 Baia de Arama,Deficienta ACC,2026-07-01T19:34:35,2026-07-03T15:51:16,2026-07-03T18:01:13,21
1636deeea557,3,3X,Deficienta ACC,2026-07-01T19:34:35,2026-07-02T00:00:49,2026-07-02T07:45:01,7
9301c341d3aa,3,IOR,Deficienta ACC,2026-07-01T19:34:35,2026-07-02T00:00:49,2026-07-02T07:45:01,7
d5f773c41efa,2,1 Colentina,Oprire ACC,2026-07-01T20:25:44,2026-07-02T19:47:22,2026-07-02T21:21:48,11
07afbc425ccc,2,Barbu Vacarescu,Oprire ACC,2026-07-01T20:25:44,2026-07-02T19:47:22,2026-07-02T21:21:48,11
06f514835be5,2,7 IRTA,Oprire ACC,2026-07-01T20:25:44,2026-07-04T06:58:35,2026-07-04T09:46:25,26
fd8c2cff05fb,2,ICB,Oprire ACC,2026-07-01T20:25:44,2026-07-06T11:49:11,2026-07-06T15:36:08,48
ba6b08dccf92,2,ALMO,Oprire ACC,2026-07-01T20:25:44,2026-07-02T19:47:22,2026-07-02T21:21:48,11
fb164534499a,2,P10 Foisor,Oprire ACC,2026-07-01T20:25:44,2026-07-02T19:47:22,2026-07-02T21:21:48,11
7ec616ec78a4,2,29 Stefan cel Mare,Oprire ACC,2026-07-01T20:25:44,2026-07-02T19:47:22,2026-07-02T21:21:48,11
c3172777c2f5,2,Aleea Circului,Oprire ACC,2026-07-01T20:25:44,2026-07-02T19:47:22,2026-07-02T21:21:48,11
dd832deca05e,2,5 Lacul Tei,Oprire ACC,2026-07-01T20:25:44,2026-07-02T19:47:22,2026-07-02T21:21:48,11
369cad53293f,2,1 Cheile Zanoagei,Oprire ACC,2026-07-01T20:25:44,2026-07-02T19:47:22,2026-07-02T21:21:48,11
1da4be01b283,2,5 Mosilor,Oprire ACC,2026-07-01T20:25:44,2026-07-02T19:47:22,2026-07-02T21:21:48,11
2c6a2cc5a77a,2,P7 Foisor,Oprire ACC,2026-07-01T20:25:44,2026-07-02T19:47:22,2026-07-02T21:21:48,11
c1697bf71beb,2,Liceul Iulia Hasdeu,Oprire ACC,2026-07-01T20:25:44,2026-07-02T19:47:22,2026-07-02T21:21:48,11
b1b78218ffc4,2,3 Colentina,Oprire ACC,2026-07-01T20:25:44,2026-07-02T19:47:22,2026-07-02T21:21:48,11
0dde4eb3893b,2,4 Stefan cel Mare,Oprire ACC,2026-07-01T20:25:44,2026-07-02T19:47:22,2026-07-02T21:21:48,11
6616d1735c5c,2,2 Colentina,Oprire ACC,2026-07-01T20:25:44,2026-07-02T19:47:22,2026-07-02T21:21:48,11
48fe824537c2,2,2 Cheile Zanoagei,Oprire ACC,2026-07-01T20:25:44,2026-07-02T19:47:22,2026-07-02T21:21:48,11
e459d390e1a8,2,3 Cheile Zanoagei,Oprire ACC,2026-07-01T20:25:44,2026-07-02T19:47:22,2026-07-02T21:21:48,11
156a67fc5536,2,3 Stefan cel Mare,Oprire ACC,2026-07-01T20:25:44,2026-07-02T19:47:22,2026-07-02T21:21:48,11
ce3c3285a19b,2,P8 Foisor,Oprire ACC,2026-07-01T20:25:44,2026-07-02T19:47:22,2026-07-02T21:21:48,11
05dafa3415bc,2,30 Stefan cel Mare,Oprire ACC,2026-07-01T20:25:44,2026-07-02T19:47:22,2026-07-02T21:21:48,11
7bd0632ef8dd,2,17-18 Petricani,Oprire ACC,2026-07-01T20:25:44,2026-07-02T19:47:22,2026-07-02T21:21:48,11
3b7e83bf6e92,2,4 Cheile Zanoagei,Oprire ACC,2026-07-01T20:25:44,2026-07-02T19:47:22,2026-07-02T21:21:48,11
a48f980e201b,2,P7A Foisor,Oprire ACC,2026-07-01T20:25:44,2026-07-02T19:47:22,2026-07-02T21:21:48,11
a8dbc9b1c499,2,Luncsoara,Oprire ACC,2026-07-01T20:25:44,2026-07-02T19:47:22,2026-07-02T21:21:48,11
14c816cb8749,2,Ziduri Mosi,Oprire ACC,2026-07-01T20:25:44,2026-07-02T19:47:22,2026-07-02T21:21:48,11
4a2feffff8b4,2,P16 Mihai Bravu,Oprire ACC,2026-07-01T20:25:44,2026-07-02T15:31:02,2026-07-02T17:57:31,9
8bafaff94d32,2,7 Muncii,Deficienta ACC,2026-07-01T21:10:05,2026-07-03T13:48:34,2026-07-03T15:51:16,18
956d3351bf15,2,4' Pantelimon,Deficienta ACC,2026-07-01T21:10:05,2026-07-02T00:00:49,2026-07-02T07:45:01,5
90ab0ba3e25a,2,Modul Bl. 23,Oprire ACC,2026-07-01T21:10:05,2026-07-02T19:47:22,2026-07-02T21:21:48,10
3794f3ba4dda,2,Spitalul Clinic Colentina,Oprire ACC,2026-07-01T21:10:05,2026-07-02T19:47:22,2026-07-02T21:21:48,10
a16b7f78b709,4,Spinis,Deficienta ACC,2026-07-01T21:10:05,2026-07-01T22:31:43,2026-07-01T23:22:26,3
fe17ba702140,4,3 Zona V,Deficienta ACC,2026-07-01T21:10:05,2026-07-01T22:31:43,2026-07-01T23:22:26,3
4e147df7a96f,4,2 Vifornita,Deficienta ACC,2026-07-01T21:10:05,2026-07-01T22:31:43,2026-07-01T23:22:26,3
66336e8dfbcb,4,1 Zona V,Deficienta ACC,2026-07-01T21:10:05,2026-07-01T22:31:43,2026-07-01T23:22:26,3
81321f0a4a9a,1,6 Aviatiei,Deficienta ACC,2026-07-01T21:54:03,2026-07-01T22:31:43,2026-07-01T23:22:26,2
0e6f0882930e,2,A4 Basarabia,Deficienta ACC,2026-07-01T21:54:03,2026-07-02T00:00:49,2026-07-02T07:45:01,4
ce40584ae930,4,6 Zona II,Deficienta ACC,2026-07-01T21:54:03,2026-07-01T22:31:43,2026-07-01T23:22:26,2
48b11ec61035,4,3 Zona II,Deficienta ACC,2026-07-01T21:54:03,2026-07-01T22:31:43,2026-07-01T23:22:26,2
310137280e67,2,33 Muncii,Deficienta ACC,2026-07-01T22:31:43,2026-07-02T00:00:49,2026-07-02T07:45:01,3
bdeea1012021,2,A2 Basarabia,Deficienta ACC,2026-07-01T22:31:43,2026-07-02T00:00:49,2026-07-02T07:45:01,3
84e69d8d5203,3,MY,Deficienta ACC,2026-07-02T00:00:49,2026-07-03T19:43:43,2026-07-03T21:01:34,17
79dc4b9dfac8,1,Perla,Oprire ACC,2026-07-02T07:45:01,2026-07-02T07:45:01,2026-07-02T10:56:57,1
c628a80b3fb0,1,11 Dorobanti,Oprire ACC,2026-07-02T07:45:01,2026-07-02T07:45:01,2026-07-02T10:56:57,1
351cd3c44763,1,Casata,Oprire ACC,2026-07-02T07:45:01,2026-07-02T07:45:01,2026-07-02T10:56:57,1
a45392eefba9,1,1 Aviatiei,Oprire ACC,2026-07-02T07:45:01,2026-07-02T07:45:01,2026-07-02T10:56:57,1
0cf10b74b97e,1,Cosmonautilor,Oprire ACC,2026-07-02T07:45:01,2026-07-02T07:45:01,2026-07-02T10:56:57,1
65855bd1151c,1,2 P-ta Victoriei,Oprire ACC,2026-07-02T07:45:01,2026-07-03T23:52:51,2026-07-04T06:58:35,19
188ac5cbf075,1,4 Aviatiei,Oprire ACC,2026-07-02T07:45:01,2026-07-02T07:45:01,2026-07-02T10:56:57,1
7f87ef44d7f3,1,12 Gostat,Oprire ACC,2026-07-02T07:45:01,2026-07-02T07:45:01,2026-07-02T10:56:57,1
43c5bd5f7886,1,3 Aviatiei,Oprire ACC,2026-07-02T07:45:01,2026-07-02T07:45:01,2026-07-02T10:56:57,1
eace3a3f8a08,1,Atelier Vicarb,Oprire ACC,2026-07-02T07:45:01,2026-07-03T23:52:51,2026-07-04T06:58:35,19
da5cd2c3011d,1,2 Dorobanti,Oprire ACC,2026-07-02T07:45:01,2026-07-02T07:45:01,2026-07-02T10:56:57,1
1966b21a97da,1,2 Ilie Pintilie,Oprire ACC,2026-07-02T07:45:01,2026-07-03T23:52:51,2026-07-04T06:58:35,19
0fdc8732c53a,1,Floreasca,Oprire ACC,2026-07-02T07:45:01,2026-07-02T07:45:01,2026-07-02T10:56:57,1
e209b791361d,1,2 Aviatiei,Oprire ACC,2026-07-02T07:45:01,2026-07-02T07:45:01,2026-07-02T10:56:57,1
a82830f8860a,1,6 Aviatiei,Oprire ACC,2026-07-02T07:45:01,2026-07-02T07:45:01,2026-07-02T10:56:57,1
0b826f2c0b4a,1,1 Ilie Pintilie,Oprire ACC,2026-07-02T07:45:01,2026-07-02T07:45:01,2026-07-02T10:56:57,1
de69851a6048,1,61-63 Dorobanti,Oprire ACC,2026-07-02T07:45:01,2026-07-02T07:45:01,2026-07-02T10:56:57,1
25f161b33e27,1,Radu Beller,Oprire ACC,2026-07-02T07:45:01,2026-07-02T07:45:01,2026-07-02T10:56:57,1
ef998b6544b0,1,5 Aviatiei,Oprire ACC,2026-07-02T07:45:01,2026-07-02T07:45:01,2026-07-02T10:56:57,1
a1d570955fe0,1,3 P-Ţa Victoriei,Oprire ACC,2026-07-02T07:45:01,2026-07-03T23:52:51,2026-07-04T06:58:35,19
d4367cf24855,1,Beller Bitolia,Oprire ACC,2026-07-02T07:45:01,2026-07-02T07:45:01,2026-07-02T10:56:57,1
fc0bfeb784c6,2,2 Stefan cel Mare,Oprire ACC,2026-07-02T07:45:01,2026-07-02T19:47:22,2026-07-02T21:21:48,5
0ee2239569a7,2,Modul Bl. 6 Stefan cel Mare,Oprire ACC,2026-07-02T07:45:01,2026-07-02T19:47:22,2026-07-02T21:21:48,5
dce768bbecae,3,2 Călăraşi,Oprire ACC,2026-07-02T10:56:57,2026-07-02T15:31:02,2026-07-02T17:57:31,2
c604e7e0d9bc,3,14 Foișor,Oprire ACC,2026-07-02T10:56:57,2026-07-02T10:56:57,2026-07-02T15:31:02,1
b1d0b97e24ae,3,E6,Oprire ACC,2026-07-02T10:56:57,2026-07-02T10:56:57,2026-07-02T15:31:02,1
75619aa5c9e0,6,SC 2/3 - MODULE TERMICE - Partial,Oprire ACC,2026-07-02T10:56:57,2026-07-02T10:56:57,2026-07-02T15:31:02,1
bd842212f044,6,3 Dreptății - Partial,Oprire ACC,2026-07-02T10:56:57,2026-07-02T10:56:57,2026-07-02T15:31:02,1
db2058c292d3,6,MILITARI - 3 Placare - Partial,Oprire ACC,2026-07-02T10:56:57,2026-07-02T10:56:57,2026-07-02T15:31:02,1
f65e61304334,6,SC 14,Oprire ACC,2026-07-02T10:56:57,2026-07-02T10:56:57,2026-07-02T15:31:02,1
77f027c1c947,2,5 Lacul Tei - Partial,Oprire ACC,2026-07-02T21:21:48,2026-07-04T06:58:35,2026-07-04T09:46:25,15
959f6c206997,5,11 Margeanului,Deficienta ACC,2026-07-03T01:17:04,2026-07-03T07:57:27,2026-07-03T11:06:23,3
a8d71efa45e4,5,10 Margeanului,Deficienta ACC,2026-07-03T01:17:04,2026-07-03T07:57:27,2026-07-03T11:06:23,3
5c0db7f39fc3,1,1 Aviatiei,Deficienta ACC,2026-07-03T11:06:23,2026-07-03T11:06:23,2026-07-03T13:48:34,1
1c0d0b45699e,1,Radu Beller,Deficienta ACC,2026-07-03T11:06:23,2026-07-03T11:06:23,2026-07-03T13:48:34,1
5cf6afa25fe7,2,17-18 Petricani,Deficienta ACC,2026-07-03T11:06:23,2026-07-03T11:06:23,2026-07-03T13:48:34,1
8e467eafa99f,3,SC.1Baba Novac - Partial,Oprire ACC,2026-07-03T11:06:23,2026-07-03T11:06:23,2026-07-03T13:48:34,1
cfdeeeee3ca7,5,2 Drumul Sarii,Oprire ACC,2026-07-03T11:06:23,2026-07-03T11:06:23,2026-07-03T13:48:34,1
6d06d785cfda,6,Razoare,Oprire ACC,2026-07-03T11:06:23,2026-07-03T15:51:16,2026-07-03T18:01:13,3
c7ca5828fc16,6,Prunaru,Oprire ACC,2026-07-03T11:06:23,2026-07-03T11:06:23,2026-07-03T13:48:34,1
26f0412178e4,3,9 Placare-T,Oprire ACC,2026-07-03T13:48:34,2026-07-03T18:01:13,2026-07-03T19:43:43,3
aead8184a97a,3,12 Foișor,Oprire ACC,2026-07-03T13:48:34,2026-07-03T13:48:34,2026-07-03T15:51:16,1
c19d0032e96e,4,2 Oltenitei,Deficienta ACC,2026-07-03T13:48:34,2026-07-03T15:51:16,2026-07-03T18:01:13,2
0e9a089fce62,4,2 Serban Voda,Deficienta ACC,2026-07-03T13:48:34,2026-07-04T18:19:50,2026-07-04T19:30:20,14
90bd00d1a32f,4,1 Oltenita Placare,Deficienta ACC,2026-07-03T13:48:34,2026-07-03T15:51:16,2026-07-03T18:01:13,2
2353aa9f5cad,4,1 Serban Voda,Deficienta ACC,2026-07-03T13:48:34,2026-07-05T08:28:59,2026-07-05T11:25:20,18
810bcb22e8ef,4,Pieptanari,Deficienta ACC,2026-07-03T13:48:34,2026-07-03T22:45:59,2026-07-03T23:52:51,6
5592ccc6d972,5,Intrarea Drumul Taberei - Partial,Oprire ACC,2026-07-03T13:48:34,2026-07-03T13:48:34,2026-07-03T15:51:16,1
b1ac667ba5d1,6,1 Roșu,Deficienta ACC,2026-07-03T13:48:34,2026-07-03T13:48:34,2026-07-03T15:51:16,1
42f5c36345e9,6,11 Mărgelelor,Deficienta ACC,2026-07-03T13:48:34,2026-07-03T13:48:34,2026-07-03T15:51:16,1
ea21e0ff7cee,6,14 Păcii,Deficienta ACC,2026-07-03T13:48:34,2026-07-03T13:48:34,2026-07-03T15:51:16,1
696cfda51512,6,1 Veteranilor,Deficienta ACC,2026-07-03T13:48:34,2026-07-03T13:48:34,2026-07-03T15:51:16,1
719a9048ac93,6,2 Îndesirii,Deficienta ACC,2026-07-03T13:48:34,2026-07-03T13:48:34,2026-07-03T15:51:16,1
3194daf0410f,6,11 Liniei,Deficienta ACC,2026-07-03T13:48:34,2026-07-03T13:48:34,2026-07-03T15:51:16,1
f7633e9282c7,6,MILITARI - 4 Placare,Deficienta ACC,2026-07-03T13:48:34,2026-07-03T13:48:34,2026-07-03T15:51:16,1
3f007bb33d42,6,5 Desișului,Deficienta ACC,2026-07-03T13:48:34,2026-07-03T13:48:34,2026-07-03T15:51:16,1
ac1282f39ebc,6,10 Liniei,Deficienta ACC,2026-07-03T13:48:34,2026-07-03T13:48:34,2026-07-03T15:51:16,1
2eea835f866d,6,MILITARI - 9 Placare,Deficienta ACC,2026-07-03T13:48:34,2026-07-03T13:48:34,2026-07-03T15:51:16,1
43f91939b5fe,6,MILITARI - 8 Placare,Deficienta ACC,2026-07-03T13:48:34,2026-07-03T13:48:34,2026-07-03T15:51:16,1
13222366dec7,6,12 Maratonului,Deficienta ACC,2026-07-03T13:48:34,2026-07-03T13:48:34,2026-07-03T15:51:16,1
6a2d7381e455,6,MILITARI - 1 Placare,Deficienta ACC,2026-07-03T13:48:34,2026-07-03T13:48:34,2026-07-03T15:51:16,1
7a60ae1e0095,6,10 Aragonitului,Deficienta ACC,2026-07-03T13:48:34,2026-07-03T13:48:34,2026-07-03T15:51:16,1
2462f552bbaf,6,MILITARI - 7 Placare,Deficienta ACC,2026-07-03T13:48:34,2026-07-03T13:48:34,2026-07-03T15:51:16,1
c95b626a0b66,1,1 Aviatiei,Deficienta ACC,2026-07-03T18:01:13,2026-07-04T23:43:06,2026-07-05T08:28:59,15
03a365636ee1,1,6 Aviatiei,Deficienta ACC,2026-07-03T18:01:13,2026-07-04T23:43:06,2026-07-05T08:28:59,15
c86543b5e605,1,13-1 Mai,Deficienta ACC,2026-07-03T18:01:13,2026-07-03T18:01:13,2026-07-03T19:43:43,1
d109780cd58b,4,1 Stoian Militaru - Partial,Oprire ACC,2026-07-03T18:01:13,2026-07-03T19:43:43,2026-07-03T21:01:34,2
b96761f013c5,4,1 Stoian Militaru,Deficienta ACC,2026-07-03T18:01:13,2026-07-03T22:45:59,2026-07-03T23:52:51,4
548c41f2a3cc,6,SC 6/2 - MODULE TERMICE - Partial,Oprire ACC,2026-07-03T18:01:13,2026-07-07T18:49:33,2026-07-07T20:51:30,39
9d70e9c2af6c,4,Sabaoani,Deficienta ACC,2026-07-03T19:43:43,2026-07-03T22:45:59,2026-07-03T23:52:51,3
9c266c9efe71,4,17 Dolhasca,Deficienta ACC,2026-07-03T19:43:43,2026-07-03T22:45:59,2026-07-03T23:52:51,3
d48949453317,1,5 Aviatiei,Deficienta ACC,2026-07-03T21:01:34,2026-07-04T23:43:06,2026-07-05T08:28:59,13
5076330fd0a2,6,MILITARI - 3 Placare,Deficienta ACC,2026-07-03T22:45:59,2026-07-03T22:45:59,2026-07-03T23:52:51,1
2a5b4bb97a23,6,13 Liniei,Deficienta ACC,2026-07-03T22:45:59,2026-07-03T22:45:59,2026-07-03T23:52:51,1
7c04c47c70f6,6,MILITARI - 5A Placare,Deficienta ACC,2026-07-03T22:45:59,2026-07-03T22:45:59,2026-07-03T23:52:51,1
857da1760542,6,MILITARI - 3A Placare,Deficienta ACC,2026-07-03T22:45:59,2026-07-03T22:45:59,2026-07-03T23:52:51,1
1bd8c57859cf,6,MILITARI - 5 Placare,Deficienta ACC,2026-07-03T22:45:59,2026-07-03T22:45:59,2026-07-03T23:52:51,1
7fbda9ff1423,1,2 P-ta Victoriei,Deficienta ACC,2026-07-04T06:58:35,2026-07-04T06:58:35,2026-07-04T09:46:25,1
77a042679274,1,4 Aviatiei,Deficienta ACC,2026-07-04T06:58:35,2026-07-04T23:43:06,2026-07-05T08:28:59,10
f25b5864163b,1,Atelier Vicarb,Deficienta ACC,2026-07-04T06:58:35,2026-07-04T06:58:35,2026-07-04T09:46:25,1
c8712d34367c,1,2 Ilie Pintilie,Deficienta ACC,2026-07-04T06:58:35,2026-07-04T23:43:06,2026-07-05T08:28:59,10
a74af75affda,1,3 P-Ţa Victoriei,Deficienta ACC,2026-07-04T06:58:35,2026-07-04T06:58:35,2026-07-04T09:46:25,1
15031654bf34,4,4 Oltenita Placare,Deficienta ACC,2026-07-04T06:58:35,2026-07-04T09:46:25,2026-07-04T12:13:45,2
00d5ff585585,4,Sabaoani,Deficienta ACC,2026-07-04T06:58:35,2026-07-04T18:19:50,2026-07-04T19:30:20,7
b80f4c4b5c63,4,Posta,Deficienta ACC,2026-07-04T06:58:35,2026-07-04T09:46:25,2026-07-04T12:13:45,2
138993e7982d,4,1 Stoian Militaru,Deficienta ACC,2026-07-04T06:58:35,2026-07-04T22:51:38,2026-07-04T23:43:06,9
cb912ca8ee28,4,3 Oltenita Placare,Deficienta ACC,2026-07-04T06:58:35,2026-07-04T09:46:25,2026-07-04T12:13:45,2
b1fe6150d16d,4,Pieptanari,Deficienta ACC,2026-07-04T06:58:35,2026-07-04T09:46:25,2026-07-04T12:13:45,2
a314eca7b4a5,4,3 Nitu Vasile,Deficienta ACC,2026-07-04T06:58:35,2026-07-04T22:51:38,2026-07-04T23:43:06,9
36518159a234,1,2 Aviatiei,Deficienta ACC,2026-07-04T09:46:25,2026-07-04T23:43:06,2026-07-05T08:28:59,9
821e5e9f1fcd,1,Radu Beller,Deficienta ACC,2026-07-04T09:46:25,2026-07-04T23:43:06,2026-07-05T08:28:59,9
dae900126bbf,6,MILITARI - 3 Placare,Deficienta ACC,2026-07-04T09:46:25,2026-07-04T14:00:20,2026-07-04T15:15:57,3
790ddc3f073e,6,13 Liniei,Deficienta ACC,2026-07-04T09:46:25,2026-07-04T14:00:20,2026-07-04T15:15:57,3
50330f2f3d8d,6,MILITARI - 5A Placare,Deficienta ACC,2026-07-04T09:46:25,2026-07-04T23:43:06,2026-07-05T08:28:59,9
363a4b52bd37,6,MILITARI - 3A Placare,Deficienta ACC,2026-07-04T09:46:25,2026-07-04T14:00:20,2026-07-04T15:15:57,3
8be8feaf2995,6,MILITARI - 5 Placare,Deficienta ACC,2026-07-04T09:46:25,2026-07-04T23:43:06,2026-07-05T08:28:59,9
d2b2b62d0db1,3,SC.1Baba Novac,Deficienta ACC,2026-07-04T12:13:45,2026-07-04T19:30:20,2026-07-04T22:51:38,6
ead49cf837cf,4,Ct Marasesti 9-10 - Partial,Oprire ACC,2026-07-04T12:13:45,2026-07-04T14:00:20,2026-07-04T15:15:57,2
8bff647e1dbf,1,3 Aviatiei,Deficienta ACC,2026-07-04T14:00:20,2026-07-04T23:43:06,2026-07-05T08:28:59,7
97859018d5e9,2,Chiristigii,Oprire ACC,2026-07-04T15:15:57,2026-07-06T07:39:21,2026-07-06T11:49:11,18
ad5455663e5d,6,2 Crivina - Partial,Oprire ACC,2026-07-04T15:15:57,2026-07-04T15:15:57,2026-07-04T17:06:06,1
5d6e754887bf,6,MILITARI - 3 Placare,Deficienta ACC,2026-07-04T18:19:50,2026-07-04T22:51:38,2026-07-04T23:43:06,3
b5d7c41f12c9,1,1 Aviatiei,Deficienta ACC,2026-07-05T13:34:57,2026-07-06T01:00:06,2026-07-06T07:39:21,9
1188030ded2c,1,4 Aviatiei,Deficienta ACC,2026-07-05T13:34:57,2026-07-06T01:00:06,2026-07-06T07:39:21,9
2bfd85c367f5,1,3 Aviatiei,Deficienta ACC,2026-07-05T13:34:57,2026-07-06T01:00:06,2026-07-06T07:39:21,9
175c09a2795b,1,2 Aviatiei,Deficienta ACC,2026-07-05T13:34:57,2026-07-06T01:00:06,2026-07-06T07:39:21,9
c17aa1094081,1,Radu Beller,Deficienta ACC,2026-07-05T13:34:57,2026-07-06T11:49:11,2026-07-06T15:36:08,11
f566c9ef49cc,6,MILITARI - 3 Placare,Deficienta ACC,2026-07-05T13:34:57,2026-07-06T07:39:21,2026-07-06T11:49:11,10
e4107f0aab30,6,MILITARI - 5A Placare,Deficienta ACC,2026-07-05T13:34:57,2026-07-06T11:49:11,2026-07-06T15:36:08,11
3f4a9f24c2e3,6,MILITARI - 5 Placare,Deficienta ACC,2026-07-05T13:34:57,2026-07-06T11:49:11,2026-07-06T15:36:08,11
098969577bd4,4,1 Stoian Militaru,Deficienta ACC,2026-07-05T15:02:35,2026-07-05T22:58:14,2026-07-05T23:58:14,6
3f274586a718,4,3 Nitu Vasile,Deficienta ACC,2026-07-05T15:02:35,2026-07-05T22:58:14,2026-07-05T23:58:14,6
9e4cf5bf1017,6,12/4,Deficienta ACC,2026-07-05T17:06:00,2026-07-05T23:58:14,2026-07-06T01:00:06,6
bb7161821176,2,1 Teiul Doamnei,Deficienta ACC,2026-07-05T18:35:36,2026-07-05T18:35:36,2026-07-05T20:43:07,1
4d21e999271f,6,4/10,Deficienta ACC,2026-07-05T20:43:07,2026-07-05T23:58:14,2026-07-06T01:00:06,4
52b5551d5c84,6,5/5,Deficienta ACC,2026-07-05T20:43:07,2026-07-05T23:58:14,2026-07-06T01:00:06,4
47bef3d58274,6,3/6,Deficienta ACC,2026-07-05T20:43:07,2026-07-05T23:58:14,2026-07-06T01:00:06,4
37080e7f6e30,6,2/8,Deficienta ACC,2026-07-05T20:43:07,2026-07-05T23:58:14,2026-07-06T01:00:06,4
ad5b27b14605,6,9/4,Deficienta ACC,2026-07-05T20:43:07,2026-07-05T23:58:14,2026-07-06T01:00:06,4
c08d06eacf16,6,8/5,Deficienta ACC,2026-07-05T20:43:07,2026-07-05T23:58:14,2026-07-06T01:00:06,4
fbe4422e30ab,6,NEFAMILISTI,Deficienta ACC,2026-07-05T20:43:07,2026-07-05T23:58:14,2026-07-06T01:00:06,4
7a9a41997ae7,6,6/8,Deficienta ACC,2026-07-05T20:43:07,2026-07-05T23:58:14,2026-07-06T01:00:06,4
efec6c5ba933,6,4/8,Deficienta ACC,2026-07-05T20:43:07,2026-07-05T23:58:14,2026-07-06T01:00:06,4
027aeb137a79,6,7/5,Deficienta ACC,2026-07-05T20:43:07,2026-07-05T23:58:14,2026-07-06T01:00:06,4
f7b76218bda1,6,13 Liniei,Deficienta ACC,2026-07-05T20:43:07,2026-07-06T07:39:21,2026-07-06T11:49:11,6
2fdb65c13780,6,MILITARI - 3A Placare,Deficienta ACC,2026-07-05T20:43:07,2026-07-06T07:39:21,2026-07-06T11:49:11,6
d77e1bb77a4a,4,2 Zona V,Deficienta ACC,2026-07-05T21:44:30,2026-07-05T22:58:14,2026-07-05T23:58:14,2
d79d0ada5e11,4,4 Oltenita Placare,Deficienta ACC,2026-07-05T21:44:30,2026-07-05T22:58:14,2026-07-05T23:58:14,2
f5b3b791c9ce,4,2 Stoian Militaru,Deficienta ACC,2026-07-05T21:44:30,2026-07-05T22:58:14,2026-07-05T23:58:14,2
c5c2d119b9cd,4,5 Brancoveanu,Deficienta ACC,2026-07-05T21:44:30,2026-07-05T22:58:14,2026-07-05T23:58:14,2
49071eb142d2,4,3 Zona II,Deficienta ACC,2026-07-05T21:44:30,2026-07-05T22:58:14,2026-07-05T23:58:14,2
d70ced7611ef,4,6 Brancoveanu,Deficienta ACC,2026-07-05T21:44:30,2026-07-05T22:58:14,2026-07-05T23:58:14,2
eece62ac1fa0,4,1 Zona V,Deficienta ACC,2026-07-05T21:44:30,2026-07-05T22:58:14,2026-07-05T23:58:14,2
80d6c74633a2,1,2 Ilie Pintilie,Deficienta ACC,2026-07-05T22:58:14,2026-07-06T01:00:06,2026-07-06T07:39:21,3
9d41889486a3,1,6 Aviatiei,Deficienta ACC,2026-07-05T22:58:14,2026-07-06T01:00:06,2026-07-06T07:39:21,3
09d6181ad603,1,5 Aviatiei,Deficienta ACC,2026-07-05T22:58:14,2026-07-06T01:00:06,2026-07-06T07:39:21,3
0229464aeb60,4,2 Oltenita Placare,Deficienta ACC,2026-07-05T22:58:14,2026-07-05T22:58:14,2026-07-05T23:58:14,1
6b952fc19350,4,Metalurgiei,Deficienta ACC,2026-07-06T07:39:21,2026-07-06T07:39:21,2026-07-06T11:49:11,1
78498a4b47ff,4,4 Oltenita Placare,Deficienta ACC,2026-07-06T07:39:21,2026-07-06T07:39:21,2026-07-06T11:49:11,1
7a2bbdd5bc82,4,9 Brâncoveanu,Deficienta ACC,2026-07-06T07:39:21,2026-07-06T07:39:21,2026-07-06T11:49:11,1
bf6d41e3679d,4,2 Oltenita Placare,Deficienta ACC,2026-07-06T07:39:21,2026-07-06T07:39:21,2026-07-06T11:49:11,1
d181d1797cfb,4,1 Stoian Militaru,Deficienta ACC,2026-07-06T07:39:21,2026-07-06T23:19:33,2026-07-07T00:52:11,6
c9f995f723cb,4,3 Oltenita Placare,Deficienta ACC,2026-07-06T07:39:21,2026-07-06T07:39:21,2026-07-06T11:49:11,1
6fee7ebb0e88,4,6 Brancoveanu,Deficienta ACC,2026-07-06T07:39:21,2026-07-06T07:39:21,2026-07-06T11:49:11,1
869a60fff41e,4,3 Nitu Vasile,Deficienta ACC,2026-07-06T07:39:21,2026-07-06T07:39:21,2026-07-06T11:49:11,1
aa3f1de5c7de,1,2 Prefabricate,Oprire ACC,2026-07-06T11:49:11,2026-07-08T00:09:41,2026-07-08T02:26:55,15
4f5820ed1cb1,1,6 ACM,Oprire ACC,2026-07-06T11:49:11,2026-07-08T00:09:41,2026-07-08T02:26:55,15
a116932e9cd2,1,Ct Baneasa 1 - Partial,Oprire ACC,2026-07-06T11:49:11,2026-07-06T11:49:11,2026-07-06T15:36:08,1
bba09ce41f3e,1,3 Dinicu Golescu,Oprire ACC,2026-07-06T11:49:11,2026-07-07T18:49:33,2026-07-07T20:51:30,12
ea43086a94d9,1,Garnizoana,Oprire ACC,2026-07-06T11:49:11,2026-07-07T18:49:33,2026-07-07T20:51:30,12
ca6b5aeb5e35,1,1 Aviatiei,Deficienta ACC,2026-07-06T11:49:11,2026-07-06T11:49:11,2026-07-06T15:36:08,1
66b31ae5dd99,1,4 Aviatiei,Deficienta ACC,2026-07-06T11:49:11,2026-07-06T11:49:11,2026-07-06T15:36:08,1
1538faf35cf8,1,3 Aviatiei,Deficienta ACC,2026-07-06T11:49:11,2026-07-06T11:49:11,2026-07-06T15:36:08,1
9c9e7725a445,1,2 Aviatiei,Deficienta ACC,2026-07-06T11:49:11,2026-07-06T11:49:11,2026-07-06T15:36:08,1
a91d461dafd4,1,6 Aviatiei,Deficienta ACC,2026-07-06T11:49:11,2026-07-06T11:49:11,2026-07-06T15:36:08,1
7f793cf7eec6,1,5 Aviatiei,Deficienta ACC,2026-07-06T11:49:11,2026-07-06T11:49:11,2026-07-06T15:36:08,1
9c1316a7a392,2,U2 Avrig,Oprire ACC,2026-07-06T11:49:11,2026-07-08T09:37:32,2026-07-08T12:11:41,17
6ccbf617b613,2,U1 Avrig,Oprire ACC,2026-07-06T11:49:11,2026-07-08T09:37:32,2026-07-08T12:11:41,17
cd94764f9c9c,2,4 Colentina Socului - Partial,Oprire ACC,2026-07-06T11:49:11,2026-07-06T11:49:11,2026-07-06T15:36:08,1
74399ceb7104,2,7 IRTA,Oprire ACC,2026-07-06T11:49:11,2026-07-14T23:20:42,2026-07-15T02:24:50,64
c62470372f20,2,7 Colentina,Oprire ACC,2026-07-06T11:49:11,2026-07-14T23:20:42,2026-07-15T02:24:50,64
381abfde3e6b,2,1 Teiul Doamnei,Oprire ACC,2026-07-06T11:49:11,2026-07-14T23:20:42,2026-07-15T02:24:50,64
7341b9ba8695,2,2 Teiul Doamnei,Oprire ACC,2026-07-06T11:49:11,2026-07-14T23:20:42,2026-07-15T02:24:50,64
c1a38dc9a297,2,4 Colentina,Oprire ACC,2026-07-06T11:49:11,2026-07-14T23:20:42,2026-07-15T02:24:50,64
30c2b2b10100,2,5 Colentina,Oprire ACC,2026-07-06T11:49:11,2026-07-14T23:20:42,2026-07-15T02:24:50,64
a575d50419a6,2,23 Baicului,Oprire ACC,2026-07-06T11:49:11,2026-07-06T11:49:11,2026-07-06T15:36:08,1
648d565a1d20,3,SC.1Baba Novac - Partial,Oprire ACC,2026-07-06T11:49:11,2026-07-06T15:36:08,2026-07-06T19:04:50,2
367afd8119c9,3,3 Mărăşeşti,Oprire ACC,2026-07-06T11:49:11,2026-07-06T11:49:11,2026-07-06T15:36:08,1
81b50a2d95c8,3,2 Călăraşi,Oprire ACC,2026-07-06T11:49:11,2026-07-06T11:49:11,2026-07-06T15:36:08,1
49774d80885d,3,1 Vitan,Oprire ACC,2026-07-06T11:49:11,2026-07-06T11:49:11,2026-07-06T15:36:08,1
a03d45119b07,4,2 Stoian Militaru,Deficienta ACC,2026-07-06T11:49:11,2026-07-06T23:19:33,2026-07-07T00:52:11,5
d3082cd1422a,5,VSNord - Partial,Oprire ACC,2026-07-06T11:49:11,2026-07-06T19:04:50,2026-07-06T21:19:46,3
496f0e969b04,5,2 Alexandria,Oprire ACC,2026-07-06T11:49:11,2026-07-08T18:16:19,2026-07-08T19:54:22,21
67a04c92f6b8,5,1 Alexandria,Oprire ACC,2026-07-06T11:49:11,2026-07-08T18:16:19,2026-07-08T19:54:22,21
a927557fa029,5,7 Margeanului,Oprire ACC,2026-07-06T11:49:11,2026-07-08T18:16:19,2026-07-08T19:54:22,21
6316a7cdd48c,5,Teiuş,Oprire ACC,2026-07-06T11:49:11,2026-07-08T18:16:19,2026-07-08T19:54:22,21
56247c92d455,5,5 Margeanului,Oprire ACC,2026-07-06T11:49:11,2026-07-08T18:16:19,2026-07-08T19:54:22,21
5b54c6ed0c5d,5,9 Margeanului,Oprire ACC,2026-07-06T11:49:11,2026-07-08T18:16:19,2026-07-08T19:54:22,21
99b356cfc885,5,Soldat Croitoru,Oprire ACC,2026-07-06T11:49:11,2026-07-08T18:16:19,2026-07-08T19:54:22,21
930bd4d68e79,5,8 Alexandria,Oprire ACC,2026-07-06T11:49:11,2026-07-10T15:40:18,2026-07-10T18:18:11,37
33c9930af13d,5,Garoafei,Oprire ACC,2026-07-06T11:49:11,2026-07-08T18:16:19,2026-07-08T19:54:22,21
fb02cb016a3a,5,8 Margeanului,Oprire ACC,2026-07-06T11:49:11,2026-07-08T18:16:19,2026-07-08T19:54:22,21
a477cd64b0d4,5,6 Margeanului,Oprire ACC,2026-07-06T11:49:11,2026-07-08T18:16:19,2026-07-08T19:54:22,21
5d96e0949536,5,103A,Oprire ACC,2026-07-06T11:49:11,2026-07-06T11:49:11,2026-07-06T15:36:08,1
6738f1771f3c,6,1 Uverturii,Oprire ACC,2026-07-06T11:49:11,2026-07-06T11:49:11,2026-07-06T15:36:08,1
a4eded04fd13,6,SC 3/3 -MODULE TERMICE - Partial,Oprire ACC,2026-07-06T11:49:11,2026-07-06T11:49:11,2026-07-06T15:36:08,1
0a7b186ac440,6,4/7,Oprire ACC,2026-07-06T11:49:11,2026-07-06T15:36:08,2026-07-06T19:04:50,2
2cdd3d86842d,4,4 Oltenita Placare,Deficienta ACC,2026-07-06T15:36:08,2026-07-06T23:19:33,2026-07-07T00:52:11,4
cc308fd62fcf,4,2 Oltenita Placare,Deficienta ACC,2026-07-06T15:36:08,2026-07-06T23:19:33,2026-07-07T00:52:11,4
97e70804d72e,4,2 Giurgiu,Deficienta ACC,2026-07-06T15:36:08,2026-07-06T19:04:50,2026-07-06T21:19:46,2
e4c302adb882,6,Loc ICPB,Oprire ACC,2026-07-06T15:36:08,2026-07-08T15:57:02,2026-07-08T18:16:19,19
ce39b339bf7e,1,Club Steaua,Oprire ACC,2026-07-06T19:04:50,2026-07-06T19:04:50,2026-07-06T21:19:46,1
8196b8209b36,1,Spitalul Militar Central,Oprire ACC,2026-07-06T19:04:50,2026-07-06T19:04:50,2026-07-06T21:19:46,1
9eb5ae166b5d,1,B Dinicu Golescu,Oprire ACC,2026-07-06T19:04:50,2026-07-06T19:04:50,2026-07-06T21:19:46,1
9ee6634e42d3,1,Muzeul Militar,Oprire ACC,2026-07-06T19:04:50,2026-07-06T19:04:50,2026-07-06T21:19:46,1
486882acb292,4,2 Nitu Vasile,Deficienta ACC,2026-07-06T21:19:46,2026-07-06T23:19:33,2026-07-07T00:52:11,2
aee5d8c40379,4,Urziceni,Deficienta ACC,2026-07-06T21:19:46,2026-07-06T23:19:33,2026-07-07T00:52:11,2
9c7e0dde9c45,4,6 Brancoveanu,Deficienta ACC,2026-07-06T21:19:46,2026-07-06T23:19:33,2026-07-07T00:52:11,2
872cbdf0a27f,4,Pieptanari,Deficienta ACC,2026-07-06T21:19:46,2026-07-06T23:19:33,2026-07-07T00:52:11,2
559f8056043e,4,3 Nitu Vasile,Deficienta ACC,2026-07-06T21:19:46,2026-07-06T23:19:33,2026-07-07T00:52:11,2
bfb8a7e42ba2,6,SC 5/2 - MODULE TERMICE - Partial,Oprire ACC,2026-07-06T21:19:46,2026-07-07T18:49:33,2026-07-07T20:51:30,9
58e83d1c302f,1,Ct Luterana,Oprire ACC,2026-07-07T10:52:28,2026-07-07T13:45:33,2026-07-07T16:10:43,2
cbf7484025f2,1,3 Turda,Oprire ACC,2026-07-07T10:52:28,2026-07-07T10:52:28,2026-07-07T13:45:33,1
55f89753be2a,2,ICB,Oprire ACC,2026-07-07T10:52:28,2026-07-10T15:40:18,2026-07-10T18:18:11,29
3f930b047118,2,5 Lacul Tei,Oprire ACC,2026-07-07T10:52:28,2026-07-10T15:40:18,2026-07-10T18:18:11,29
594a1ca49181,2,17-18 Petricani,Oprire ACC,2026-07-07T10:52:28,2026-07-08T14:15:40,2026-07-08T15:57:02,11
3dd2d482bb1b,2,Ct B1 Dimitrov,Oprire ACC,2026-07-07T10:52:28,2026-07-07T10:52:28,2026-07-07T13:45:33,1
97660d43b393,2,H1 Victor Manu,Oprire ACC,2026-07-07T10:52:28,2026-07-08T14:15:40,2026-07-08T15:57:02,11
d939ed9cd1b0,2,Vila 71A,Oprire ACC,2026-07-07T10:52:28,2026-07-08T14:15:40,2026-07-08T15:57:02,11
f7b3c77c3988,2,E2 Vatra Luminoasa,Oprire ACC,2026-07-07T10:52:28,2026-07-08T14:15:40,2026-07-08T15:57:02,11
c299cc85216f,2,C1 Vatra Luminoasa,Oprire ACC,2026-07-07T10:52:28,2026-07-08T14:15:40,2026-07-08T15:57:02,11
04867541cb85,2,6 Pantelimon,Oprire ACC,2026-07-07T10:52:28,2026-07-07T13:45:33,2026-07-07T16:10:43,2
938592693304,2,7 Doamna Ghica,Oprire ACC,2026-07-07T10:52:28,2026-07-07T13:45:33,2026-07-07T16:10:43,2
f702581c2e14,2,3 Petricani - Partial,Oprire ACC,2026-07-07T10:52:28,2026-07-07T10:52:28,2026-07-07T13:45:33,1
ee56138f2169,3,1 C5/1,Oprire ACC,2026-07-07T10:52:28,2026-07-08T19:54:22,2026-07-08T21:12:38,14
8dc89648c65c,3,4Placare-T - Partial,Oprire ACC,2026-07-07T10:52:28,2026-07-07T10:52:28,2026-07-07T13:45:33,1
b4f92c7670d6,3,2 Placare-T,Oprire ACC,2026-07-07T10:52:28,2026-07-07T10:52:28,2026-07-07T13:45:33,1
1426e2cb2b19,3,6Placare-T - Partial,Oprire ACC,2026-07-07T10:52:28,2026-07-07T10:52:28,2026-07-07T13:45:33,1
4ac3f196e4b7,3,SC.6C3/2 - Module Termice - Partial,Oprire ACC,2026-07-07T10:52:28,2026-07-07T10:52:28,2026-07-07T13:45:33,1
0cf326d649e1,3,SC.1Baba Novac - Partial,Oprire ACC,2026-07-07T10:52:28,2026-07-07T16:10:43,2026-07-07T18:49:33,3
20faf66652bf,5,Vicina - Partial,Oprire ACC,2026-07-07T10:52:28,2026-07-07T10:52:28,2026-07-07T13:45:33,1
4bffb9ad3ed2,5,6 Rahova - Partial,Oprire ACC,2026-07-07T10:52:28,2026-07-07T10:52:28,2026-07-07T13:45:33,1
9e2c814febb8,5,2 din 13 Septembrie,Oprire ACC,2026-07-07T10:52:28,2026-07-08T18:16:19,2026-07-08T19:54:22,13
36f1df8ea8fd,6,6 Roșia Montană,Oprire ACC,2026-07-07T10:52:28,2026-07-07T10:52:28,2026-07-07T13:45:33,1
1312144213f2,6,1 Crivina,Oprire ACC,2026-07-07T10:52:28,2026-07-07T10:52:28,2026-07-07T13:45:33,1
3eb9133039a7,6,6/8,Oprire ACC,2026-07-07T10:52:28,2026-07-07T13:45:33,2026-07-07T16:10:43,2
b1636e0a7c34,6,2 Veteranilor - Partial,Oprire ACC,2026-07-07T10:52:28,2026-07-07T10:52:28,2026-07-07T13:45:33,1
ed77e57986ac,6,10 Aragonitului,Oprire ACC,2026-07-07T10:52:28,2026-07-07T10:52:28,2026-07-07T13:45:33,1
e0cf74eae5e5,2,29 Stefan cel Mare,Oprire ACC,2026-07-07T13:45:33,2026-07-07T13:45:33,2026-07-07T16:10:43,1
177b3d581659,2,3 Petricani,Oprire ACC,2026-07-07T13:45:33,2026-07-07T13:45:33,2026-07-07T16:10:43,1
00c6cbd962a0,3,21 Foișor,Oprire ACC,2026-07-07T13:45:33,2026-07-09T11:46:12,2026-07-09T14:33:16,18
375f1c0bf71b,4,2 Nitu Vasile - Partial,Oprire ACC,2026-07-07T13:45:33,2026-07-07T18:49:33,2026-07-07T20:51:30,3
c9f90905fe10,4,2 Vacaresti,Oprire ACC,2026-07-07T13:45:33,2026-07-09T21:24:31,2026-07-09T23:14:26,22
61b5fe89e9fa,5,Ct Scoala Ferentari,Oprire ACC,2026-07-07T13:45:33,2026-07-07T13:45:33,2026-07-07T16:10:43,1
401f3b790e7e,2,6 Colentina,Oprire ACC,2026-07-07T16:10:43,2026-07-09T17:13:23,2026-07-09T19:40:19,19
f60b14a53dad,4,1 Stoian Militaru - Partial,Oprire ACC,2026-07-07T18:49:33,2026-07-07T20:51:30,2026-07-07T22:41:30,2
ec9719737976,4,3 Berceni Oltenița,Oprire ACC,2026-07-07T18:49:33,2026-07-07T18:49:33,2026-07-07T20:51:30,1
868d98d15ebd,5,Turnescu,Oprire ACC,2026-07-07T18:49:33,2026-07-16T18:13:27,2026-07-16T19:47:01,71
2e1da5bca943,5,Marinescu,Oprire ACC,2026-07-07T18:49:33,2026-07-16T17:18:02,2026-07-16T17:51:39,69
8e3c3ffd06ed,1,1 Aviatiei,Deficienta ACC,2026-07-07T22:41:30,2026-07-07T22:41:30,2026-07-08T00:09:41,1
7d3eac1c2c7f,1,4 Aviatiei,Deficienta ACC,2026-07-07T22:41:30,2026-07-07T22:41:30,2026-07-08T00:09:41,1
535eda94383b,1,3 Aviatiei,Deficienta ACC,2026-07-07T22:41:30,2026-07-07T22:41:30,2026-07-08T00:09:41,1
d232c224759d,1,2 Ilie Pintilie,Deficienta ACC,2026-07-07T22:41:30,2026-07-07T22:41:30,2026-07-08T00:09:41,1
b091801fa937,1,2 Aviatiei,Deficienta ACC,2026-07-07T22:41:30,2026-07-07T22:41:30,2026-07-08T00:09:41,1
b8bfc0d0c0c7,1,6 Aviatiei,Deficienta ACC,2026-07-07T22:41:30,2026-07-07T22:41:30,2026-07-08T00:09:41,1
40ccac518659,1,Radu Beller,Deficienta ACC,2026-07-07T22:41:30,2026-07-07T22:41:30,2026-07-08T00:09:41,1
fb01ac0f9e75,1,5 Aviatiei,Deficienta ACC,2026-07-07T22:41:30,2026-07-07T22:41:30,2026-07-08T00:09:41,1
46fb8d5d1c54,2,29 Stefan cel Mare,Oprire ACC,2026-07-08T09:37:32,2026-07-08T09:37:32,2026-07-08T12:11:41,1
b0eef1d4b9ff,2,5 Pantelimon,Oprire ACC,2026-07-08T09:37:32,2026-07-08T12:11:41,2026-07-08T14:15:40,2
5666f83cc870,3,1 Matei Ambrozie,Oprire ACC,2026-07-08T09:37:32,2026-07-08T15:57:02,2026-07-08T18:16:19,4
e1caee0d9738,3,8A,Oprire ACC,2026-07-08T09:37:32,2026-07-08T14:15:40,2026-07-08T15:57:02,3
04bb29ee0178,4,Palatul National al Copiilor,Oprire ACC,2026-07-08T09:37:32,2026-07-09T21:24:31,2026-07-09T23:14:26,15
b6c865a9424c,4,1 Vacaresti,Oprire ACC,2026-07-08T09:37:32,2026-07-09T21:24:31,2026-07-09T23:14:26,15
e13d6c5effb7,4,4 Tineretului,Oprire ACC,2026-07-08T09:37:32,2026-07-09T21:24:31,2026-07-09T23:14:26,15
8cf21c196b9b,5,103A,Oprire ACC,2026-07-08T09:37:32,2026-07-10T20:15:09,2026-07-10T21:45:37,23
b48334e933e8,5,2 Ferentari - Partial,Oprire ACC,2026-07-08T09:37:32,2026-07-08T12:11:41,2026-07-08T14:15:40,2
dd3c5dfc1946,6,1 Virtuții - Partial,Oprire ACC,2026-07-08T09:37:32,2026-07-08T12:11:41,2026-07-08T14:15:40,2
c528f178e170,6,1 Crivina - Partial,Oprire ACC,2026-07-08T09:37:32,2026-07-08T12:11:41,2026-07-08T14:15:40,2
bed3c275004c,1,Ct Dorobanti - Partial,Oprire ACC,2026-07-08T12:11:41,2026-07-08T14:15:40,2026-07-08T15:57:02,2
8707028a9c03,1,13-1 Mai,Oprire ACC,2026-07-08T12:11:41,2026-07-08T12:11:41,2026-07-08T14:15:40,1
420adf07d9f4,2,2 Iancului - Partial,Oprire ACC,2026-07-08T12:11:41,2026-07-08T14:15:40,2026-07-08T15:57:02,2
53697fdeebee,4,Propriu 2,Oprire ACC,2026-07-08T12:11:41,2026-07-08T12:11:41,2026-07-08T14:15:40,1
403bb6eb62c7,6,3/7 - Partial,Oprire ACC,2026-07-08T12:11:41,2026-07-08T12:11:41,2026-07-08T14:15:40,1
31b8b125758c,6,4/6 - Partial,Oprire ACC,2026-07-08T12:11:41,2026-07-08T14:15:40,2026-07-08T15:57:02,2
8b07cfc2162d,1,2 Prefabricate,Oprire ACC,2026-07-08T14:15:40,2026-07-11T12:55:00,2026-07-11T18:12:53,26
bb77de2435f5,1,6 ACM,Oprire ACC,2026-07-08T14:15:40,2026-07-11T12:55:00,2026-07-11T18:12:53,26
c643daa1e63e,3,7 Călăraşi,Oprire ACC,2026-07-08T15:57:02,2026-07-08T15:57:02,2026-07-08T18:16:19,1
94966d6028d1,4,2 Vifornita - Partial,Oprire ACC,2026-07-08T15:57:02,2026-07-08T21:12:38,2026-07-08T22:54:37,4
a86b637a3fa8,4,9 Brâncoveanu,Deficienta ACC,2026-07-08T18:16:19,2026-07-08T21:12:38,2026-07-08T22:54:37,3
d62efa361a96,4,3 Tineretului,Deficienta ACC,2026-07-08T18:16:19,2026-07-08T21:12:38,2026-07-08T22:54:37,3
179e0cc75114,4,Pieptanari,Deficienta ACC,2026-07-08T18:16:19,2026-07-08T21:12:38,2026-07-08T22:54:37,3
f8774845f09f,4,Plugarilor,Deficienta ACC,2026-07-08T19:54:22,2026-07-08T22:54:37,2026-07-09T01:00:55,3
e75e3a310fbf,4,3 Nitu Vasile,Deficienta ACC,2026-07-08T19:54:22,2026-07-08T21:12:38,2026-07-08T22:54:37,2
916a94142735,6,Ansamblul QUADRA PLACE I,Oprire ACC,2026-07-08T19:54:22,2026-07-09T21:24:31,2026-07-09T23:14:26,10
84cc6369bb40,6,Liceul Mircea Eliade,Oprire ACC,2026-07-08T19:54:22,2026-07-09T21:24:31,2026-07-09T23:14:26,10
0611f00fdbb7,4,Norilor,Deficienta ACC,2026-07-09T08:03:35,2026-07-09T08:03:35,2026-07-09T11:46:12,1
e7ea45b55532,1,146 Grivita,Oprire ACC,2026-07-09T11:46:12,2026-07-09T11:46:12,2026-07-09T14:33:16,1
216e00ac0bf5,2,H1 Victor Manu,Oprire ACC,2026-07-09T11:46:12,2026-07-09T17:13:23,2026-07-09T19:40:19,3
5fd241fd8e52,2,A2 Basarabia,Oprire ACC,2026-07-09T11:46:12,2026-07-09T11:46:12,2026-07-09T14:33:16,1
b64ed7c6e485,2,Judetului,Oprire ACC,2026-07-09T11:46:12,2026-07-09T11:46:12,2026-07-09T14:33:16,1
a71423f45535,3,1 Matei Ambrozie,Oprire ACC,2026-07-09T11:46:12,2026-07-09T17:13:23,2026-07-09T19:40:19,3
7a3e3a8a4179,3,SC.1Dudesti - Partial,Oprire ACC,2026-07-09T11:46:12,2026-07-09T11:46:12,2026-07-09T14:33:16,1
88600f3fbe24,3,11 C5/2,Oprire ACC,2026-07-09T11:46:12,2026-07-09T14:33:16,2026-07-09T17:13:23,2
b6a2f548eaa9,3,SC.4Catelu,Oprire ACC,2026-07-09T11:46:12,2026-07-09T11:46:12,2026-07-09T14:33:16,1
c7953b2970f2,3,6 Mărășești - Partial,Oprire ACC,2026-07-09T11:46:12,2026-07-09T17:13:23,2026-07-09T19:40:19,3
3054fd3a74c6,4,V.S.Sud,Oprire ACC,2026-07-09T11:46:12,2026-07-10T20:15:09,2026-07-10T21:45:37,13
e024593d017b,4,1 Bis Zona I,Oprire ACC,2026-07-09T11:46:12,2026-07-10T13:28:50,2026-07-10T15:40:18,10
c068780d161b,4,1 Zona I,Oprire ACC,2026-07-09T11:46:12,2026-07-10T13:28:50,2026-07-10T15:40:18,10
0c44e5f1b5ce,5,4 Chirigiu,Oprire ACC,2026-07-09T11:46:12,2026-07-09T14:33:16,2026-07-09T17:13:23,2
5bb1d7d699da,6,SC 1/3 - MODULE TERMICE,Oprire ACC,2026-07-09T11:46:12,2026-07-09T14:33:16,2026-07-09T17:13:23,2
1c367f626be7,6,3/7,Oprire ACC,2026-07-09T11:46:12,2026-07-09T11:46:12,2026-07-09T14:33:16,1
e72a89930ca0,6,4 Roșia Montană,Oprire ACC,2026-07-09T11:46:12,2026-07-09T11:46:12,2026-07-09T14:33:16,1
090c9820a71b,6,4 Roșia Montană - Partial,Oprire ACC,2026-07-09T11:46:12,2026-07-09T11:46:12,2026-07-09T14:33:16,1
61309ced445a,2,U2 Avrig,Oprire ACC,2026-07-09T14:33:16,2026-07-10T10:02:55,2026-07-10T13:28:50,8
2bbf06eb9fb5,2,U1 Avrig,Oprire ACC,2026-07-09T14:33:16,2026-07-10T10:02:55,2026-07-10T13:28:50,8
228af899152f,4,P 5 A,Oprire ACC,2026-07-09T14:33:16,2026-07-10T20:15:09,2026-07-10T21:45:37,12
c2bd37880b69,5,VSNord,Oprire ACC,2026-07-09T14:33:16,2026-07-10T20:15:09,2026-07-10T21:45:37,12
9a6ab0258ca5,5,Ministerul Finanţelor,Oprire ACC,2026-07-09T14:33:16,2026-07-10T20:15:09,2026-07-10T21:45:37,12
84721a01c441,5,Tribunal,Oprire ACC,2026-07-09T14:33:16,2026-07-10T20:15:09,2026-07-10T21:45:37,12
b2297cb57600,5,Gioconda,Oprire ACC,2026-07-09T14:33:16,2026-07-10T20:15:09,2026-07-10T21:45:37,12
cf0d125d588e,5,Hotel CONTINENTAL,Oprire ACC,2026-07-09T14:33:16,2026-07-10T20:15:09,2026-07-10T21:45:37,12
962353ca220c,5,Facultatea de Medicină Veterinară,Oprire ACC,2026-07-09T14:33:16,2026-07-10T20:15:09,2026-07-10T21:45:37,12
82454edbd1c8,5,Palatul Parlamentului,Oprire ACC,2026-07-09T14:33:16,2026-07-10T20:15:09,2026-07-10T21:45:37,12
1d99148dcd52,5,Garajul Parlamentului,Oprire ACC,2026-07-09T14:33:16,2026-07-10T20:15:09,2026-07-10T21:45:37,12
7b8150da426a,6,5 Virtuții,Oprire ACC,2026-07-09T14:33:16,2026-07-09T17:13:23,2026-07-09T19:40:19,2
300d12595fe6,2,A2 Basarabia,Deficienta ACC,2026-07-09T17:13:23,2026-07-09T17:13:23,2026-07-09T19:40:19,1
881b34ffa5fa,2,A4 Basarabia,Deficienta ACC,2026-07-09T17:13:23,2026-07-09T17:13:23,2026-07-09T19:40:19,1
62e5e19dd6b8,4,2 Nitu Vasile,Deficienta ACC,2026-07-09T17:13:23,2026-07-09T23:14:26,2026-07-10T00:45:13,4
123be5b73797,4,2 Stoian Militaru,Deficienta ACC,2026-07-09T17:13:23,2026-07-09T23:14:26,2026-07-10T00:45:13,4
3ce9af5f6894,4,2 Oltenita Placare,Deficienta ACC,2026-07-09T17:13:23,2026-07-09T19:40:19,2026-07-09T21:24:31,2
f8e526a464c7,4,2 Serban Voda,Deficienta ACC,2026-07-09T19:40:19,2026-07-10T10:02:55,2026-07-10T13:28:50,6
10bcaef0253d,4,4 Oltenita Placare,Deficienta ACC,2026-07-09T19:40:19,2026-07-09T19:40:19,2026-07-09T21:24:31,1
0c04795c1b6b,4,1 Stoian Militaru,Deficienta ACC,2026-07-09T19:40:19,2026-07-09T23:14:26,2026-07-10T00:45:13,3
e328b5b93750,4,Norilor,Deficienta ACC,2026-07-09T21:24:31,2026-07-09T23:14:26,2026-07-10T00:45:13,2
865bac812a6c,4,1 Tineretului,Deficienta ACC,2026-07-09T21:24:31,2026-07-09T23:14:26,2026-07-10T00:45:13,2
31891c0ce392,4,4 Zona II,Deficienta ACC,2026-07-09T21:24:31,2026-07-09T23:14:26,2026-07-10T00:45:13,2
156a847f5446,5,2 Alexandria,Oprire ACC,2026-07-09T21:24:31,2026-07-10T15:40:18,2026-07-10T18:18:11,7
32478e077f63,5,1 Alexandria,Oprire ACC,2026-07-09T21:24:31,2026-07-10T15:40:18,2026-07-10T18:18:11,7
ff33bce7936e,5,7 Margeanului,Oprire ACC,2026-07-09T21:24:31,2026-07-10T15:40:18,2026-07-10T18:18:11,7
79cb1bedcff4,5,Teiuş,Oprire ACC,2026-07-09T21:24:31,2026-07-10T15:40:18,2026-07-10T18:18:11,7
be72205cfc83,5,5 Margeanului,Oprire ACC,2026-07-09T21:24:31,2026-07-10T15:40:18,2026-07-10T18:18:11,7
7984f17f8473,5,9 Margeanului,Oprire ACC,2026-07-09T21:24:31,2026-07-10T15:40:18,2026-07-10T18:18:11,7
2d2d02397f1f,5,Soldat Croitoru,Oprire ACC,2026-07-09T21:24:31,2026-07-10T15:40:18,2026-07-10T18:18:11,7
1c232f933102,5,Garoafei,Oprire ACC,2026-07-09T21:24:31,2026-07-10T15:40:18,2026-07-10T18:18:11,7
2bc4b9e66b29,5,8 Margeanului,Oprire ACC,2026-07-09T21:24:31,2026-07-10T15:40:18,2026-07-10T18:18:11,7
c14274e12e77,5,6 Margeanului,Oprire ACC,2026-07-09T21:24:31,2026-07-10T15:40:18,2026-07-10T18:18:11,7
b61132869524,3,IOR - Partial,Oprire ACC,2026-07-09T23:14:26,2026-07-10T10:02:55,2026-07-10T13:28:50,4
6e64dc227e53,4,2 Nitu Vasile,Deficienta ACC,2026-07-10T06:34:25,2026-07-10T06:34:25,2026-07-10T10:02:55,1
2fa04a2b6510,4,2 Oltenita Placare,Deficienta ACC,2026-07-10T06:34:25,2026-07-10T06:34:25,2026-07-10T10:02:55,1
52107c25852f,4,1 Stoian Militaru,Deficienta ACC,2026-07-10T06:34:25,2026-07-10T06:34:25,2026-07-10T10:02:55,1
d1bcfde33a6d,1,7 Dinicu Golescu,Oprire ACC,2026-07-10T10:02:55,2026-07-10T10:02:55,2026-07-10T13:28:50,1
f80c2e1e99a2,2,4 Pantelimon,Oprire ACC,2026-07-10T10:02:55,2026-07-10T10:02:55,2026-07-10T13:28:50,1
083093d1452f,2,3 Stefan cel Mare,Oprire ACC,2026-07-10T10:02:55,2026-07-10T10:02:55,2026-07-10T13:28:50,1
44d2ce3b8bcf,3,4 Labirint - Partial,Oprire ACC,2026-07-10T10:02:55,2026-07-10T10:02:55,2026-07-10T13:28:50,1
6cb3f9be8c0e,3,10 Vitan - Partial,Oprire ACC,2026-07-10T10:02:55,2026-07-10T18:18:11,2026-07-10T20:15:09,4
e0475d08085a,3,12Tomis - Partial,Oprire ACC,2026-07-10T10:02:55,2026-07-10T13:28:50,2026-07-10T15:40:18,2
28352c3d2d55,4,8 Brancoveanu - Partial,Oprire ACC,2026-07-10T10:02:55,2026-07-10T18:18:11,2026-07-10T20:15:09,4
f9cce7102fa4,6,MAN,Oprire ACC,2026-07-10T10:02:55,2026-07-10T13:28:50,2026-07-10T15:40:18,2
f9599e579333,6,ISCH,Oprire ACC,2026-07-10T10:02:55,2026-07-10T21:45:37,2026-07-10T23:13:53,6
847618ef204e,6,REGIE 3,Oprire ACC,2026-07-10T10:02:55,2026-07-10T21:45:37,2026-07-10T23:13:53,6
62ee1ae7ce50,6,ZAGANESCU,Oprire ACC,2026-07-10T10:02:55,2026-07-10T21:45:37,2026-07-10T23:13:53,6
5914976f97e9,6,REGIE 4,Oprire ACC,2026-07-10T10:02:55,2026-07-10T21:45:37,2026-07-10T23:13:53,6
2f17149177b5,6,STUDENTI 2,Oprire ACC,2026-07-10T10:02:55,2026-07-10T21:45:37,2026-07-10T23:13:53,6
9eed92483c96,6,6/2,Oprire ACC,2026-07-10T10:02:55,2026-07-10T10:02:55,2026-07-10T13:28:50,1
e6662bb0f987,6,3/10 - Partial,Oprire ACC,2026-07-10T10:02:55,2026-07-10T18:18:11,2026-07-10T20:15:09,4
a2658d209b31,6,4/7',Oprire ACC,2026-07-10T10:02:55,2026-07-10T13:28:50,2026-07-10T15:40:18,2
60bdea323cb3,6,MILITARI - 8 Placare - Partial,Oprire ACC,2026-07-10T10:02:55,2026-07-10T13:28:50,2026-07-10T15:40:18,2
adcf0c2c97a0,6,7 Giulești,Oprire ACC,2026-07-10T10:02:55,2026-07-10T10:02:55,2026-07-10T13:28:50,1
545fd11fb585,6,SC 6/7 - Partial,Oprire ACC,2026-07-10T10:02:55,2026-07-10T10:02:55,2026-07-10T13:28:50,1
e387e130bb0c,2,33 Muncii,Oprire ACC,2026-07-10T13:28:50,2026-07-14T16:08:46,2026-07-14T18:01:32,25
c18821a0fef9,6,1 Roșu - Partial,Oprire ACC,2026-07-10T13:28:50,2026-07-10T18:18:11,2026-07-10T20:15:09,3
7bb09658ec5e,6,4 Virtuții - Partial,Oprire ACC,2026-07-10T13:28:50,2026-07-10T18:18:11,2026-07-10T20:15:09,3
8a718ce39215,6,J Giulești - Partial,Oprire ACC,2026-07-10T18:18:11,2026-07-10T18:18:11,2026-07-10T20:15:09,1
7aa25caeeec2,3,3 Tomis,Oprire ACC,2026-07-11T09:31:50,2026-07-11T09:31:50,2026-07-11T12:55:00,1
56a68a7b04f3,4,2 Serban Voda,Deficienta ACC,2026-07-12T06:52:54,2026-07-12T06:52:54,2026-07-12T09:26:14,1
38b2cc81b551,6,3/7,Deficienta ACC,2026-07-12T22:21:48,2026-07-13T01:05:08,2026-07-13T06:56:14,2
730704938866,6,3/6,Deficienta ACC,2026-07-12T22:21:48,2026-07-13T01:05:08,2026-07-13T06:56:14,2
17acd410b74c,6,2/8,Deficienta ACC,2026-07-12T22:21:48,2026-07-13T01:05:08,2026-07-13T06:56:14,2
c7f56a1df74f,6,NEFAMILISTI,Deficienta ACC,2026-07-12T22:21:48,2026-07-13T01:05:08,2026-07-13T06:56:14,2
b5adb0a03785,6,3/8,Deficienta ACC,2026-07-12T22:21:48,2026-07-13T01:05:08,2026-07-13T06:56:14,2
76ac81c4f2df,6,1 Veteranilor,Oprire ACC,2026-07-13T01:05:08,2026-07-13T09:47:04,2026-07-13T13:15:41,3
c01802c27f88,6,2 Veteranilor,Oprire ACC,2026-07-13T01:05:08,2026-07-13T06:56:14,2026-07-13T09:47:04,2
d597aac1145f,1,Perla,Oprire ACC,2026-07-13T09:47:04,2026-07-17T15:13:05,,43
7e0b109dca4b,1,11 Dorobanti,Oprire ACC,2026-07-13T09:47:04,2026-07-17T15:13:05,,43
e9eed3f19ec1,1,Casata,Oprire ACC,2026-07-13T09:47:04,2026-07-17T15:13:05,,43
d0283ed7f714,1,1 Aviatiei,Oprire ACC,2026-07-13T09:47:04,2026-07-17T15:13:05,,43
43dde8d6219c,1,Cosmonautilor,Oprire ACC,2026-07-13T09:47:04,2026-07-17T15:13:05,,43
b02adc2aa5a8,1,4 Aviatiei,Oprire ACC,2026-07-13T09:47:04,2026-07-17T15:13:05,,43
3bba4750761d,1,12 Gostat,Oprire ACC,2026-07-13T09:47:04,2026-07-17T15:13:05,,43
13890b9f032f,1,3 Aviatiei,Oprire ACC,2026-07-13T09:47:04,2026-07-17T15:13:05,,43
70b0b72be86d,1,2 Dorobanti,Oprire ACC,2026-07-13T09:47:04,2026-07-17T15:13:05,,43
d36b115433b8,1,Floreasca,Oprire ACC,2026-07-13T09:47:04,2026-07-17T15:13:05,,43
3cb919a85ba0,1,2 Aviatiei,Oprire ACC,2026-07-13T09:47:04,2026-07-17T15:13:05,,43
bd16e80edc26,1,6 Aviatiei,Oprire ACC,2026-07-13T09:47:04,2026-07-17T15:13:05,,43
df1cbc9d5e4d,1,61-63 Dorobanti,Oprire ACC,2026-07-13T09:47:04,2026-07-17T15:13:05,,43
08057f52b7a9,1,Radu Beller,Oprire ACC,2026-07-13T09:47:04,2026-07-17T15:13:05,,43
375303976135,1,5 Aviatiei,Oprire ACC,2026-07-13T09:47:04,2026-07-17T15:13:05,,43
f178480c1275,1,Beller Bitolia,Oprire ACC,2026-07-13T09:47:04,2026-07-17T15:13:05,,43
e621ff96b93c,2,E2 Vatra Luminoasa - Partial,Oprire ACC,2026-07-13T09:47:04,2026-07-13T09:47:04,2026-07-13T13:15:41,1
f1e41031559c,2,Chiristigii,Oprire ACC,2026-07-13T09:47:04,2026-07-13T13:15:41,2026-07-13T15:43:16,2
40fd5db9df5b,2,2 Colentina 3 - Partial,Oprire ACC,2026-07-13T09:47:04,2026-07-13T13:15:41,2026-07-13T15:43:16,2
ccc9bc740aa6,2,Modul Bl. 23,Oprire ACC,2026-07-13T09:47:04,2026-07-13T15:43:16,2026-07-13T18:34:13,3
46eb0e6a2b07,2,Spitalul Clinic Colentina,Oprire ACC,2026-07-13T09:47:04,2026-07-13T15:43:16,2026-07-13T18:34:13,3
04b6124c4f0f,2,Barbu Vacarescu,Oprire ACC,2026-07-13T09:47:04,2026-07-15T19:42:48,2026-07-15T20:52:59,22
d865650f7436,2,Judetului,Oprire ACC,2026-07-13T09:47:04,2026-07-16T13:32:54,2026-07-16T14:27:37,28
36583907c535,2,Opanez,Oprire ACC,2026-07-13T09:47:04,2026-07-13T09:47:04,2026-07-13T13:15:41,1
8495073cf546,2,Aleea Circului,Oprire ACC,2026-07-13T09:47:04,2026-07-15T19:42:48,2026-07-15T20:52:59,22
07505c124963,2,4 Stefan cel Mare,Oprire ACC,2026-07-13T09:47:04,2026-07-13T15:43:16,2026-07-13T18:34:13,3
8b622b32d49d,2,Ramuri Tei,Oprire ACC,2026-07-13T09:47:04,2026-07-13T09:47:04,2026-07-13T13:15:41,1
21b3fe571c02,2,3 Stefan cel Mare,Oprire ACC,2026-07-13T09:47:04,2026-07-15T19:42:48,2026-07-15T20:52:59,22
09f05a7ef19b,2,13 Lacul Tei,Oprire ACC,2026-07-13T09:47:04,2026-07-13T09:47:04,2026-07-13T13:15:41,1
d8de298603a6,2,Galvani Tei,Oprire ACC,2026-07-13T09:47:04,2026-07-16T13:32:54,2026-07-16T14:27:37,28
3fc1a3ec2c3b,2,2 Stefan cel Mare,Oprire ACC,2026-07-13T09:47:04,2026-07-17T15:13:05,,43
8b55db80b734,2,Modul Bl. 6 Stefan cel Mare,Oprire ACC,2026-07-13T09:47:04,2026-07-17T15:13:05,,43
7568d4fc6ee6,3,2 Papiu Ilarian - Partial,Oprire ACC,2026-07-13T09:47:04,2026-07-13T09:47:04,2026-07-13T13:15:41,1
a0e59a4abc16,3,4Placare-T - Partial,Oprire ACC,2026-07-13T09:47:04,2026-07-13T09:47:04,2026-07-13T13:15:41,1
afb92e385beb,5,6 Chirigiu,Oprire ACC,2026-07-13T09:47:04,2026-07-17T15:13:05,,43
ac358dea608d,5,2 Rahova,Oprire ACC,2026-07-13T09:47:04,2026-07-17T15:13:05,,43
9cc5643e37bf,5,6 Sebastian,Oprire ACC,2026-07-13T09:47:04,2026-07-17T15:13:05,,43
a89330873f12,5,3 Ferentari,Oprire ACC,2026-07-13T09:47:04,2026-07-17T15:13:05,,43
a19b03b93051,5,3 Drumul Sării,Oprire ACC,2026-07-13T09:47:04,2026-07-17T15:13:05,,43
6b87606ef063,5,4 Sălaj,Oprire ACC,2026-07-13T09:47:04,2026-07-17T15:13:05,,43
e20bc7bf6a04,5,2 Panduri,Oprire ACC,2026-07-13T09:47:04,2026-07-17T15:13:05,,43
036be88f2912,5,3 Sălaj,Oprire ACC,2026-07-13T09:47:04,2026-07-17T15:13:05,,43
61aefdb11068,5,1 Petre Ispirescu,Oprire ACC,2026-07-13T09:47:04,2026-07-17T15:13:05,,43
926a29adf813,5,5 Chirigiu,Oprire ACC,2026-07-13T09:47:04,2026-07-17T15:13:05,,43
8e9a8b2f6a06,5,2 Sălaj,Oprire ACC,2026-07-13T09:47:04,2026-07-17T15:13:05,,43
67c814ad785a,5,2 Drumul Sarii,Oprire ACC,2026-07-13T09:47:04,2026-07-17T15:13:05,,43
dfb720a9f17b,5,Tudor Vladimirescu,Oprire ACC,2026-07-13T09:47:04,2026-07-17T15:13:05,,43
14d4ecc265b3,5,2 Alexandria,Oprire ACC,2026-07-13T09:47:04,2026-07-17T15:13:05,,43
b54798566eb7,5,1 Salaj,Oprire ACC,2026-07-13T09:47:04,2026-07-17T15:13:05,,43
cfbd5d4b04da,5,1 Alexandria,Oprire ACC,2026-07-13T09:47:04,2026-07-17T15:13:05,,43
2e9fcf6a9170,5,1 din 13 Septembrie,Oprire ACC,2026-07-13T09:47:04,2026-07-17T15:13:05,,43
6406960557b1,5,4 Drumul Sarii,Oprire ACC,2026-07-13T09:47:04,2026-07-17T15:13:05,,43
436c6185abd2,5,4 Petre Ispirescu,Oprire ACC,2026-07-13T09:47:04,2026-07-17T15:13:05,,43
ade0d9cd09d8,5,4 Chirigiu,Oprire ACC,2026-07-13T09:47:04,2026-07-17T15:13:05,,43
526a45d58dfa,5,7 Margeanului,Oprire ACC,2026-07-13T09:47:04,2026-07-17T15:13:05,,43
5903c090571d,5,Vicina,Oprire ACC,2026-07-13T09:47:04,2026-07-17T15:13:05,,43
a1e636717a9d,5,Doina,Oprire ACC,2026-07-13T09:47:04,2026-07-17T15:13:05,,43
eb2df8556074,5,3 Rahova,Oprire ACC,2026-07-13T09:47:04,2026-07-17T15:13:05,,43
7e623dcef1b6,5,3 Petre Ispirescu,Oprire ACC,2026-07-13T09:47:04,2026-07-17T15:13:05,,43
dd3e0fe0b1e0,5,Teiuş,Oprire ACC,2026-07-13T09:47:04,2026-07-17T15:13:05,,43
544443cd767f,5,6 Petre Ispirescu,Oprire ACC,2026-07-13T09:47:04,2026-07-17T15:13:05,,43
76694000c670,5,7 Petre Ispirescu,Oprire ACC,2026-07-13T09:47:04,2026-07-17T15:13:05,,43
e4b1503c9b0a,5,5 Petre Ispirescu,Oprire ACC,2026-07-13T09:47:04,2026-07-17T15:13:05,,43
aaaf068e563c,5,5 Margeanului,Oprire ACC,2026-07-13T09:47:04,2026-07-17T15:13:05,,43
47245dec74e5,5,1 Panduri,Oprire ACC,2026-07-13T09:47:04,2026-07-17T15:13:05,,43
4ce30a02d8f2,5,1 Rahova,Oprire ACC,2026-07-13T09:47:04,2026-07-17T15:13:05,,43
09a2bf535231,5,9 Margeanului,Oprire ACC,2026-07-13T09:47:04,2026-07-17T15:13:05,,43
454f6a47ec27,5,5 Lira,Oprire ACC,2026-07-13T09:47:04,2026-07-17T15:13:05,,43
9472a9512d78,5,3 Sebastian,Oprire ACC,2026-07-13T09:47:04,2026-07-17T15:13:05,,43
935e5eae3ae7,5,6 Rahova,Oprire ACC,2026-07-13T09:47:04,2026-07-17T15:13:05,,43
d64d76e058e3,5,3 din 13 Septembrie,Oprire ACC,2026-07-13T09:47:04,2026-07-17T15:13:05,,43
fe362f4a94b6,5,Soldat Croitoru,Oprire ACC,2026-07-13T09:47:04,2026-07-17T15:13:05,,43
e7eb4b0a3b1e,5,2 Petre Ispirescu,Oprire ACC,2026-07-13T09:47:04,2026-07-17T15:13:05,,43
0e0d210f2cb9,5,11 Margeanului,Oprire ACC,2026-07-13T09:47:04,2026-07-17T15:13:05,,43
2efefb90f517,5,6 Sălaj,Oprire ACC,2026-07-13T09:47:04,2026-07-17T15:13:05,,43
a6248b9f1f25,5,2 din 13 Septembrie,Oprire ACC,2026-07-13T09:47:04,2026-07-17T15:13:05,,43
8fbded238774,5,8 Alexandria,Oprire ACC,2026-07-13T09:47:04,2026-07-17T15:13:05,,43
85308ee6695f,5,2 Ferentari,Oprire ACC,2026-07-13T09:47:04,2026-07-17T15:13:05,,43
ef8ed087bd14,5,10 Margeanului,Oprire ACC,2026-07-13T09:47:04,2026-07-17T15:13:05,,43
c846d0f30273,5,1 Drumul Sarii,Oprire ACC,2026-07-13T09:47:04,2026-07-17T15:13:05,,43
a13e5fea1594,5,Garoafei,Oprire ACC,2026-07-13T09:47:04,2026-07-17T15:13:05,,43
db64e40c86ef,5,8 Margeanului,Oprire ACC,2026-07-13T09:47:04,2026-07-17T15:13:05,,43
83fa1c611f4a,5,6 Margeanului,Oprire ACC,2026-07-13T09:47:04,2026-07-17T15:13:05,,43
943ab6335b04,5,4 Rahova,Oprire ACC,2026-07-13T09:47:04,2026-07-17T15:13:05,,43
3a9d57974a86,5,Intrarea Drumul Taberei,Oprire ACC,2026-07-13T09:47:04,2026-07-17T15:13:05,,43
c1f02541c656,5,7 Sebastian,Oprire ACC,2026-07-13T09:47:04,2026-07-17T15:13:05,,43
5c2f2ba8e561,6,1/7,Oprire ACC,2026-07-13T09:47:04,2026-07-13T09:47:04,2026-07-13T13:15:41,1
056db5742a07,6,8 Crivina,Oprire ACC,2026-07-13T09:47:04,2026-07-13T13:15:41,2026-07-13T15:43:16,2
872d3be2b6d3,1,Ct Baneasa 1 - Partial,Oprire ACC,2026-07-13T13:15:41,2026-07-13T13:15:41,2026-07-13T15:43:16,1
62df9c176daa,2,16 Vergului,Oprire ACC,2026-07-13T13:15:41,2026-07-13T13:15:41,2026-07-13T15:43:16,1
c1cf156c02a7,2,AUTOCENTER,Oprire ACC,2026-07-13T13:15:41,2026-07-17T07:21:30,2026-07-17T09:33:55,36
7c4eb5c8db30,2,7 Mosilor,Oprire ACC,2026-07-13T13:15:41,2026-07-16T19:47:01,2026-07-16T21:17:27,32
984bb2e82f8d,2,Ion Maiorescu,Oprire ACC,2026-07-13T13:15:41,2026-07-16T19:47:01,2026-07-16T21:17:27,32
de2ea4efe2b0,2,6 Mosilor,Oprire ACC,2026-07-13T13:15:41,2026-07-16T19:47:01,2026-07-16T21:17:27,32
78950f9cdb66,2,2 Mosilor,Oprire ACC,2026-07-13T13:15:41,2026-07-17T11:54:18,2026-07-17T13:29:39,38
af34d4a8601f,2,4 Mosilor,Oprire ACC,2026-07-13T13:15:41,2026-07-16T19:47:01,2026-07-16T21:17:27,32
9b0511463a41,2,1 Mosilor,Oprire ACC,2026-07-13T13:15:41,2026-07-16T19:47:01,2026-07-16T21:17:27,32
1e3788095fba,2,3 Mosilor,Oprire ACC,2026-07-13T13:15:41,2026-07-16T19:47:01,2026-07-16T21:17:27,32
5ce49453e31e,3,2 C5/1,Oprire ACC,2026-07-13T13:15:41,2026-07-15T20:52:59,2026-07-15T23:02:16,22
b9e06b39e143,3,4XA,Oprire ACC,2026-07-13T13:15:41,2026-07-15T20:52:59,2026-07-15T23:02:16,22
c7b52180c2ad,3,SC.6C3/2 - Module Termice,Oprire ACC,2026-07-13T13:15:41,2026-07-16T09:02:16,2026-07-16T11:30:26,25
c1fbc229afa7,3,23 C5/2,Oprire ACC,2026-07-13T13:15:41,2026-07-15T20:52:59,2026-07-15T23:02:16,22
b65f7e82dc4d,3,1 Nufarul,Oprire ACC,2026-07-13T13:15:41,2026-07-15T20:52:59,2026-07-15T23:02:16,22
6017d411a563,3,10 Nefamilisti,Oprire ACC,2026-07-13T13:15:41,2026-07-15T20:52:59,2026-07-15T23:02:16,22
c197016418e7,3,6X,Oprire ACC,2026-07-13T13:15:41,2026-07-15T20:52:59,2026-07-15T23:02:16,22
f5d3d9714487,3,4X,Oprire ACC,2026-07-13T13:15:41,2026-07-15T20:52:59,2026-07-15T23:02:16,22
5e807adde011,3,E1,Oprire ACC,2026-07-13T13:15:41,2026-07-15T16:12:56,2026-07-15T18:00:57,19
46e7b67ab213,3,5 Mărăşeşti,Oprire ACC,2026-07-13T13:15:41,2026-07-15T16:12:56,2026-07-15T18:00:57,19
80f603b7a733,3,BL U114 (UM 02544/B1),Oprire ACC,2026-07-13T13:15:41,2026-07-15T16:12:56,2026-07-15T18:00:57,19
985e4946eaa8,3,C3 Căuzaşi,Oprire ACC,2026-07-13T13:15:41,2026-07-15T16:12:56,2026-07-15T18:00:57,19
161aff5e54df,3,6 Mărășești,Oprire ACC,2026-07-13T13:15:41,2026-07-15T16:12:56,2026-07-15T18:00:57,19
6d02d9da4740,3,4 Mărăşeşti,Oprire ACC,2026-07-13T13:15:41,2026-07-15T16:12:56,2026-07-15T18:00:57,19
5f5df8efcd20,3,Biblioteca Nationala,Oprire ACC,2026-07-13T13:15:41,2026-07-15T16:12:56,2026-07-15T18:00:57,19
3c6f678592f9,3,7 Călăraşi,Oprire ACC,2026-07-13T13:15:41,2026-07-15T16:12:56,2026-07-15T18:00:57,19
9fbaf27b59a4,3,Tribunalul Bucuresti,Oprire ACC,2026-07-13T13:15:41,2026-07-15T16:12:56,2026-07-15T18:00:57,19
69b1c6102659,3,Ct Republicii,Oprire ACC,2026-07-13T13:15:41,2026-07-13T13:15:41,2026-07-13T15:43:16,1
f1a1fec8eb52,4,B 3 Cauzasi,Oprire ACC,2026-07-13T13:15:41,2026-07-15T16:12:56,2026-07-15T18:00:57,19
feabd902beb0,4,V.S.Sud,Oprire ACC,2026-07-13T13:15:41,2026-07-15T16:12:56,2026-07-15T18:00:57,19
7fd2f02788cd,4,P 5 A,Oprire ACC,2026-07-13T13:15:41,2026-07-15T16:12:56,2026-07-15T18:00:57,19
5dedee28565a,4,Izvorul Cosbuc,Oprire ACC,2026-07-13T13:15:41,2026-07-17T15:13:05,,42
25bac62ef193,5,VSNord,Oprire ACC,2026-07-13T13:15:41,2026-07-15T18:00:57,2026-07-15T19:42:48,20
473f13c931f8,5,Ministerul Finanţelor,Oprire ACC,2026-07-13T13:15:41,2026-07-15T18:00:57,2026-07-15T19:42:48,20
807d35784a5e,5,Tribunal,Oprire ACC,2026-07-13T13:15:41,2026-07-15T19:42:48,2026-07-15T20:52:59,21
1c4da24afef3,5,Gioconda,Oprire ACC,2026-07-13T13:15:41,2026-07-15T19:42:48,2026-07-15T20:52:59,21
4c0a02c764fc,5,Hotel CONTINENTAL,Oprire ACC,2026-07-13T13:15:41,2026-07-15T18:00:57,2026-07-15T19:42:48,20
381597ca411c,5,103A,Oprire ACC,2026-07-13T13:15:41,2026-07-15T19:42:48,2026-07-15T20:52:59,21
a47769369c90,5,Facultatea de Medicină Veterinară,Oprire ACC,2026-07-13T13:15:41,2026-07-15T18:00:57,2026-07-15T19:42:48,20
cec71dd9d54f,5,Palatul Parlamentului,Oprire ACC,2026-07-13T13:15:41,2026-07-15T18:00:57,2026-07-15T19:42:48,20
c4c5ab18dbcf,5,Garajul Parlamentului,Oprire ACC,2026-07-13T13:15:41,2026-07-15T18:00:57,2026-07-15T19:42:48,20
14046c3b2ed8,6,3/6 - Partial,Oprire ACC,2026-07-13T13:15:41,2026-07-13T13:15:41,2026-07-13T15:43:16,1
1063fe8a1a9b,6,3/7,Oprire ACC,2026-07-13T13:15:41,2026-07-13T15:43:16,2026-07-13T18:34:13,2
18558937c19f,2,6 Colentina,Oprire ACC,2026-07-13T15:43:16,2026-07-17T15:13:05,,41
efd649e5f6d4,1,150 Grivita,Oprire ACC,2026-07-13T18:34:13,2026-07-17T15:13:05,,40
34ed6d9eb92e,1,148 Grivita,Oprire ACC,2026-07-13T18:34:13,2026-07-17T15:13:05,,40
8f66a66ea118,1,146 Grivita,Oprire ACC,2026-07-13T18:34:13,2026-07-17T15:13:05,,40
58fddc9be0d0,1,Sora,Oprire ACC,2026-07-13T18:34:13,2026-07-17T15:13:05,,40
cfa9f178dd74,1,3-11 Duca,Oprire ACC,2026-07-13T18:34:13,2026-07-14T11:32:23,2026-07-14T13:22:31,4
a56c656c5a09,5,"bloc 1, bloc 2 (cod PT: 50039)",Oprire ACC,2026-07-13T18:34:13,2026-07-17T15:13:05,,40
0e1e1c15e8c4,2,ALMO,Deficienta ACC,2026-07-13T20:35:00,2026-07-13T20:35:00,2026-07-14T09:25:21,1
3ed09d0d6b5a,2,2 Colentina,Deficienta ACC,2026-07-13T20:35:00,2026-07-13T20:35:00,2026-07-14T09:25:21,1
5c4efe3a1344,2,Ziduri Mosi,Deficienta ACC,2026-07-13T20:35:00,2026-07-13T20:35:00,2026-07-14T09:25:21,1
c9cda2dfa0f2,2,1 Dimitrov,Deficienta ACC,2026-07-13T20:35:00,2026-07-14T13:22:31,2026-07-14T14:50:59,4
537e4f3b7ed7,1,Ct Mozart - Partial,Oprire ACC,2026-07-14T09:25:21,2026-07-14T11:32:23,2026-07-14T13:22:31,2
5c49d28bfc84,2,24 Delfinului,Oprire ACC,2026-07-14T09:25:21,2026-07-14T09:25:21,2026-07-14T11:32:23,1
9170a588ffc5,2,Chiristigii,Oprire ACC,2026-07-14T09:25:21,2026-07-14T11:32:23,2026-07-14T13:22:31,2
606fc130140f,2,2 Colentina 2,Oprire ACC,2026-07-14T09:25:21,2026-07-14T11:32:23,2026-07-14T13:22:31,2
4bfede849298,3,1 Matei Ambrozie,Oprire ACC,2026-07-14T09:25:21,2026-07-14T18:01:32,2026-07-14T19:36:09,6
249ee44eadad,6,1 Uverturii,Oprire ACC,2026-07-14T09:25:21,2026-07-15T20:52:59,2026-07-15T23:02:16,18
dd5bead34a26,6,2 Uverturii,Oprire ACC,2026-07-14T09:25:21,2026-07-15T20:52:59,2026-07-15T23:02:16,18
1820743af3a0,6,Ansamblul QUADRA PLACE II,Oprire ACC,2026-07-14T09:25:21,2026-07-15T20:52:59,2026-07-15T23:02:16,18
f78cc923fb0b,6,Depou Metrou Ciurel,Oprire ACC,2026-07-14T09:25:21,2026-07-15T20:52:59,2026-07-15T23:02:16,18
8bd4f15f5db8,6,PT Loc. ICAB,Oprire ACC,2026-07-14T09:25:21,2026-07-15T20:52:59,2026-07-15T23:02:16,18
f256316ce883,6,2 Politehnicii,Oprire ACC,2026-07-14T09:25:21,2026-07-15T20:52:59,2026-07-15T23:02:16,18
8c5633385660,6,5 Virtuții,Oprire ACC,2026-07-14T09:25:21,2026-07-15T20:52:59,2026-07-15T23:02:16,18
50252c01e77a,6,1 Îndesirii,Oprire ACC,2026-07-14T09:25:21,2026-07-14T11:32:23,2026-07-14T13:22:31,2
539e938b9b22,6,MILITARI - 6 Placare - Partial,Oprire ACC,2026-07-14T09:25:21,2026-07-14T11:32:23,2026-07-14T13:22:31,2
6f48c68ec38f,6,SC 11,Oprire ACC,2026-07-14T09:25:21,2026-07-14T13:22:31,2026-07-14T14:50:59,3
9d36f81bc2ce,1,2 Prefabricate,Oprire ACC,2026-07-14T11:32:23,2026-07-17T15:13:05,,37
9c97d6c42417,1,6 ACM,Oprire ACC,2026-07-14T11:32:23,2026-07-17T15:13:05,,37
d7c0d13928a4,3,9 Placare-T,Oprire ACC,2026-07-14T11:32:23,2026-07-14T11:32:23,2026-07-14T13:22:31,1
82c5f9c23e5b,3,2 Călăraşi,Oprire ACC,2026-07-14T11:32:23,2026-07-14T16:08:46,2026-07-14T18:01:32,4
fcd5aa04d60b,6,4/7,Oprire ACC,2026-07-14T11:32:23,2026-07-14T11:32:23,2026-07-14T13:22:31,1
0b65b56b0275,4,1 Nitu Vasile,Oprire ACC,2026-07-14T14:50:59,2026-07-14T14:50:59,2026-07-14T16:08:46,1
b1d7b7ebc7e8,3,8X,Oprire ACC,2026-07-14T19:36:09,2026-07-14T20:45:30,2026-07-14T23:20:42,2
502f3e02c4de,1,3 P-Ţa Victoriei,Oprire ACC,2026-07-15T08:57:19,2026-07-15T14:47:49,2026-07-15T16:12:56,4
3d353041b877,6,11 Liniei,Oprire ACC,2026-07-15T08:57:19,2026-07-15T11:01:42,2026-07-15T13:13:51,2
1c4d7752e2cb,6,MILITARI - 9 Placare,Oprire ACC,2026-07-15T08:57:19,2026-07-15T11:01:42,2026-07-15T13:13:51,2
325973b7d3c7,6,MILITARI - 2 Placare,Oprire ACC,2026-07-15T08:57:19,2026-07-15T11:01:42,2026-07-15T13:13:51,2
a46c0bd05e68,6,MILITARI - 5 Placare - Partial,Oprire ACC,2026-07-15T08:57:19,2026-07-15T14:47:49,2026-07-15T16:12:56,4
8f88a9a77be9,6,8 Ghirlandei - Partial,Oprire ACC,2026-07-15T08:57:19,2026-07-15T11:01:42,2026-07-15T13:13:51,2
706c99380097,6,2 Îndesirii,Oprire ACC,2026-07-15T08:57:19,2026-07-15T11:01:42,2026-07-15T13:13:51,2
96c51593c171,2,202 Mihai Bravu,Oprire ACC,2026-07-15T11:01:42,2026-07-15T11:01:42,2026-07-15T13:13:51,1
8e0ef9f97c96,2,3 Vaselor - Partial,Oprire ACC,2026-07-15T11:01:42,2026-07-15T13:13:51,2026-07-15T14:47:49,2
bd241c1417da,2,1 Colentina,Oprire ACC,2026-07-15T11:01:42,2026-07-15T11:01:42,2026-07-15T13:13:51,1
ed9276c65a4d,3,8X,Oprire ACC,2026-07-15T11:01:42,2026-07-15T14:47:49,2026-07-15T16:12:56,3
3ca6aebce52d,3,10 Matei Ambrozie,Oprire ACC,2026-07-15T11:01:42,2026-07-15T13:13:51,2026-07-15T14:47:49,2
5370359b9e51,4,3 Tineretului - Partial,Oprire ACC,2026-07-15T11:01:42,2026-07-15T18:00:57,2026-07-15T19:42:48,5
85d21ab8a12e,4,8 Brancoveanu - Partial,Oprire ACC,2026-07-15T11:01:42,2026-07-15T16:12:56,2026-07-15T18:00:57,4
bb6d515d09a9,4,4 Oltenita Placare - Partial,Oprire ACC,2026-07-15T11:01:42,2026-07-15T13:13:51,2026-07-15T14:47:49,2
7edd1c1602b8,6,6/8,Oprire ACC,2026-07-15T11:01:42,2026-07-15T14:47:49,2026-07-15T16:12:56,3
877361ee7a1f,3,Ct Republicii,Oprire ACC,2026-07-15T13:13:51,2026-07-15T14:47:49,2026-07-15T16:12:56,2
d1865bf9e8b6,5,6 Farado - Partial,Oprire ACC,2026-07-15T13:13:51,2026-07-15T18:00:57,2026-07-15T19:42:48,4
a5103ee80851,6,4/10 - Partial,Oprire ACC,2026-07-15T13:13:51,2026-07-15T14:47:49,2026-07-15T16:12:56,2
1263ea4ef955,1,MODUL TERMIC B3,Oprire ACC,2026-07-15T14:47:49,2026-07-17T15:13:05,,25
33b244400c95,1,MODUL TERMIC C3,Oprire ACC,2026-07-15T14:47:49,2026-07-17T15:13:05,,25
46c1192ec4dc,1,MODUL TERMIC Vila 12B,Oprire ACC,2026-07-15T14:47:49,2026-07-17T15:13:05,,25
b6fe1f1cc286,1,MODUL TERMIC Vila 13,Oprire ACC,2026-07-15T14:47:49,2026-07-17T15:13:05,,25
821e17328234,1,MODUL TERMIC Vila 12A,Oprire ACC,2026-07-15T14:47:49,2026-07-17T15:13:05,,25
bc3236428bcb,1,MODUL TERMIC G5,Oprire ACC,2026-07-15T14:47:49,2026-07-17T15:13:05,,25
0a3b7ea647f6,1,MODUL TERMIC D3,Oprire ACC,2026-07-15T14:47:49,2026-07-17T15:13:05,,25
42a6c5b51276,2,U2 Avrig,Oprire ACC,2026-07-15T14:47:49,2026-07-15T14:47:49,2026-07-15T16:12:56,1
2b00beb05566,2,U1 Avrig,Oprire ACC,2026-07-15T14:47:49,2026-07-15T14:47:49,2026-07-15T16:12:56,1
764c4e3a2d5d,6,ISCH,Oprire ACC,2026-07-15T14:47:49,2026-07-17T15:13:05,,25
93583a916663,6,REGIE 3,Oprire ACC,2026-07-15T14:47:49,2026-07-17T15:13:05,,25
1e2a0fb03a3f,6,ZAGANESCU,Oprire ACC,2026-07-15T14:47:49,2026-07-17T15:13:05,,25
7477ee25a73e,6,REGIE 4,Oprire ACC,2026-07-15T14:47:49,2026-07-17T15:13:05,,25
52b954f0b3d0,6,STUDENTI 2,Oprire ACC,2026-07-15T14:47:49,2026-07-17T15:13:05,,25
bb78d87ca533,6,4/7 - Partial,Oprire ACC,2026-07-15T14:47:49,2026-07-17T15:13:05,,25
1e9328d16320,6,1 Giulești,Oprire ACC,2026-07-15T14:47:49,2026-07-16T19:47:01,2026-07-16T21:17:27,15
4233b1ed5d7e,6,J Giulești,Oprire ACC,2026-07-15T14:47:49,2026-07-16T19:47:01,2026-07-16T21:17:27,15
4974d2ee1dbc,2,4 Colentina,Oprire ACC,2026-07-15T16:12:56,2026-07-16T19:47:01,2026-07-16T21:17:27,14
828b52f03f81,2,Barbu Vacarescu,Deficienta ACC,2026-07-15T20:52:59,2026-07-17T15:13:05,,21
dd5252b100ba,1,Ct Protopopescu,Oprire ACC,2026-07-16T09:02:16,2026-07-16T11:30:26,2026-07-16T13:32:54,2
d0a25aa128e2,6,1 Virtuții - Partial,Oprire ACC,2026-07-16T09:02:16,2026-07-16T13:32:54,2026-07-16T14:27:37,3
c73ad356fb3e,2,D18 Mihai Bravu,Oprire ACC,2026-07-16T11:30:26,2026-07-16T11:30:26,2026-07-16T13:32:54,1
cbe2daed6005,6,1 Uverturii,Oprire ACC,2026-07-16T11:30:26,2026-07-16T11:30:26,2026-07-16T13:32:54,1
1c83c1322b84,6,2 Uverturii,Oprire ACC,2026-07-16T11:30:26,2026-07-16T11:30:26,2026-07-16T13:32:54,1
b2f4c37eccc7,6,PT Loc. ICAB,Oprire ACC,2026-07-16T11:30:26,2026-07-16T11:30:26,2026-07-16T13:32:54,1
188fa77f246d,6,2 Politehnicii,Oprire ACC,2026-07-16T11:30:26,2026-07-16T11:30:26,2026-07-16T13:32:54,1
ebe7ade73e06,6,4/10 - Partial,Oprire ACC,2026-07-16T11:30:26,2026-07-16T11:30:26,2026-07-16T13:32:54,1
b51aae0a9c53,6,SC 1/3 - MODULE TERMICE,Oprire ACC,2026-07-16T11:30:26,2026-07-16T14:27:37,2026-07-16T17:18:02,3
ca0f759414c1,4,6 Zona II,Oprire ACC,2026-07-16T13:32:54,2026-07-17T09:33:55,2026-07-17T11:54:18,11
4344fee72a38,6,1 Crivina,Oprire ACC,2026-07-16T14:27:37,2026-07-16T17:51:39,2026-07-16T18:13:27,3
4ae6371f5953,6,SC 8/9 - Partial,Oprire ACC,2026-07-16T17:18:02,2026-07-16T17:18:02,2026-07-16T17:51:39,1
df546e607b20,6,B Giulești - Partial,Oprire ACC,2026-07-16T17:18:02,2026-07-16T17:51:39,2026-07-16T18:13:27,2
1d169a8d74a8,6,SC 1/3 - MODULE TERMICE - Partial,Oprire ACC,2026-07-16T17:18:02,2026-07-17T14:47:26,2026-07-17T15:13:05,13
a3cb9aba4ffd,2,6 Mosilor,Deficienta ACC,2026-07-16T21:17:27,2026-07-17T00:42:58,2026-07-17T07:21:30,3
b44f2a856759,1,2 Ilie Pintilie,Oprire ACC,2026-07-17T09:33:55,2026-07-17T09:33:55,2026-07-17T11:54:18,1
46e892b5109b,2,2 Fundeni,Oprire ACC,2026-07-17T09:33:55,2026-07-17T09:33:55,2026-07-17T11:54:18,1
4a203317be5b,3,4X - Partial,Oprire ACC,2026-07-17T09:33:55,2026-07-17T15:13:05,,6
00ea13d5c572,4,2 Berceni Oltenita - Partial,Oprire ACC,2026-07-17T09:33:55,2026-07-17T14:47:26,2026-07-17T15:13:05,5
f0f4db2dbe52,6,3 Virtuții,Oprire ACC,2026-07-17T09:33:55,2026-07-17T09:33:55,2026-07-17T11:54:18,1
b9faf5407895,6,MILITARI - 6 Placare - Partial,Oprire ACC,2026-07-17T09:33:55,2026-07-17T13:45:03,2026-07-17T14:47:26,4
7833be4a75a1,6,MILITARI - 5 Placare - Partial,Oprire ACC,2026-07-17T09:33:55,2026-07-17T15:13:05,,6
070d00893d2f,2,24 Delfinului - Partial,Oprire ACC,2026-07-17T11:54:18,2026-07-17T15:13:05,,5
633c7bf54a06,3,1 Labirint,Oprire ACC,2026-07-17T11:54:18,2026-07-17T14:47:26,2026-07-17T15:13:05,4
6d76509cf3e4,3,5 C3/2,Oprire ACC,2026-07-17T13:29:39,2026-07-17T15:13:05,,4
813d5e51bbd4,6,1 Giulești - Partial,Oprire ACC,2026-07-17T13:45:03,2026-07-17T15:13:05,,3
bc5ba1ae3f6b,2,13 Lacul Tei - Partial,Oprire ACC,2026-07-17T14:47:26,2026-07-17T15:13:05,,2
