incident_id,estimated_restore,first_seen_ts,last_seen_ts
54f075969cd3,2026-07-01T12:00,2026-07-01T00:05:52,2026-07-01T00:05:52
513bfc73a1b3,2026-07-01T12:00,2026-07-01T00:05:52,2026-07-01T00:05:52
e7f0de5fa7b2,2026-07-01T12:00,2026-07-01T00:05:52,2026-07-01T00:05:52
721b1524aec5,2026-07-01T12:00,2026-07-01T00:05:52,2026-07-01T00:05:52
914b206cb0f6,2026-07-01T12:00,2026-07-01T00:05:52,2026-07-01T00:05:52
8617ceae022c,2026-07-01T23:30,2026-07-01T07:06:36,2026-07-01T11:45:51
8617ceae022c,2026-07-03T23:30,2026-07-01T13:19:54,2026-07-02T22:58:08
88e095c5ff7b,2026-07-01T23:30,2026-07-01T07:06:36,2026-07-01T18:37:52
88e095c5ff7b,2026-07-03T23:30,2026-07-01T19:34:35,2026-07-03T01:17:04
959181640a4d,2026-07-01T23:30,2026-07-01T07:06:36,2026-07-01T18:37:52
959181640a4d,2026-07-03T23:30,2026-07-01T19:34:35,2026-07-02T22:58:08
e4b57147f3c4,2026-07-01T23:30,2026-07-01T07:06:36,2026-07-01T11:45:51
e4b57147f3c4,2026-07-03T23:30,2026-07-01T13:19:54,2026-07-02T22:58:08
ce78b2049d56,2026-07-01T23:30,2026-07-01T07:06:36,2026-07-01T18:37:52
ce78b2049d56,2026-07-03T23:30,2026-07-01T19:34:35,2026-07-02T22:58:08
57af5682bf17,2026-07-01T23:30,2026-07-01T07:06:36,2026-07-01T11:45:51
57af5682bf17,2026-07-03T23:30,2026-07-01T13:19:54,2026-07-02T22:58:08
e0b41a826db1,2026-07-01T23:30,2026-07-01T07:06:36,2026-07-01T18:37:52
e0b41a826db1,2026-07-03T23:30,2026-07-01T19:34:35,2026-07-02T22:58:08
857e176d2084,2026-07-01T23:30,2026-07-01T07:06:36,2026-07-01T18:37:52
857e176d2084,2026-07-03T23:30,2026-07-01T19:34:35,2026-07-02T22:58:08
791f71e386fd,2026-07-01T23:30,2026-07-01T07:06:36,2026-07-01T18:37:52
791f71e386fd,2026-07-03T23:30,2026-07-01T19:34:35,2026-07-02T22:58:08
57101a929cc6,2026-07-01T23:30,2026-07-01T07:06:36,2026-07-01T18:37:52
57101a929cc6,2026-07-03T23:30,2026-07-01T19:34:35,2026-07-02T22:58:08
b28dd635f00a,2026-07-01T23:30,2026-07-01T07:06:36,2026-07-01T18:37:52
b28dd635f00a,2026-07-03T23:30,2026-07-01T19:34:35,2026-07-03T00:04:33
f5675a9b8ef6,2026-07-01T23:30,2026-07-01T07:06:36,2026-07-01T18:37:52
f5675a9b8ef6,2026-07-03T23:30,2026-07-01T19:34:35,2026-07-03T02:33:38
5fcbbed908d9,2026-07-01T23:30,2026-07-01T07:06:36,2026-07-01T18:37:52
5fcbbed908d9,2026-07-03T23:30,2026-07-01T19:34:35,2026-07-03T01:17:04
94d22ed30af8,2026-07-01T23:30,2026-07-01T07:06:36,2026-07-01T18:37:52
94d22ed30af8,2026-07-03T23:30,2026-07-01T19:34:35,2026-07-03T01:17:04
dbc5da400865,2026-07-01T23:30,2026-07-01T07:06:36,2026-07-01T07:06:36
dc340fd0b61c,2026-07-01T23:30,2026-07-01T07:06:36,2026-07-01T18:37:52
dc340fd0b61c,2026-07-03T23:30,2026-07-01T19:34:35,2026-07-02T22:58:08
bbf817c34e1c,2026-07-01T23:30,2026-07-01T07:06:36,2026-07-01T11:45:51
bbf817c34e1c,2026-07-03T23:30,2026-07-01T13:19:54,2026-07-03T01:17:04
8517b885f334,2026-07-01T23:30,2026-07-01T07:06:36,2026-07-01T18:37:52
8517b885f334,2026-07-03T23:30,2026-07-01T19:34:35,2026-07-02T22:58:08
81b16c84d333,2026-07-01T23:30,2026-07-01T07:06:36,2026-07-01T18:37:52
81b16c84d333,2026-07-03T23:30,2026-07-01T19:34:35,2026-07-03T01:17:04
ef7daf204ad3,2026-07-01T23:30,2026-07-01T07:06:36,2026-07-01T18:37:52
ef7daf204ad3,2026-07-03T23:30,2026-07-01T19:34:35,2026-07-03T01:17:04
765f01a4a887,2026-07-01T23:30,2026-07-01T07:06:36,2026-07-01T07:06:36
3cce940afa43,2026-07-01T23:30,2026-07-01T07:06:36,2026-07-01T18:37:52
3cce940afa43,2026-07-03T23:30,2026-07-01T19:34:35,2026-07-03T01:17:04
245cb9b73479,2026-07-01T23:30,2026-07-01T07:06:36,2026-07-01T13:19:54
245cb9b73479,2026-07-03T23:30,2026-07-01T13:19:54,2026-07-03T00:04:33
99c60a3c7787,2026-07-01T23:30,2026-07-01T07:06:36,2026-07-01T18:37:52
99c60a3c7787,2026-07-03T23:30,2026-07-01T19:34:35,2026-07-02T22:58:08
e3b821953d99,2026-07-01T23:30,2026-07-01T07:06:36,2026-07-01T11:45:51
e3b821953d99,2026-07-03T23:30,2026-07-01T13:19:54,2026-07-03T01:17:04
b39e30895e08,2026-07-01T23:30,2026-07-01T07:06:36,2026-07-01T07:06:36
16a3d1536f1c,2026-07-01T23:30,2026-07-01T07:06:36,2026-07-01T11:45:51
16a3d1536f1c,2026-07-03T23:30,2026-07-01T13:19:54,2026-07-02T22:58:08
a889c000a0b7,2026-07-01T23:30,2026-07-01T07:06:36,2026-07-01T11:45:51
a889c000a0b7,2026-07-03T23:30,2026-07-01T13:19:54,2026-07-03T01:17:04
b0dc2ae912fd,2026-07-01T23:30,2026-07-01T07:06:36,2026-07-01T11:45:51
49f8116586de,2026-07-01T23:30,2026-07-01T07:06:36,2026-07-01T18:37:52
49f8116586de,2026-07-03T23:30,2026-07-01T19:34:35,2026-07-03T01:17:04
6a604578d3cc,2026-07-01T23:30,2026-07-01T07:06:36,2026-07-01T07:06:36
6fe3aa1e51af,2026-07-01T23:30,2026-07-01T07:06:36,2026-07-01T18:37:52
6fe3aa1e51af,2026-07-03T23:30,2026-07-01T19:34:35,2026-07-03T01:17:04
d955ae3817c3,2026-07-01T12:00,2026-07-01T07:06:36,2026-07-01T11:45:51
572027dfd68b,2026-07-01T11:00,2026-07-01T07:06:36,2026-07-01T10:24:57
95c645b878e0,2026-07-01T12:00,2026-07-01T08:49:10,2026-07-01T08:49:10
95d83af2ae99,2026-07-01T14:00,2026-07-01T08:49:10,2026-07-01T13:19:54
cd568e010ba1,2026-07-01T14:00,2026-07-01T08:49:10,2026-07-01T11:45:51
10b0c8a71f4b,2026-07-01T15:30,2026-07-01T08:49:10,2026-07-01T13:19:54
181e8b40c886,2026-07-01T15:30,2026-07-01T08:49:10,2026-07-01T15:36:21
17b2e7aa4e48,2026-07-01T15:00,2026-07-01T10:24:57,2026-07-01T13:19:54
9de139653b4e,2026-07-01T12:30,2026-07-01T10:24:57,2026-07-01T11:45:51
aa6669ce1d42,2026-07-01T13:00,2026-07-01T10:24:57,2026-07-01T13:19:54
26cb1e88c7e8,2026-07-01T13:00,2026-07-01T10:24:57,2026-07-01T11:45:51
0b655676c7f8,2026-07-01T15:30,2026-07-01T11:45:51,2026-07-01T15:36:21
0b655676c7f8,2026-07-02T15:30,2026-07-01T16:36:07,2026-07-02T10:56:57
0b655676c7f8,2026-07-02T19:30,2026-07-02T15:31:02,2026-07-02T19:47:22
b30d14536daa,2026-07-03T23:30,2026-07-01T13:19:54,2026-07-02T22:58:08
41f465c7355c,2026-07-03T23:30,2026-07-01T13:19:54,2026-07-03T00:04:33
9774d5bfc8c2,2026-07-01T15:30,2026-07-01T13:19:54,2026-07-01T13:19:54
c67bf7a64c0d,2026-07-01T19:30,2026-07-01T15:36:21,2026-07-01T18:37:52
c67bf7a64c0d,2026-07-02T15:30,2026-07-01T19:34:35,2026-07-02T10:56:57
475288426b28,2026-07-04T23:30,2026-07-01T16:36:07,2026-07-03T21:01:34
86dd0ffb8dd4,2026-07-04T23:30,2026-07-01T16:36:07,2026-07-03T21:01:34
113b653d86ee,2026-07-04T23:30,2026-07-01T16:36:07,2026-07-03T21:01:34
7ddbffcd7a72,2026-07-04T23:30,2026-07-01T16:36:07,2026-07-03T21:01:34
1d472f0511f7,2026-07-04T23:30,2026-07-01T16:36:07,2026-07-03T21:01:34
d0d3ef4ea942,2026-07-04T23:30,2026-07-01T16:36:07,2026-07-03T21:01:34
1f2c000d05fd,2026-07-04T23:30,2026-07-01T16:36:07,2026-07-03T21:01:34
c1bef6a515c8,2026-07-04T23:30,2026-07-01T16:36:07,2026-07-03T21:01:34
c748ee91e407,2026-07-04T23:30,2026-07-01T16:36:07,2026-07-03T21:01:34
e23a3e31a86f,2026-07-04T23:30,2026-07-01T16:36:07,2026-07-03T21:01:34
ff502001732d,2026-07-04T23:30,2026-07-01T16:36:07,2026-07-03T21:01:34
9b02077c59e8,2026-07-04T23:30,2026-07-01T16:36:07,2026-07-03T21:01:34
868ce0c9f99e,2026-07-04T23:30,2026-07-01T16:36:07,2026-07-03T23:52:51
34a8719e6fd3,2026-07-04T23:30,2026-07-01T16:36:07,2026-07-03T23:52:51
b991922aeeb5,2026-07-04T23:30,2026-07-01T16:36:07,2026-07-03T23:52:51
c041b5564d73,2026-07-04T23:30,2026-07-01T16:36:07,2026-07-03T23:52:51
0662a929d7e3,2026-07-04T23:30,2026-07-01T16:36:07,2026-07-03T23:52:51
e2794399e82f,2026-07-04T23:30,2026-07-01T16:36:07,2026-07-03T23:52:51
e039f0f1ed53,2026-07-04T23:30,2026-07-01T16:36:07,2026-07-03T23:52:51
e3a3ad5a70e0,2026-07-04T23:30,2026-07-01T16:36:07,2026-07-03T23:52:51
095f41a0fca2,2026-07-04T23:30,2026-07-01T16:36:07,2026-07-03T23:52:51
ec48466de3d2,2026-07-04T23:30,2026-07-01T16:36:07,2026-07-03T23:52:51
b7d5932091c3,2026-07-04T23:30,2026-07-01T16:36:07,2026-07-03T23:52:51
0b8b4ed6ae94,2026-07-04T23:30,2026-07-01T16:36:07,2026-07-03T23:52:51
efe155075211,2026-07-04T23:30,2026-07-01T16:36:07,2026-07-03T23:52:51
e00672a408bd,2026-07-01T23:30,2026-07-01T17:37:01,2026-07-01T19:34:35
a7031ecd349f,2026-07-01T23:30,2026-07-01T17:37:01,2026-07-01T19:34:35
d017cdcafcde,2026-07-01T23:30,2026-07-01T17:37:01,2026-07-01T19:34:35
2d0baac64ba5,2026-07-01T23:30,2026-07-01T17:37:01,2026-07-01T19:34:35
03970cda7462,2026-07-01T23:30,2026-07-01T17:37:01,2026-07-01T19:34:35
5e816cf6c705,2026-07-01T23:30,2026-07-01T17:37:01,2026-07-01T19:34:35
49b02e5afc40,2026-07-04T23:30,2026-07-01T17:37:01,2026-07-03T23:52:51
4e5a9600a9ea,2026-07-04T23:30,2026-07-01T17:37:01,2026-07-03T15:51:16
2e60f7f9041a,2026-07-04T23:30,2026-07-01T17:37:01,2026-07-03T15:51:16
985e7c20067c,2026-07-04T23:30,2026-07-01T17:37:01,2026-07-03T15:51:16
dbd8d84dc464,2026-07-03T23:30,2026-07-01T18:37:52,2026-07-03T21:01:34
dbd8d84dc464,2026-07-04T23:30,2026-07-03T22:45:59,2026-07-04T17:06:06
8746752d7d4d,2026-07-03T23:30,2026-07-01T18:37:52,2026-07-03T21:01:34
8746752d7d4d,2026-07-04T23:30,2026-07-03T22:45:59,2026-07-04T17:06:06
9369dbfc0f0a,2026-07-03T23:30,2026-07-01T18:37:52,2026-07-03T21:01:34
9369dbfc0f0a,2026-07-04T23:30,2026-07-03T22:45:59,2026-07-04T17:06:06
b4cb8ab5281b,2026-07-03T23:30,2026-07-01T18:37:52,2026-07-03T21:01:34
b4cb8ab5281b,2026-07-04T23:30,2026-07-03T22:45:59,2026-07-04T17:06:06
8cba299312d5,2026-07-01T23:30,2026-07-01T18:37:52,2026-07-01T19:34:35
13e864f989d4,2026-07-01T23:30,2026-07-01T18:37:52,2026-07-01T19:34:35
23aaa780aecc,2026-07-04T23:30,2026-07-01T18:37:52,2026-07-03T23:52:51
c82404b40d5f,2026-07-04T23:30,2026-07-01T18:37:52,2026-07-01T18:37:52
fde6ff1d5ac9,2026-07-03T23:30,2026-07-01T19:34:35,2026-07-02T22:58:08
1e2aa7ba71d4,2026-07-03T23:30,2026-07-01T19:34:35,2026-07-02T22:58:08
86b5e127fa6e,2026-07-02T23:30,2026-07-01T19:34:35,2026-07-02T15:31:02
784223bef408,2026-07-02T23:30,2026-07-01T19:34:35,2026-07-02T15:31:02
2aaf0aad9947,2026-07-02T23:30,2026-07-01T19:34:35,2026-07-02T15:31:02
57daa213cc78,2026-07-02T23:30,2026-07-01T19:34:35,2026-07-02T15:31:02
244aeb474737,2026-07-02T23:30,2026-07-01T19:34:35,2026-07-02T15:31:02
47a7caa98128,2026-07-02T23:30,2026-07-01T19:34:35,2026-07-02T15:31:02
1bc394c19c06,2026-07-02T23:30,2026-07-01T19:34:35,2026-07-02T15:31:02
2e8db12686b2,2026-07-02T23:30,2026-07-01T19:34:35,2026-07-01T19:34:35
e040d291b52d,2026-07-04T23:30,2026-07-01T19:34:35,2026-07-02T15:31:02
065bee9b0d63,2026-07-04T23:30,2026-07-01T19:34:35,2026-07-03T15:51:16
1636deeea557,2026-07-04T23:30,2026-07-01T19:34:35,2026-07-02T00:00:49
9301c341d3aa,2026-07-04T23:30,2026-07-01T19:34:35,2026-07-02T00:00:49
d5f773c41efa,2026-07-02T23:30,2026-07-01T20:25:44,2026-07-02T19:47:22
07afbc425ccc,2026-07-02T23:30,2026-07-01T20:25:44,2026-07-02T19:47:22
06f514835be5,2026-07-02T23:30,2026-07-01T20:25:44,2026-07-02T19:47:22
06f514835be5,2026-07-04T23:30,2026-07-02T21:21:48,2026-07-04T06:58:35
fd8c2cff05fb,2026-07-02T23:30,2026-07-01T20:25:44,2026-07-02T19:47:22
fd8c2cff05fb,2026-07-03T12:00,2026-07-02T21:21:48,2026-07-03T11:06:23
fd8c2cff05fb,2026-07-03T23:30,2026-07-03T13:48:34,2026-07-03T21:01:34
fd8c2cff05fb,2026-07-04T23:30,2026-07-03T22:45:59,2026-07-04T19:30:20
fd8c2cff05fb,2026-07-05T23:30,2026-07-04T22:51:38,2026-07-05T21:44:30
fd8c2cff05fb,2026-07-06T10:00,2026-07-05T22:58:14,2026-07-06T11:49:11
ba6b08dccf92,2026-07-02T23:30,2026-07-01T20:25:44,2026-07-02T19:47:22
fb164534499a,2026-07-02T23:30,2026-07-01T20:25:44,2026-07-02T19:47:22
7ec616ec78a4,2026-07-02T23:30,2026-07-01T20:25:44,2026-07-02T19:47:22
c3172777c2f5,2026-07-02T23:30,2026-07-01T20:25:44,2026-07-02T19:47:22
dd832deca05e,2026-07-02T23:30,2026-07-01T20:25:44,2026-07-02T19:47:22
369cad53293f,2026-07-02T23:30,2026-07-01T20:25:44,2026-07-02T19:47:22
1da4be01b283,2026-07-02T23:30,2026-07-01T20:25:44,2026-07-02T19:47:22
2c6a2cc5a77a,2026-07-02T23:30,2026-07-01T20:25:44,2026-07-02T19:47:22
c1697bf71beb,2026-07-02T23:30,2026-07-01T20:25:44,2026-07-02T19:47:22
b1b78218ffc4,2026-07-02T23:30,2026-07-01T20:25:44,2026-07-02T19:47:22
0dde4eb3893b,2026-07-02T23:30,2026-07-01T20:25:44,2026-07-02T19:47:22
6616d1735c5c,2026-07-02T23:30,2026-07-01T20:25:44,2026-07-02T19:47:22
48fe824537c2,2026-07-02T23:30,2026-07-01T20:25:44,2026-07-02T19:47:22
e459d390e1a8,2026-07-02T23:30,2026-07-01T20:25:44,2026-07-02T19:47:22
156a67fc5536,2026-07-02T23:30,2026-07-01T20:25:44,2026-07-02T19:47:22
ce3c3285a19b,2026-07-02T23:30,2026-07-01T20:25:44,2026-07-02T19:47:22
05dafa3415bc,2026-07-02T23:30,2026-07-01T20:25:44,2026-07-02T19:47:22
7bd0632ef8dd,2026-07-02T23:30,2026-07-01T20:25:44,2026-07-02T19:47:22
3b7e83bf6e92,2026-07-02T23:30,2026-07-01T20:25:44,2026-07-02T19:47:22
a48f980e201b,2026-07-02T23:30,2026-07-01T20:25:44,2026-07-02T19:47:22
a8dbc9b1c499,2026-07-02T23:30,2026-07-01T20:25:44,2026-07-02T19:47:22
14c816cb8749,2026-07-02T23:30,2026-07-01T20:25:44,2026-07-02T19:47:22
4a2feffff8b4,2026-07-02T23:30,2026-07-01T20:25:44,2026-07-02T15:31:02
8bafaff94d32,2026-07-04T23:30,2026-07-01T21:10:05,2026-07-03T13:48:34
956d3351bf15,2026-07-04T23:30,2026-07-01T21:10:05,2026-07-02T00:00:49
90ab0ba3e25a,2026-07-02T23:30,2026-07-01T21:10:05,2026-07-02T19:47:22
3794f3ba4dda,2026-07-02T23:30,2026-07-01T21:10:05,2026-07-02T19:47:22
a16b7f78b709,2026-07-01T23:00,2026-07-01T21:10:05,2026-07-01T22:31:43
fe17ba702140,2026-07-01T23:00,2026-07-01T21:10:05,2026-07-01T22:31:43
4e147df7a96f,2026-07-01T23:00,2026-07-01T21:10:05,2026-07-01T22:31:43
66336e8dfbcb,2026-07-01T23:00,2026-07-01T21:10:05,2026-07-01T22:31:43
81321f0a4a9a,2026-07-01T23:30,2026-07-01T21:54:03,2026-07-01T22:31:43
0e6f0882930e,2026-07-04T23:30,2026-07-01T21:54:03,2026-07-02T00:00:49
ce40584ae930,2026-07-01T23:00,2026-07-01T21:54:03,2026-07-01T22:31:43
48b11ec61035,2026-07-01T23:00,2026-07-01T21:54:03,2026-07-01T22:31:43
310137280e67,2026-07-04T23:30,2026-07-01T22:31:43,2026-07-02T00:00:49
bdeea1012021,2026-07-04T23:30,2026-07-01T22:31:43,2026-07-02T00:00:49
84e69d8d5203,2026-07-04T23:30,2026-07-02T00:00:49,2026-07-03T19:43:43
79dc4b9dfac8,2026-07-04T23:30,2026-07-02T07:45:01,2026-07-02T07:45:01
c628a80b3fb0,2026-07-04T23:30,2026-07-02T07:45:01,2026-07-02T07:45:01
351cd3c44763,2026-07-04T23:30,2026-07-02T07:45:01,2026-07-02T07:45:01
a45392eefba9,2026-07-04T23:30,2026-07-02T07:45:01,2026-07-02T07:45:01
0cf10b74b97e,2026-07-04T23:30,2026-07-02T07:45:01,2026-07-02T07:45:01
65855bd1151c,2026-07-04T23:30,2026-07-02T07:45:01,2026-07-03T23:52:51
188ac5cbf075,2026-07-04T23:30,2026-07-02T07:45:01,2026-07-02T07:45:01
7f87ef44d7f3,2026-07-04T23:30,2026-07-02T07:45:01,2026-07-02T07:45:01
43c5bd5f7886,2026-07-04T23:30,2026-07-02T07:45:01,2026-07-02T07:45:01
eace3a3f8a08,2026-07-04T23:30,2026-07-02T07:45:01,2026-07-03T23:52:51
da5cd2c3011d,2026-07-04T23:30,2026-07-02T07:45:01,2026-07-02T07:45:01
1966b21a97da,2026-07-04T23:30,2026-07-02T07:45:01,2026-07-03T23:52:51
0fdc8732c53a,2026-07-04T23:30,2026-07-02T07:45:01,2026-07-02T07:45:01
e209b791361d,2026-07-04T23:30,2026-07-02T07:45:01,2026-07-02T07:45:01
a82830f8860a,2026-07-04T23:30,2026-07-02T07:45:01,2026-07-02T07:45:01
0b826f2c0b4a,2026-07-04T23:30,2026-07-02T07:45:01,2026-07-02T07:45:01
de69851a6048,2026-07-04T23:30,2026-07-02T07:45:01,2026-07-02T07:45:01
25f161b33e27,2026-07-04T23:30,2026-07-02T07:45:01,2026-07-02T07:45:01
ef998b6544b0,2026-07-04T23:30,2026-07-02T07:45:01,2026-07-02T07:45:01
a1d570955fe0,2026-07-04T23:30,2026-07-02T07:45:01,2026-07-03T23:52:51
d4367cf24855,2026-07-04T23:30,2026-07-02T07:45:01,2026-07-02T07:45:01
fc0bfeb784c6,2026-07-02T23:30,2026-07-02T07:45:01,2026-07-02T19:47:22
0ee2239569a7,2026-07-02T23:30,2026-07-02T07:45:01,2026-07-02T19:47:22
dce768bbecae,2026-07-02T15:30,2026-07-02T10:56:57,2026-07-02T10:56:57
dce768bbecae,2026-07-02T17:30,2026-07-02T15:31:02,2026-07-02T15:31:02
c604e7e0d9bc,2026-07-02T14:30,2026-07-02T10:56:57,2026-07-02T10:56:57
b1d0b97e24ae,2026-07-02T15:30,2026-07-02T10:56:57,2026-07-02T10:56:57
75619aa5c9e0,2026-07-02T14:00,2026-07-02T10:56:57,2026-07-02T10:56:57
bd842212f044,2026-07-02T14:30,2026-07-02T10:56:57,2026-07-02T10:56:57
db2058c292d3,2026-07-02T13:30,2026-07-02T10:56:57,2026-07-02T10:56:57
f65e61304334,2026-07-02T15:30,2026-07-02T10:56:57,2026-07-02T10:56:57
77f027c1c947,2026-07-08T15:30,2026-07-02T21:21:48,2026-07-04T06:58:35
959f6c206997,2026-07-03T08:00,2026-07-03T01:17:04,2026-07-03T07:57:27
a8d71efa45e4,2026-07-03T08:00,2026-07-03T01:17:04,2026-07-03T07:57:27
5c0db7f39fc3,2026-07-03T18:00,2026-07-03T11:06:23,2026-07-03T11:06:23
1c0d0b45699e,2026-07-03T18:00,2026-07-03T11:06:23,2026-07-03T11:06:23
5cf6afa25fe7,2026-07-03T23:30,2026-07-03T11:06:23,2026-07-03T11:06:23
8e467eafa99f,2026-07-03T13:30,2026-07-03T11:06:23,2026-07-03T11:06:23
cfdeeeee3ca7,2026-07-03T12:00,2026-07-03T11:06:23,2026-07-03T11:06:23
6d06d785cfda,2026-07-03T14:00,2026-07-03T11:06:23,2026-07-03T15:51:16
c7ca5828fc16,2026-07-03T13:30,2026-07-03T11:06:23,2026-07-03T11:06:23
26f0412178e4,2026-07-03T15:30,2026-07-03T13:48:34,2026-07-03T15:51:16
26f0412178e4,2026-07-03T18:30,2026-07-03T18:01:13,2026-07-03T18:01:13
aead8184a97a,2026-07-03T14:30,2026-07-03T13:48:34,2026-07-03T13:48:34
c19d0032e96e,2026-07-03T23:30,2026-07-03T13:48:34,2026-07-03T15:51:16
0e9a089fce62,2026-07-03T23:30,2026-07-03T13:48:34,2026-07-03T22:45:59
0e9a089fce62,2026-07-04T10:00,2026-07-03T23:52:51,2026-07-04T09:46:25
0e9a089fce62,2026-07-04T23:00,2026-07-04T12:13:45,2026-07-04T18:19:50
90bd00d1a32f,2026-07-03T23:30,2026-07-03T13:48:34,2026-07-03T15:51:16
2353aa9f5cad,2026-07-03T23:30,2026-07-03T13:48:34,2026-07-03T22:45:59
2353aa9f5cad,2026-07-04T10:00,2026-07-03T23:52:51,2026-07-04T09:46:25
2353aa9f5cad,2026-07-04T23:00,2026-07-04T12:13:45,2026-07-04T22:51:38
2353aa9f5cad,2026-07-05T23:00,2026-07-04T23:43:06,2026-07-05T08:28:59
810bcb22e8ef,2026-07-03T23:30,2026-07-03T13:48:34,2026-07-03T22:45:59
5592ccc6d972,2026-07-03T15:30,2026-07-03T13:48:34,2026-07-03T13:48:34
b1ac667ba5d1,2026-07-03T16:00,2026-07-03T13:48:34,2026-07-03T13:48:34
42f5c36345e9,2026-07-03T16:00,2026-07-03T13:48:34,2026-07-03T13:48:34
ea21e0ff7cee,2026-07-03T16:00,2026-07-03T13:48:34,2026-07-03T13:48:34
696cfda51512,2026-07-03T16:00,2026-07-03T13:48:34,2026-07-03T13:48:34
719a9048ac93,2026-07-03T16:00,2026-07-03T13:48:34,2026-07-03T13:48:34
3194daf0410f,2026-07-03T16:00,2026-07-03T13:48:34,2026-07-03T13:48:34
f7633e9282c7,2026-07-03T16:00,2026-07-03T13:48:34,2026-07-03T13:48:34
3f007bb33d42,2026-07-03T16:00,2026-07-03T13:48:34,2026-07-03T13:48:34
ac1282f39ebc,2026-07-03T16:00,2026-07-03T13:48:34,2026-07-03T13:48:34
2eea835f866d,2026-07-03T16:00,2026-07-03T13:48:34,2026-07-03T13:48:34
43f91939b5fe,2026-07-03T16:00,2026-07-03T13:48:34,2026-07-03T13:48:34
13222366dec7,2026-07-03T16:00,2026-07-03T13:48:34,2026-07-03T13:48:34
6a2d7381e455,2026-07-03T16:00,2026-07-03T13:48:34,2026-07-03T13:48:34
7a60ae1e0095,2026-07-03T16:00,2026-07-03T13:48:34,2026-07-03T13:48:34
2462f552bbaf,2026-07-03T16:00,2026-07-03T13:48:34,2026-07-03T13:48:34
c95b626a0b66,2026-07-03T21:00,2026-07-03T18:01:13,2026-07-03T19:43:43
c95b626a0b66,2026-07-03T23:30,2026-07-03T21:01:34,2026-07-03T22:45:59
c95b626a0b66,2026-07-04T01:00,2026-07-03T23:52:51,2026-07-03T23:52:51
c95b626a0b66,2026-07-04T09:00,2026-07-04T06:58:35,2026-07-04T06:58:35
c95b626a0b66,2026-07-04T16:00,2026-07-04T09:46:25,2026-07-04T15:15:57
c95b626a0b66,2026-07-04T23:30,2026-07-04T17:06:06,2026-07-04T22:51:38
c95b626a0b66,2026-07-05T23:30,2026-07-04T23:43:06,2026-07-04T23:43:06
03a365636ee1,2026-07-03T21:00,2026-07-03T18:01:13,2026-07-03T19:43:43
03a365636ee1,2026-07-03T23:30,2026-07-03T21:01:34,2026-07-03T22:45:59
03a365636ee1,2026-07-04T01:00,2026-07-03T23:52:51,2026-07-03T23:52:51
03a365636ee1,2026-07-04T09:00,2026-07-04T06:58:35,2026-07-04T06:58:35
03a365636ee1,2026-07-04T16:00,2026-07-04T09:46:25,2026-07-04T15:15:57
03a365636ee1,2026-07-04T23:30,2026-07-04T17:06:06,2026-07-04T22:51:38
03a365636ee1,2026-07-05T23:30,2026-07-04T23:43:06,2026-07-04T23:43:06
c86543b5e605,2026-07-03T21:00,2026-07-03T18:01:13,2026-07-03T18:01:13
d109780cd58b,2026-07-03T19:30,2026-07-03T18:01:13,2026-07-03T19:43:43
b96761f013c5,2026-07-03T23:30,2026-07-03T18:01:13,2026-07-03T22:45:59
548c41f2a3cc,2026-07-07T23:00,2026-07-03T18:01:13,2026-07-07T18:49:33
9d70e9c2af6c,2026-07-03T23:30,2026-07-03T19:43:43,2026-07-03T22:45:59
9c266c9efe71,2026-07-03T23:30,2026-07-03T19:43:43,2026-07-03T22:45:59
d48949453317,2026-07-03T23:30,2026-07-03T21:01:34,2026-07-03T22:45:59
d48949453317,2026-07-04T01:00,2026-07-03T23:52:51,2026-07-03T23:52:51
d48949453317,2026-07-04T09:00,2026-07-04T06:58:35,2026-07-04T06:58:35
d48949453317,2026-07-04T16:00,2026-07-04T09:46:25,2026-07-04T15:15:57
d48949453317,2026-07-04T23:30,2026-07-04T17:06:06,2026-07-04T22:51:38
d48949453317,2026-07-05T23:30,2026-07-04T23:43:06,2026-07-04T23:43:06
5076330fd0a2,2026-07-03T23:30,2026-07-03T22:45:59,2026-07-03T22:45:59
2a5b4bb97a23,2026-07-03T23:30,2026-07-03T22:45:59,2026-07-03T22:45:59
7c04c47c70f6,2026-07-03T23:30,2026-07-03T22:45:59,2026-07-03T22:45:59
857da1760542,2026-07-03T23:30,2026-07-03T22:45:59,2026-07-03T22:45:59
1bd8c57859cf,2026-07-03T23:30,2026-07-03T22:45:59,2026-07-03T22:45:59
7fbda9ff1423,2026-07-04T09:00,2026-07-04T06:58:35,2026-07-04T06:58:35
77a042679274,2026-07-04T09:00,2026-07-04T06:58:35,2026-07-04T06:58:35
77a042679274,2026-07-04T16:00,2026-07-04T09:46:25,2026-07-04T15:15:57
77a042679274,2026-07-04T23:30,2026-07-04T17:06:06,2026-07-04T22:51:38
77a042679274,2026-07-05T23:30,2026-07-04T23:43:06,2026-07-04T23:43:06
f25b5864163b,2026-07-04T09:00,2026-07-04T06:58:35,2026-07-04T06:58:35
c8712d34367c,2026-07-04T09:00,2026-07-04T06:58:35,2026-07-04T06:58:35
c8712d34367c,2026-07-04T16:00,2026-07-04T09:46:25,2026-07-04T15:15:57
c8712d34367c,2026-07-04T23:30,2026-07-04T17:06:06,2026-07-04T22:51:38
c8712d34367c,2026-07-05T23:30,2026-07-04T23:43:06,2026-07-04T23:43:06
a74af75affda,2026-07-04T09:00,2026-07-04T06:58:35,2026-07-04T06:58:35
15031654bf34,2026-07-04T10:00,2026-07-04T06:58:35,2026-07-04T09:46:25
00d5ff585585,2026-07-04T10:00,2026-07-04T06:58:35,2026-07-04T09:46:25
00d5ff585585,2026-07-04T23:00,2026-07-04T12:13:45,2026-07-04T18:19:50
b80f4c4b5c63,2026-07-04T10:00,2026-07-04T06:58:35,2026-07-04T09:46:25
138993e7982d,2026-07-04T10:00,2026-07-04T06:58:35,2026-07-04T09:46:25
138993e7982d,2026-07-04T23:00,2026-07-04T12:13:45,2026-07-04T22:51:38
cb912ca8ee28,2026-07-04T10:00,2026-07-04T06:58:35,2026-07-04T09:46:25
b1fe6150d16d,2026-07-04T10:00,2026-07-04T06:58:35,2026-07-04T09:46:25
a314eca7b4a5,2026-07-04T10:00,2026-07-04T06:58:35,2026-07-04T09:46:25
a314eca7b4a5,2026-07-04T23:00,2026-07-04T12:13:45,2026-07-04T22:51:38
36518159a234,2026-07-04T16:00,2026-07-04T09:46:25,2026-07-04T15:15:57
36518159a234,2026-07-04T23:30,2026-07-04T17:06:06,2026-07-04T22:51:38
36518159a234,2026-07-05T23:30,2026-07-04T23:43:06,2026-07-04T23:43:06
821e5e9f1fcd,2026-07-04T16:00,2026-07-04T09:46:25,2026-07-04T15:15:57
821e5e9f1fcd,2026-07-04T23:30,2026-07-04T17:06:06,2026-07-04T22:51:38
821e5e9f1fcd,2026-07-05T23:30,2026-07-04T23:43:06,2026-07-04T23:43:06
dae900126bbf,2026-07-04T12:00,2026-07-04T09:46:25,2026-07-04T09:46:25
dae900126bbf,2026-07-04T23:30,2026-07-04T12:13:45,2026-07-04T14:00:20
790ddc3f073e,2026-07-04T12:00,2026-07-04T09:46:25,2026-07-04T09:46:25
790ddc3f073e,2026-07-04T23:30,2026-07-04T12:13:45,2026-07-04T14:00:20
50330f2f3d8d,2026-07-04T12:00,2026-07-04T09:46:25,2026-07-04T09:46:25
50330f2f3d8d,2026-07-04T23:30,2026-07-04T12:13:45,2026-07-04T22:51:38
50330f2f3d8d,2026-07-05T08:00,2026-07-04T23:43:06,2026-07-04T23:43:06
363a4b52bd37,2026-07-04T12:00,2026-07-04T09:46:25,2026-07-04T09:46:25
363a4b52bd37,2026-07-04T23:30,2026-07-04T12:13:45,2026-07-04T14:00:20
8be8feaf2995,2026-07-04T12:00,2026-07-04T09:46:25,2026-07-04T09:46:25
8be8feaf2995,2026-07-04T23:30,2026-07-04T12:13:45,2026-07-04T22:51:38
8be8feaf2995,2026-07-05T08:00,2026-07-04T23:43:06,2026-07-04T23:43:06
d2b2b62d0db1,2026-07-04T23:00,2026-07-04T12:13:45,2026-07-04T19:30:20
ead49cf837cf,2026-07-04T20:00,2026-07-04T12:13:45,2026-07-04T14:00:20
8bff647e1dbf,2026-07-04T16:00,2026-07-04T14:00:20,2026-07-04T15:15:57
8bff647e1dbf,2026-07-04T23:30,2026-07-04T17:06:06,2026-07-04T22:51:38
8bff647e1dbf,2026-07-05T23:30,2026-07-04T23:43:06,2026-07-04T23:43:06
97859018d5e9,2026-07-04T16:00,2026-07-04T15:15:57,2026-07-04T15:15:57
97859018d5e9,2026-07-04T19:00,2026-07-04T17:06:06,2026-07-04T18:19:50
97859018d5e9,2026-07-04T22:30,2026-07-04T19:30:20,2026-07-04T22:51:38
97859018d5e9,2026-07-05T08:00,2026-07-04T23:43:06,2026-07-04T23:43:06
97859018d5e9,2026-07-05T23:00,2026-07-05T08:28:59,2026-07-05T22:58:14
97859018d5e9,2026-07-06T15:30,2026-07-05T23:58:14,2026-07-06T07:39:21
ad5455663e5d,2026-07-04T17:00,2026-07-04T15:15:57,2026-07-04T15:15:57
5d6e754887bf,2026-07-04T23:30,2026-07-04T18:19:50,2026-07-04T22:51:38
b5d7c41f12c9,2026-07-05T23:30,2026-07-05T13:34:57,2026-07-05T21:44:30
b5d7c41f12c9,2026-07-06T10:00,2026-07-05T22:58:14,2026-07-06T01:00:06
1188030ded2c,2026-07-05T23:30,2026-07-05T13:34:57,2026-07-05T21:44:30
1188030ded2c,2026-07-06T10:00,2026-07-05T22:58:14,2026-07-06T01:00:06
2bfd85c367f5,2026-07-05T23:30,2026-07-05T13:34:57,2026-07-05T21:44:30
2bfd85c367f5,2026-07-06T10:00,2026-07-05T22:58:14,2026-07-06T01:00:06
175c09a2795b,2026-07-05T23:30,2026-07-05T13:34:57,2026-07-05T21:44:30
175c09a2795b,2026-07-06T10:00,2026-07-05T22:58:14,2026-07-06T01:00:06
c17aa1094081,2026-07-05T23:30,2026-07-05T13:34:57,2026-07-05T21:44:30
c17aa1094081,2026-07-06T10:00,2026-07-05T22:58:14,2026-07-06T07:39:21
c17aa1094081,2026-07-06T14:00,2026-07-06T11:49:11,2026-07-06T11:49:11
f566c9ef49cc,2026-07-05T23:30,2026-07-05T13:34:57,2026-07-05T22:58:14
f566c9ef49cc,2026-07-06T08:00,2026-07-05T23:58:14,2026-07-06T07:39:21
e4107f0aab30,2026-07-05T23:30,2026-07-05T13:34:57,2026-07-05T22:58:14
e4107f0aab30,2026-07-06T08:00,2026-07-05T23:58:14,2026-07-06T07:39:21
e4107f0aab30,2026-07-06T12:00,2026-07-06T11:49:11,2026-07-06T11:49:11
3f4a9f24c2e3,2026-07-05T23:30,2026-07-05T13:34:57,2026-07-05T22:58:14
3f4a9f24c2e3,2026-07-06T08:00,2026-07-05T23:58:14,2026-07-06T07:39:21
3f4a9f24c2e3,2026-07-06T12:00,2026-07-06T11:49:11,2026-07-06T11:49:11
098969577bd4,2026-07-05T23:30,2026-07-05T15:02:35,2026-07-05T22:58:14
3f274586a718,2026-07-05T23:30,2026-07-05T15:02:35,2026-07-05T22:58:14
9e4cf5bf1017,2026-07-05T23:30,2026-07-05T17:06:00,2026-07-05T23:58:14
bb7161821176,2026-07-05T23:00,2026-07-05T18:35:36,2026-07-05T18:35:36
4d21e999271f,2026-07-05T23:30,2026-07-05T20:43:07,2026-07-05T23:58:14
52b5551d5c84,2026-07-05T23:30,2026-07-05T20:43:07,2026-07-05T23:58:14
47bef3d58274,2026-07-05T23:30,2026-07-05T20:43:07,2026-07-05T23:58:14
37080e7f6e30,2026-07-05T23:30,2026-07-05T20:43:07,2026-07-05T23:58:14
ad5b27b14605,2026-07-05T23:30,2026-07-05T20:43:07,2026-07-05T23:58:14
c08d06eacf16,2026-07-05T23:30,2026-07-05T20:43:07,2026-07-05T23:58:14
fbe4422e30ab,2026-07-05T23:30,2026-07-05T20:43:07,2026-07-05T23:58:14
7a9a41997ae7,2026-07-05T23:30,2026-07-05T20:43:07,2026-07-05T23:58:14
efec6c5ba933,2026-07-05T23:30,2026-07-05T20:43:07,2026-07-05T23:58:14
027aeb137a79,2026-07-05T23:30,2026-07-05T20:43:07,2026-07-05T23:58:14
f7b76218bda1,2026-07-05T23:30,2026-07-05T20:43:07,2026-07-05T22:58:14
f7b76218bda1,2026-07-06T08:00,2026-07-05T23:58:14,2026-07-06T07:39:21
2fdb65c13780,2026-07-05T23:30,2026-07-05T20:43:07,2026-07-05T22:58:14
2fdb65c13780,2026-07-06T08:00,2026-07-05T23:58:14,2026-07-06T07:39:21
d77e1bb77a4a,2026-07-05T23:30,2026-07-05T21:44:30,2026-07-05T22:58:14
d79d0ada5e11,2026-07-05T23:30,2026-07-05T21:44:30,2026-07-05T22:58:14
f5b3b791c9ce,2026-07-05T23:30,2026-07-05T21:44:30,2026-07-05T22:58:14
c5c2d119b9cd,2026-07-05T23:30,2026-07-05T21:44:30,2026-07-05T22:58:14
49071eb142d2,2026-07-05T23:30,2026-07-05T21:44:30,2026-07-05T22:58:14
d70ced7611ef,2026-07-05T23:30,2026-07-05T21:44:30,2026-07-05T22:58:14
eece62ac1fa0,2026-07-05T23:30,2026-07-05T21:44:30,2026-07-05T22:58:14
80d6c74633a2,2026-07-06T10:00,2026-07-05T22:58:14,2026-07-06T01:00:06
9d41889486a3,2026-07-06T10:00,2026-07-05T22:58:14,2026-07-06T01:00:06
09d6181ad603,2026-07-06T10:00,2026-07-05T22:58:14,2026-07-06T01:00:06
0229464aeb60,2026-07-05T23:30,2026-07-05T22:58:14,2026-07-05T22:58:14
6b952fc19350,2026-07-06T10:00,2026-07-06T07:39:21,2026-07-06T07:39:21
78498a4b47ff,2026-07-06T10:00,2026-07-06T07:39:21,2026-07-06T07:39:21
7a2bbdd5bc82,2026-07-06T10:00,2026-07-06T07:39:21,2026-07-06T07:39:21
bf6d41e3679d,2026-07-06T10:00,2026-07-06T07:39:21,2026-07-06T07:39:21
d181d1797cfb,2026-07-06T10:00,2026-07-06T07:39:21,2026-07-06T07:39:21
d181d1797cfb,2026-07-06T12:00,2026-07-06T11:49:11,2026-07-06T11:49:11
d181d1797cfb,2026-07-06T23:30,2026-07-06T15:36:08,2026-07-06T23:19:33
c9f995f723cb,2026-07-06T10:00,2026-07-06T07:39:21,2026-07-06T07:39:21
6fee7ebb0e88,2026-07-06T10:00,2026-07-06T07:39:21,2026-07-06T07:39:21
869a60fff41e,2026-07-06T10:00,2026-07-06T07:39:21,2026-07-06T07:39:21
aa3f1de5c7de,2026-07-09T23:30,2026-07-06T11:49:11,2026-07-08T00:09:41
4f5820ed1cb1,2026-07-09T23:30,2026-07-06T11:49:11,2026-07-08T00:09:41
a116932e9cd2,2026-07-06T14:00,2026-07-06T11:49:11,2026-07-06T11:49:11
bba09ce41f3e,2026-07-06T23:30,2026-07-06T11:49:11,2026-07-06T21:19:46
bba09ce41f3e,2026-07-07T23:30,2026-07-06T23:19:33,2026-07-07T18:49:33
ea43086a94d9,2026-07-06T23:30,2026-07-06T11:49:11,2026-07-06T21:19:46
ea43086a94d9,2026-07-07T23:30,2026-07-06T23:19:33,2026-07-07T18:49:33
ca6b5aeb5e35,2026-07-06T14:00,2026-07-06T11:49:11,2026-07-06T11:49:11
66b31ae5dd99,2026-07-06T14:00,2026-07-06T11:49:11,2026-07-06T11:49:11
1538faf35cf8,2026-07-06T14:00,2026-07-06T11:49:11,2026-07-06T11:49:11
9c9e7725a445,2026-07-06T14:00,2026-07-06T11:49:11,2026-07-06T11:49:11
a91d461dafd4,2026-07-06T14:00,2026-07-06T11:49:11,2026-07-06T11:49:11
7f793cf7eec6,2026-07-06T14:00,2026-07-06T11:49:11,2026-07-06T11:49:11
9c1316a7a392,2026-07-06T14:00,2026-07-06T11:49:11,2026-07-06T11:49:11
9c1316a7a392,2026-07-10T23:30,2026-07-06T15:36:08,2026-07-08T09:37:32
6ccbf617b613,2026-07-06T14:00,2026-07-06T11:49:11,2026-07-06T11:49:11
6ccbf617b613,2026-07-10T23:30,2026-07-06T15:36:08,2026-07-08T09:37:32
cd94764f9c9c,2026-07-06T12:30,2026-07-06T11:49:11,2026-07-06T11:49:11
74399ceb7104,2026-07-10T23:00,2026-07-06T11:49:11,2026-07-10T10:02:55
74399ceb7104,2026-07-13T23:00,2026-07-10T13:28:50,2026-07-13T13:15:41
74399ceb7104,2026-07-14T23:00,2026-07-13T15:43:16,2026-07-14T20:45:30
74399ceb7104,2026-07-15T08:00,2026-07-14T23:20:42,2026-07-14T23:20:42
c62470372f20,2026-07-10T23:00,2026-07-06T11:49:11,2026-07-10T10:02:55
c62470372f20,2026-07-13T23:00,2026-07-10T13:28:50,2026-07-13T13:15:41
c62470372f20,2026-07-14T23:00,2026-07-13T15:43:16,2026-07-14T20:45:30
c62470372f20,2026-07-15T08:00,2026-07-14T23:20:42,2026-07-14T23:20:42
381abfde3e6b,2026-07-10T23:00,2026-07-06T11:49:11,2026-07-10T10:02:55
381abfde3e6b,2026-07-13T23:00,2026-07-10T13:28:50,2026-07-13T13:15:41
381abfde3e6b,2026-07-14T23:00,2026-07-13T15:43:16,2026-07-14T20:45:30
381abfde3e6b,2026-07-15T08:00,2026-07-14T23:20:42,2026-07-14T23:20:42
7341b9ba8695,2026-07-10T23:00,2026-07-06T11:49:11,2026-07-10T10:02:55
7341b9ba8695,2026-07-13T23:00,2026-07-10T13:28:50,2026-07-13T13:15:41
7341b9ba8695,2026-07-14T23:00,2026-07-13T15:43:16,2026-07-14T20:45:30
7341b9ba8695,2026-07-15T08:00,2026-07-14T23:20:42,2026-07-14T23:20:42
c1a38dc9a297,2026-07-10T23:00,2026-07-06T11:49:11,2026-07-10T10:02:55
c1a38dc9a297,2026-07-13T23:00,2026-07-10T13:28:50,2026-07-13T13:15:41
c1a38dc9a297,2026-07-14T23:00,2026-07-13T15:43:16,2026-07-14T20:45:30
c1a38dc9a297,2026-07-15T08:00,2026-07-14T23:20:42,2026-07-14T23:20:42
30c2b2b10100,2026-07-10T23:00,2026-07-06T11:49:11,2026-07-10T10:02:55
30c2b2b10100,2026-07-13T23:00,2026-07-10T13:28:50,2026-07-13T13:15:41
30c2b2b10100,2026-07-14T23:00,2026-07-13T15:43:16,2026-07-14T20:45:30
30c2b2b10100,2026-07-15T08:00,2026-07-14T23:20:42,2026-07-14T23:20:42
a575d50419a6,2026-07-06T14:00,2026-07-06T11:49:11,2026-07-06T11:49:11
648d565a1d20,2026-07-06T15:30,2026-07-06T11:49:11,2026-07-06T15:36:08
648d565a1d20,2026-07-06T16:30,2026-07-06T11:49:11,2026-07-06T15:36:08
367afd8119c9,2026-07-06T13:30,2026-07-06T11:49:11,2026-07-06T11:49:11
81b50a2d95c8,2026-07-06T13:30,2026-07-06T11:49:11,2026-07-06T11:49:11
49774d80885d,2026-07-06T16:00,2026-07-06T11:49:11,2026-07-06T11:49:11
a03d45119b07,2026-07-06T12:00,2026-07-06T11:49:11,2026-07-06T11:49:11
a03d45119b07,2026-07-06T23:30,2026-07-06T15:36:08,2026-07-06T23:19:33
d3082cd1422a,2026-07-06T15:30,2026-07-06T11:49:11,2026-07-06T11:49:11
d3082cd1422a,2026-07-06T20:30,2026-07-06T15:36:08,2026-07-06T19:04:50
496f0e969b04,2026-07-08T23:00,2026-07-06T11:49:11,2026-07-08T18:16:19
67a04c92f6b8,2026-07-08T23:00,2026-07-06T11:49:11,2026-07-08T18:16:19
a927557fa029,2026-07-08T23:00,2026-07-06T11:49:11,2026-07-08T18:16:19
6316a7cdd48c,2026-07-08T23:00,2026-07-06T11:49:11,2026-07-08T18:16:19
56247c92d455,2026-07-08T23:00,2026-07-06T11:49:11,2026-07-08T18:16:19
5b54c6ed0c5d,2026-07-08T23:00,2026-07-06T11:49:11,2026-07-08T18:16:19
99b356cfc885,2026-07-08T23:00,2026-07-06T11:49:11,2026-07-08T18:16:19
930bd4d68e79,2026-07-08T23:00,2026-07-06T11:49:11,2026-07-08T18:16:19
930bd4d68e79,2026-07-09T23:00,2026-07-08T19:54:22,2026-07-09T19:40:19
930bd4d68e79,2026-07-10T10:00,2026-07-09T21:24:31,2026-07-10T06:34:25
930bd4d68e79,2026-07-10T16:00,2026-07-10T10:02:55,2026-07-10T15:40:18
33c9930af13d,2026-07-08T23:00,2026-07-06T11:49:11,2026-07-08T18:16:19
fb02cb016a3a,2026-07-08T23:00,2026-07-06T11:49:11,2026-07-08T18:16:19
a477cd64b0d4,2026-07-08T23:00,2026-07-06T11:49:11,2026-07-08T18:16:19
5d96e0949536,2026-07-06T12:30,2026-07-06T11:49:11,2026-07-06T11:49:11
6738f1771f3c,2026-07-06T12:30,2026-07-06T11:49:11,2026-07-06T11:49:11
a4eded04fd13,2026-07-06T14:00,2026-07-06T11:49:11,2026-07-06T11:49:11
0a7b186ac440,2026-07-06T15:30,2026-07-06T11:49:11,2026-07-06T15:36:08
2cdd3d86842d,2026-07-06T23:30,2026-07-06T15:36:08,2026-07-06T23:19:33
cc308fd62fcf,2026-07-06T23:30,2026-07-06T15:36:08,2026-07-06T23:19:33
97e70804d72e,2026-07-06T23:30,2026-07-06T15:36:08,2026-07-06T19:04:50
e4c302adb882,2026-07-13T23:30,2026-07-06T15:36:08,2026-07-08T15:57:02
ce39b339bf7e,2026-07-06T23:30,2026-07-06T19:04:50,2026-07-06T19:04:50
8196b8209b36,2026-07-06T23:30,2026-07-06T19:04:50,2026-07-06T19:04:50
9eb5ae166b5d,2026-07-06T23:30,2026-07-06T19:04:50,2026-07-06T19:04:50
9ee6634e42d3,2026-07-06T23:30,2026-07-06T19:04:50,2026-07-06T19:04:50
486882acb292,2026-07-06T23:30,2026-07-06T21:19:46,2026-07-06T23:19:33
aee5d8c40379,2026-07-06T23:30,2026-07-06T21:19:46,2026-07-06T23:19:33
9c7e0dde9c45,2026-07-06T23:30,2026-07-06T21:19:46,2026-07-06T23:19:33
872cbdf0a27f,2026-07-06T23:30,2026-07-06T21:19:46,2026-07-06T23:19:33
559f8056043e,2026-07-06T23:30,2026-07-06T21:19:46,2026-07-06T23:19:33
bfb8a7e42ba2,2026-07-07T23:00,2026-07-06T21:19:46,2026-07-07T18:49:33
58e83d1c302f,2026-07-07T13:30,2026-07-07T10:52:28,2026-07-07T13:45:33
cbf7484025f2,2026-07-07T12:00,2026-07-07T10:52:28,2026-07-07T10:52:28
55f89753be2a,2026-07-10T23:00,2026-07-07T10:52:28,2026-07-10T15:40:18
3f930b047118,2026-07-10T23:00,2026-07-07T10:52:28,2026-07-10T15:40:18
594a1ca49181,2026-07-10T23:00,2026-07-07T10:52:28,2026-07-08T14:15:40
3dd2d482bb1b,2026-07-07T13:00,2026-07-07T10:52:28,2026-07-07T10:52:28
97660d43b393,2026-07-10T23:30,2026-07-07T10:52:28,2026-07-08T14:15:40
d939ed9cd1b0,2026-07-10T23:30,2026-07-07T10:52:28,2026-07-08T14:15:40
f7b3c77c3988,2026-07-10T23:30,2026-07-07T10:52:28,2026-07-08T14:15:40
c299cc85216f,2026-07-10T23:30,2026-07-07T10:52:28,2026-07-08T14:15:40
04867541cb85,2026-07-07T14:00,2026-07-07T10:52:28,2026-07-07T13:45:33
938592693304,2026-07-07T15:30,2026-07-07T10:52:28,2026-07-07T13:45:33
f702581c2e14,2026-07-07T15:00,2026-07-07T10:52:28,2026-07-07T10:52:28
ee56138f2169,2026-07-08T23:00,2026-07-07T10:52:28,2026-07-08T19:54:22
8dc89648c65c,2026-07-07T15:00,2026-07-07T10:52:28,2026-07-07T10:52:28
b4f92c7670d6,2026-07-07T10:00,2026-07-07T10:52:28,2026-07-07T10:52:28
1426e2cb2b19,2026-07-07T14:00,2026-07-07T10:52:28,2026-07-07T10:52:28
4ac3f196e4b7,2026-07-07T12:00,2026-07-07T10:52:28,2026-07-07T10:52:28
0cf326d649e1,2026-07-07T15:30,2026-07-07T10:52:28,2026-07-07T13:45:33
0cf326d649e1,2026-07-07T17:30,2026-07-07T16:10:43,2026-07-07T16:10:43
20faf66652bf,2026-07-07T14:00,2026-07-07T10:52:28,2026-07-07T10:52:28
4bffb9ad3ed2,2026-07-07T15:00,2026-07-07T10:52:28,2026-07-07T10:52:28
9e2c814febb8,2026-07-08T18:00,2026-07-07T10:52:28,2026-07-08T18:16:19
36f1df8ea8fd,2026-07-07T14:30,2026-07-07T10:52:28,2026-07-07T10:52:28
1312144213f2,2026-07-07T11:30,2026-07-07T10:52:28,2026-07-07T10:52:28
3eb9133039a7,2026-07-07T15:00,2026-07-07T10:52:28,2026-07-07T13:45:33
b1636e0a7c34,2026-07-07T13:30,2026-07-07T10:52:28,2026-07-07T10:52:28
ed77e57986ac,2026-07-07T15:30,2026-07-07T10:52:28,2026-07-07T10:52:28
e0cf74eae5e5,2026-07-07T15:00,2026-07-07T13:45:33,2026-07-07T13:45:33
177b3d581659,2026-07-07T15:00,2026-07-07T13:45:33,2026-07-07T13:45:33
00c6cbd962a0,2026-07-10T12:00,2026-07-07T13:45:33,2026-07-07T13:45:33
00c6cbd962a0,2026-07-10T23:00,2026-07-07T16:10:43,2026-07-09T11:46:12
375f1c0bf71b,2026-07-07T14:00,2026-07-07T13:45:33,2026-07-07T13:45:33
375f1c0bf71b,2026-07-07T19:30,2026-07-07T16:10:43,2026-07-07T18:49:33
c9f90905fe10,2026-07-09T20:00,2026-07-07T13:45:33,2026-07-09T17:13:23
c9f90905fe10,2026-07-10T10:00,2026-07-09T19:40:19,2026-07-09T21:24:31
61b5fe89e9fa,2026-07-07T15:30,2026-07-07T13:45:33,2026-07-07T13:45:33
401f3b790e7e,2026-07-09T23:00,2026-07-07T16:10:43,2026-07-09T17:13:23
f60b14a53dad,2026-07-07T20:30,2026-07-07T18:49:33,2026-07-07T20:51:30
ec9719737976,2026-07-07T19:30,2026-07-07T18:49:33,2026-07-07T18:49:33
868d98d15ebd,2026-07-08T14:00,2026-07-07T18:49:33,2026-07-08T14:15:40
868d98d15ebd,2026-07-18T23:00,2026-07-08T15:57:02,2026-07-16T18:13:27
2e1da5bca943,2026-07-08T14:00,2026-07-07T18:49:33,2026-07-08T14:15:40
2e1da5bca943,2026-07-18T23:00,2026-07-08T15:57:02,2026-07-16T17:18:02
8e3c3ffd06ed,2026-07-07T23:30,2026-07-07T22:41:30,2026-07-07T22:41:30
7d3eac1c2c7f,2026-07-07T23:30,2026-07-07T22:41:30,2026-07-07T22:41:30
535eda94383b,2026-07-07T23:30,2026-07-07T22:41:30,2026-07-07T22:41:30
d232c224759d,2026-07-07T23:30,2026-07-07T22:41:30,2026-07-07T22:41:30
b091801fa937,2026-07-07T23:30,2026-07-07T22:41:30,2026-07-07T22:41:30
b8bfc0d0c0c7,2026-07-07T23:30,2026-07-07T22:41:30,2026-07-07T22:41:30
40ccac518659,2026-07-07T23:30,2026-07-07T22:41:30,2026-07-07T22:41:30
fb01ac0f9e75,2026-07-07T23:30,2026-07-07T22:41:30,2026-07-07T22:41:30
46fb8d5d1c54,2026-07-08T12:00,2026-07-08T09:37:32,2026-07-08T09:37:32
b0eef1d4b9ff,2026-07-08T14:00,2026-07-08T09:37:32,2026-07-08T12:11:41
5666f83cc870,2026-07-08T17:00,2026-07-08T09:37:32,2026-07-08T15:57:02
e1caee0d9738,2026-07-08T15:30,2026-07-08T09:37:32,2026-07-08T14:15:40
04bb29ee0178,2026-07-09T20:00,2026-07-08T09:37:32,2026-07-09T17:13:23
04bb29ee0178,2026-07-10T10:00,2026-07-09T19:40:19,2026-07-09T21:24:31
b6c865a9424c,2026-07-09T20:00,2026-07-08T09:37:32,2026-07-09T17:13:23
b6c865a9424c,2026-07-10T10:00,2026-07-09T19:40:19,2026-07-09T21:24:31
e13d6c5effb7,2026-07-09T20:00,2026-07-08T09:37:32,2026-07-09T17:13:23
e13d6c5effb7,2026-07-10T10:00,2026-07-09T19:40:19,2026-07-09T21:24:31
8cf21c196b9b,2026-07-09T22:00,2026-07-08T09:37:32,2026-07-09T11:46:12
8cf21c196b9b,2026-07-10T23:00,2026-07-09T14:33:16,2026-07-10T20:15:09
b48334e933e8,2026-07-08T15:00,2026-07-08T09:37:32,2026-07-08T12:11:41
dd3c5dfc1946,2026-07-08T14:30,2026-07-08T09:37:32,2026-07-08T12:11:41
c528f178e170,2026-07-08T13:30,2026-07-08T09:37:32,2026-07-08T12:11:41
bed3c275004c,2026-07-08T15:30,2026-07-08T12:11:41,2026-07-08T14:15:40
8707028a9c03,2026-07-08T13:30,2026-07-08T12:11:41,2026-07-08T12:11:41
420adf07d9f4,2026-07-08T15:00,2026-07-08T12:11:41,2026-07-08T14:15:40
53697fdeebee,2026-07-08T12:00,2026-07-08T12:11:41,2026-07-08T12:11:41
403bb6eb62c7,2026-07-08T15:00,2026-07-08T12:11:41,2026-07-08T12:11:41
31b8b125758c,2026-07-08T15:00,2026-07-08T12:11:41,2026-07-08T14:15:40
8b07cfc2162d,2026-07-10T00:00,2026-07-08T14:15:40,2026-07-08T14:15:40
8b07cfc2162d,2026-07-10T23:30,2026-07-08T15:57:02,2026-07-10T23:13:53
8b07cfc2162d,2026-07-12T08:00,2026-07-11T00:19:51,2026-07-11T12:55:00
bb77de2435f5,2026-07-10T00:00,2026-07-08T14:15:40,2026-07-08T14:15:40
bb77de2435f5,2026-07-10T23:30,2026-07-08T15:57:02,2026-07-10T23:13:53
bb77de2435f5,2026-07-12T08:00,2026-07-11T00:19:51,2026-07-11T12:55:00
c643daa1e63e,2026-07-08T17:30,2026-07-08T15:57:02,2026-07-08T15:57:02
94966d6028d1,2026-07-08T21:30,2026-07-08T15:57:02,2026-07-08T21:12:38
a86b637a3fa8,2026-07-08T23:00,2026-07-08T18:16:19,2026-07-08T21:12:38
d62efa361a96,2026-07-08T23:00,2026-07-08T18:16:19,2026-07-08T21:12:38
179e0cc75114,2026-07-08T23:00,2026-07-08T18:16:19,2026-07-08T21:12:38
f8774845f09f,2026-07-08T23:00,2026-07-08T19:54:22,2026-07-08T21:12:38
f8774845f09f,2026-07-09T23:30,2026-07-08T22:54:37,2026-07-08T22:54:37
e75e3a310fbf,2026-07-08T23:00,2026-07-08T19:54:22,2026-07-08T21:12:38
916a94142735,2026-07-09T23:30,2026-07-08T19:54:22,2026-07-09T08:03:35
916a94142735,2026-07-10T23:30,2026-07-09T11:46:12,2026-07-09T21:24:31
84cc6369bb40,2026-07-09T23:30,2026-07-08T19:54:22,2026-07-09T08:03:35
84cc6369bb40,2026-07-10T23:30,2026-07-09T11:46:12,2026-07-09T21:24:31
0611f00fdbb7,2026-07-09T23:30,2026-07-09T08:03:35,2026-07-09T08:03:35
e7ea45b55532,2026-07-09T12:30,2026-07-09T11:46:12,2026-07-09T11:46:12
216e00ac0bf5,2026-07-10T23:30,2026-07-09T11:46:12,2026-07-09T17:13:23
5fd241fd8e52,2026-07-09T12:00,2026-07-09T11:46:12,2026-07-09T11:46:12
b64ed7c6e485,2026-07-09T12:00,2026-07-09T11:46:12,2026-07-09T11:46:12
a71423f45535,2026-07-09T17:30,2026-07-09T11:46:12,2026-07-09T17:13:23
7a3e3a8a4179,2026-07-09T17:30,2026-07-09T11:46:12,2026-07-09T11:46:12
88600f3fbe24,2026-07-09T15:30,2026-07-09T11:46:12,2026-07-09T14:33:16
b6a2f548eaa9,2026-07-09T15:30,2026-07-09T11:46:12,2026-07-09T11:46:12
c7953b2970f2,2026-07-09T15:30,2026-07-09T11:46:12,2026-07-09T14:33:16
c7953b2970f2,2026-07-09T17:30,2026-07-09T17:13:23,2026-07-09T17:13:23
3054fd3a74c6,2026-07-09T15:30,2026-07-09T11:46:12,2026-07-09T11:46:12
3054fd3a74c6,2026-07-10T23:00,2026-07-09T14:33:16,2026-07-10T20:15:09
e024593d017b,2026-07-10T16:00,2026-07-09T11:46:12,2026-07-10T13:28:50
c068780d161b,2026-07-10T16:00,2026-07-09T11:46:12,2026-07-10T13:28:50
0c44e5f1b5ce,2026-07-09T15:00,2026-07-09T11:46:12,2026-07-09T14:33:16
5bb1d7d699da,2026-07-10T23:00,2026-07-09T11:46:12,2026-07-09T14:33:16
1c367f626be7,2026-07-09T15:30,2026-07-09T11:46:12,2026-07-09T11:46:12
e72a89930ca0,2026-07-09T13:30,2026-07-09T11:46:12,2026-07-09T11:46:12
090c9820a71b,2026-07-09T13:30,2026-07-09T11:46:12,2026-07-09T11:46:12
61309ced445a,2026-07-10T23:30,2026-07-09T14:33:16,2026-07-10T10:02:55
2bbf06eb9fb5,2026-07-10T23:30,2026-07-09T14:33:16,2026-07-10T10:02:55
228af899152f,2026-07-10T23:00,2026-07-09T14:33:16,2026-07-10T20:15:09
c2bd37880b69,2026-07-10T23:00,2026-07-09T14:33:16,2026-07-10T20:15:09
9a6ab0258ca5,2026-07-10T23:00,2026-07-09T14:33:16,2026-07-10T20:15:09
84721a01c441,2026-07-10T23:00,2026-07-09T14:33:16,2026-07-10T20:15:09
b2297cb57600,2026-07-10T23:00,2026-07-09T14:33:16,2026-07-10T20:15:09
cf0d125d588e,2026-07-10T23:00,2026-07-09T14:33:16,2026-07-10T20:15:09
962353ca220c,2026-07-10T23:00,2026-07-09T14:33:16,2026-07-10T20:15:09
82454edbd1c8,2026-07-10T23:00,2026-07-09T14:33:16,2026-07-10T20:15:09
1d99148dcd52,2026-07-10T23:00,2026-07-09T14:33:16,2026-07-10T20:15:09
7b8150da426a,2026-07-09T18:30,2026-07-09T14:33:16,2026-07-09T17:13:23
300d12595fe6,2026-07-09T23:30,2026-07-09T17:13:23,2026-07-09T17:13:23
881b34ffa5fa,2026-07-09T23:30,2026-07-09T17:13:23,2026-07-09T17:13:23
62e5e19dd6b8,2026-07-09T23:30,2026-07-09T17:13:23,2026-07-09T23:14:26
123be5b73797,2026-07-09T23:30,2026-07-09T17:13:23,2026-07-09T23:14:26
3ce9af5f6894,2026-07-09T23:30,2026-07-09T17:13:23,2026-07-09T19:40:19
f8e526a464c7,2026-07-09T23:30,2026-07-09T19:40:19,2026-07-09T23:14:26
f8e526a464c7,2026-07-10T12:00,2026-07-10T00:45:13,2026-07-10T10:02:55
10bcaef0253d,2026-07-09T23:30,2026-07-09T19:40:19,2026-07-09T19:40:19
0c04795c1b6b,2026-07-09T23:30,2026-07-09T19:40:19,2026-07-09T23:14:26
e328b5b93750,2026-07-09T23:30,2026-07-09T21:24:31,2026-07-09T23:14:26
865bac812a6c,2026-07-09T23:30,2026-07-09T21:24:31,2026-07-09T23:14:26
31891c0ce392,2026-07-09T23:30,2026-07-09T21:24:31,2026-07-09T23:14:26
156a847f5446,2026-07-10T10:00,2026-07-09T21:24:31,2026-07-10T06:34:25
156a847f5446,2026-07-10T16:00,2026-07-10T10:02:55,2026-07-10T15:40:18
32478e077f63,2026-07-10T10:00,2026-07-09T21:24:31,2026-07-10T06:34:25
32478e077f63,2026-07-10T16:00,2026-07-10T10:02:55,2026-07-10T15:40:18
ff33bce7936e,2026-07-10T10:00,2026-07-09T21:24:31,2026-07-10T06:34:25
ff33bce7936e,2026-07-10T16:00,2026-07-10T10:02:55,2026-07-10T15:40:18
79cb1bedcff4,2026-07-10T10:00,2026-07-09T21:24:31,2026-07-10T06:34:25
79cb1bedcff4,2026-07-10T16:00,2026-07-10T10:02:55,2026-07-10T15:40:18
be72205cfc83,2026-07-10T10:00,2026-07-09T21:24:31,2026-07-10T06:34:25
be72205cfc83,2026-07-10T16:00,2026-07-10T10:02:55,2026-07-10T15:40:18
7984f17f8473,2026-07-10T10:00,2026-07-09T21:24:31,2026-07-10T06:34:25
7984f17f8473,2026-07-10T16:00,2026-07-10T10:02:55,2026-07-10T15:40:18
2d2d02397f1f,2026-07-10T10:00,2026-07-09T21:24:31,2026-07-10T06:34:25
2d2d02397f1f,2026-07-10T16:00,2026-07-10T10:02:55,2026-07-10T15:40:18
1c232f933102,2026-07-10T10:00,2026-07-09T21:24:31,2026-07-10T06:34:25
1c232f933102,2026-07-10T16:00,2026-07-10T10:02:55,2026-07-10T15:40:18
2bc4b9e66b29,2026-07-10T10:00,2026-07-09T21:24:31,2026-07-10T06:34:25
2bc4b9e66b29,2026-07-10T16:00,2026-07-10T10:02:55,2026-07-10T15:40:18
c14274e12e77,2026-07-10T10:00,2026-07-09T21:24:31,2026-07-10T06:34:25
c14274e12e77,2026-07-10T16:00,2026-07-10T10:02:55,2026-07-10T15:40:18
b61132869524,2026-07-10T10:00,2026-07-09T23:14:26,2026-07-10T06:34:25
b61132869524,2026-07-10T14:00,2026-07-10T10:02:55,2026-07-10T10:02:55
6e64dc227e53,2026-07-10T12:00,2026-07-10T06:34:25,2026-07-10T06:34:25
2fa04a2b6510,2026-07-10T12:00,2026-07-10T06:34:25,2026-07-10T06:34:25
52107c25852f,2026-07-10T12:00,2026-07-10T06:34:25,2026-07-10T06:34:25
d1bcfde33a6d,2026-07-10T12:00,2026-07-10T10:02:55,2026-07-10T10:02:55
f80c2e1e99a2,2026-07-10T13:00,2026-07-10T10:02:55,2026-07-10T10:02:55
083093d1452f,2026-07-10T12:00,2026-07-10T10:02:55,2026-07-10T10:02:55
44d2ce3b8bcf,2026-07-10T09:30,2026-07-10T10:02:55,2026-07-10T10:02:55
6cb3f9be8c0e,2026-07-10T19:00,2026-07-10T10:02:55,2026-07-10T13:28:50
6cb3f9be8c0e,2026-07-10T20:00,2026-07-10T15:40:18,2026-07-10T18:18:11
e0475d08085a,2026-07-10T16:00,2026-07-10T10:02:55,2026-07-10T13:28:50
28352c3d2d55,2026-07-10T12:30,2026-07-10T10:02:55,2026-07-10T10:02:55
28352c3d2d55,2026-07-10T15:30,2026-07-10T13:28:50,2026-07-10T13:28:50
28352c3d2d55,2026-07-10T19:30,2026-07-10T15:40:18,2026-07-10T18:18:11
f9cce7102fa4,2026-07-10T23:00,2026-07-10T10:02:55,2026-07-10T13:28:50
f9599e579333,2026-07-11T10:00,2026-07-10T10:02:55,2026-07-10T21:45:37
847618ef204e,2026-07-11T10:00,2026-07-10T10:02:55,2026-07-10T21:45:37
62ee1ae7ce50,2026-07-11T10:00,2026-07-10T10:02:55,2026-07-10T21:45:37
5914976f97e9,2026-07-11T10:00,2026-07-10T10:02:55,2026-07-10T21:45:37
2f17149177b5,2026-07-11T10:00,2026-07-10T10:02:55,2026-07-10T21:45:37
9eed92483c96,2026-07-10T11:00,2026-07-10T10:02:55,2026-07-10T10:02:55
e6662bb0f987,2026-07-10T19:30,2026-07-10T10:02:55,2026-07-10T18:18:11
a2658d209b31,2026-07-10T14:00,2026-07-10T10:02:55,2026-07-10T13:28:50
60bdea323cb3,2026-07-10T13:30,2026-07-10T10:02:55,2026-07-10T13:28:50
adcf0c2c97a0,2026-07-10T13:30,2026-07-10T10:02:55,2026-07-10T10:02:55
545fd11fb585,2026-07-10T14:30,2026-07-10T10:02:55,2026-07-10T10:02:55
e387e130bb0c,2026-07-15T23:30,2026-07-10T13:28:50,2026-07-14T16:08:46
c18821a0fef9,2026-07-10T18:30,2026-07-10T13:28:50,2026-07-10T18:18:11
7bb09658ec5e,2026-07-10T14:30,2026-07-10T13:28:50,2026-07-10T13:28:50
7bb09658ec5e,2026-07-10T18:30,2026-07-10T15:40:18,2026-07-10T18:18:11
8a718ce39215,2026-07-10T18:30,2026-07-10T18:18:11,2026-07-10T18:18:11
7aa25caeeec2,2026-07-11T15:30,2026-07-11T09:31:50,2026-07-11T09:31:50
56a68a7b04f3,2026-07-12T10:00,2026-07-12T06:52:54,2026-07-12T06:52:54
38b2cc81b551,2026-07-12T23:30,2026-07-12T22:21:48,2026-07-13T01:05:08
730704938866,2026-07-12T23:30,2026-07-12T22:21:48,2026-07-13T01:05:08
17acd410b74c,2026-07-12T23:30,2026-07-12T22:21:48,2026-07-13T01:05:08
c7f56a1df74f,2026-07-12T23:30,2026-07-12T22:21:48,2026-07-13T01:05:08
b5adb0a03785,2026-07-12T23:30,2026-07-12T22:21:48,2026-07-13T01:05:08
76ac81c4f2df,2026-07-13T10:00,2026-07-13T01:05:08,2026-07-13T06:56:14
76ac81c4f2df,2026-07-13T14:00,2026-07-13T09:47:04,2026-07-13T09:47:04
c01802c27f88,2026-07-13T10:00,2026-07-13T01:05:08,2026-07-13T06:56:14
d597aac1145f,2026-07-31T23:00,2026-07-13T09:47:04,2026-07-21T15:50:53
7e0b109dca4b,2026-07-31T23:00,2026-07-13T09:47:04,2026-07-21T15:50:53
e9eed3f19ec1,2026-07-31T23:00,2026-07-13T09:47:04,2026-07-21T15:50:53
d0283ed7f714,2026-07-31T23:00,2026-07-13T09:47:04,2026-07-21T15:50:53
43dde8d6219c,2026-07-31T23:00,2026-07-13T09:47:04,2026-07-21T15:50:53
b02adc2aa5a8,2026-07-31T23:00,2026-07-13T09:47:04,2026-07-21T15:50:53
3bba4750761d,2026-07-31T23:00,2026-07-13T09:47:04,2026-07-21T15:50:53
13890b9f032f,2026-07-31T23:00,2026-07-13T09:47:04,2026-07-21T15:50:53
70b0b72be86d,2026-07-31T23:00,2026-07-13T09:47:04,2026-07-21T15:50:53
d36b115433b8,2026-07-31T23:00,2026-07-13T09:47:04,2026-07-21T15:50:53
3cb919a85ba0,2026-07-31T23:00,2026-07-13T09:47:04,2026-07-21T15:50:53
bd16e80edc26,2026-07-31T23:00,2026-07-13T09:47:04,2026-07-21T15:50:53
df1cbc9d5e4d,2026-07-31T23:00,2026-07-13T09:47:04,2026-07-21T15:50:53
08057f52b7a9,2026-07-31T23:00,2026-07-13T09:47:04,2026-07-21T15:50:53
375303976135,2026-07-31T23:00,2026-07-13T09:47:04,2026-07-21T15:50:53
f178480c1275,2026-07-31T23:00,2026-07-13T09:47:04,2026-07-21T15:50:53
e621ff96b93c,2026-07-13T13:00,2026-07-13T09:47:04,2026-07-13T09:47:04
f1e41031559c,2026-07-13T14:00,2026-07-13T09:47:04,2026-07-13T13:15:41
40fd5db9df5b,2026-07-13T15:30,2026-07-13T09:47:04,2026-07-13T13:15:41
ccc9bc740aa6,2026-07-15T23:00,2026-07-13T09:47:04,2026-07-13T15:43:16
46eb0e6a2b07,2026-07-15T23:00,2026-07-13T09:47:04,2026-07-13T15:43:16
04b6124c4f0f,2026-07-15T23:00,2026-07-13T09:47:04,2026-07-15T19:42:48
d865650f7436,2026-07-15T23:00,2026-07-13T09:47:04,2026-07-15T19:42:48
d865650f7436,2026-07-16T23:00,2026-07-15T20:52:59,2026-07-16T13:32:54
36583907c535,2026-07-15T23:00,2026-07-13T09:47:04,2026-07-13T09:47:04
8495073cf546,2026-07-15T23:00,2026-07-13T09:47:04,2026-07-15T19:42:48
07505c124963,2026-07-15T23:00,2026-07-13T09:47:04,2026-07-13T15:43:16
8b622b32d49d,2026-07-15T23:00,2026-07-13T09:47:04,2026-07-13T09:47:04
21b3fe571c02,2026-07-15T23:00,2026-07-13T09:47:04,2026-07-15T19:42:48
09f05a7ef19b,2026-07-15T23:00,2026-07-13T09:47:04,2026-07-13T09:47:04
d8de298603a6,2026-07-15T23:00,2026-07-13T09:47:04,2026-07-15T19:42:48
d8de298603a6,2026-07-16T23:00,2026-07-15T20:52:59,2026-07-16T13:32:54
3fc1a3ec2c3b,2026-07-31T23:00,2026-07-13T09:47:04,2026-07-21T15:50:53
8b55db80b734,2026-07-31T23:00,2026-07-13T09:47:04,2026-07-21T15:50:53
7568d4fc6ee6,2026-07-13T15:30,2026-07-13T09:47:04,2026-07-13T09:47:04
a0e59a4abc16,2026-07-13T15:30,2026-07-13T09:47:04,2026-07-13T09:47:04
afb92e385beb,2026-07-18T23:00,2026-07-13T09:47:04,2026-07-18T12:06:52
ac358dea608d,2026-07-18T23:00,2026-07-13T09:47:04,2026-07-18T17:06:17
9cc5643e37bf,2026-07-18T23:00,2026-07-13T09:47:04,2026-07-17T23:33:34
a89330873f12,2026-07-18T23:00,2026-07-13T09:47:04,2026-07-18T15:36:00
a19b03b93051,2026-07-18T23:00,2026-07-13T09:47:04,2026-07-17T17:34:04
6b87606ef063,2026-07-18T23:00,2026-07-13T09:47:04,2026-07-18T12:06:52
e20bc7bf6a04,2026-07-18T23:00,2026-07-13T09:47:04,2026-07-17T15:53:14
036be88f2912,2026-07-18T23:00,2026-07-13T09:47:04,2026-07-18T15:36:00
61aefdb11068,2026-07-18T23:00,2026-07-13T09:47:04,2026-07-18T12:06:52
926a29adf813,2026-07-18T23:00,2026-07-13T09:47:04,2026-07-18T12:06:52
8e9a8b2f6a06,2026-07-18T23:00,2026-07-13T09:47:04,2026-07-18T12:06:52
67c814ad785a,2026-07-18T23:00,2026-07-13T09:47:04,2026-07-17T17:34:04
dfb720a9f17b,2026-07-18T23:00,2026-07-13T09:47:04,2026-07-17T17:34:04
14d4ecc265b3,2026-07-18T23:00,2026-07-13T09:47:04,2026-07-18T12:06:52
b54798566eb7,2026-07-18T23:00,2026-07-13T09:47:04,2026-07-18T12:06:52
cfbd5d4b04da,2026-07-18T23:00,2026-07-13T09:47:04,2026-07-18T12:06:52
2e9fcf6a9170,2026-07-18T23:00,2026-07-13T09:47:04,2026-07-17T17:34:04
6406960557b1,2026-07-18T23:00,2026-07-13T09:47:04,2026-07-18T00:29:59
436c6185abd2,2026-07-18T23:00,2026-07-13T09:47:04,2026-07-17T23:33:34
ade0d9cd09d8,2026-07-18T23:00,2026-07-13T09:47:04,2026-07-18T12:06:52
526a45d58dfa,2026-07-18T23:00,2026-07-13T09:47:04,2026-07-18T12:06:52
5903c090571d,2026-07-18T23:00,2026-07-13T09:47:04,2026-07-18T12:06:52
a1e636717a9d,2026-07-18T23:00,2026-07-13T09:47:04,2026-07-18T15:36:00
eb2df8556074,2026-07-18T23:00,2026-07-13T09:47:04,2026-07-18T12:06:52
7e623dcef1b6,2026-07-18T23:00,2026-07-13T09:47:04,2026-07-18T15:36:00
dd3e0fe0b1e0,2026-07-18T23:00,2026-07-13T09:47:04,2026-07-18T12:06:52
544443cd767f,2026-07-18T23:00,2026-07-13T09:47:04,2026-07-18T17:06:17
76694000c670,2026-07-18T23:00,2026-07-13T09:47:04,2026-07-18T20:11:21
e4b1503c9b0a,2026-07-18T23:00,2026-07-13T09:47:04,2026-07-18T08:41:37
aaaf068e563c,2026-07-18T23:00,2026-07-13T09:47:04,2026-07-18T15:36:00
47245dec74e5,2026-07-18T23:00,2026-07-13T09:47:04,2026-07-17T15:53:14
4ce30a02d8f2,2026-07-18T23:00,2026-07-13T09:47:04,2026-07-18T12:06:52
09a2bf535231,2026-07-18T23:00,2026-07-13T09:47:04,2026-07-18T15:36:00
454f6a47ec27,2026-07-18T23:00,2026-07-13T09:47:04,2026-07-17T17:34:04
9472a9512d78,2026-07-18T23:00,2026-07-13T09:47:04,2026-07-17T23:33:34
935e5eae3ae7,2026-07-18T23:00,2026-07-13T09:47:04,2026-07-18T12:06:52
d64d76e058e3,2026-07-18T23:00,2026-07-13T09:47:04,2026-07-18T20:11:21
d64d76e058e3,2026-07-22T23:00,2026-07-18T21:05:49,2026-07-21T15:50:53
fe362f4a94b6,2026-07-18T23:00,2026-07-13T09:47:04,2026-07-18T12:06:52
e7eb4b0a3b1e,2026-07-18T23:00,2026-07-13T09:47:04,2026-07-18T12:06:52
0e0d210f2cb9,2026-07-18T23:00,2026-07-13T09:47:04,2026-07-18T17:06:17
2efefb90f517,2026-07-18T23:00,2026-07-13T09:47:04,2026-07-18T15:36:00
a6248b9f1f25,2026-07-18T23:00,2026-07-13T09:47:04,2026-07-17T17:34:04
8fbded238774,2026-07-18T23:00,2026-07-13T09:47:04,2026-07-18T12:06:52
85308ee6695f,2026-07-18T23:00,2026-07-13T09:47:04,2026-07-18T15:36:00
ef8ed087bd14,2026-07-18T23:00,2026-07-13T09:47:04,2026-07-18T17:06:17
c846d0f30273,2026-07-18T23:00,2026-07-13T09:47:04,2026-07-17T17:34:04
a13e5fea1594,2026-07-18T23:00,2026-07-13T09:47:04,2026-07-18T12:06:52
db64e40c86ef,2026-07-18T23:00,2026-07-13T09:47:04,2026-07-18T15:36:00
83fa1c611f4a,2026-07-18T23:00,2026-07-13T09:47:04,2026-07-18T12:06:52
943ab6335b04,2026-07-18T23:00,2026-07-13T09:47:04,2026-07-18T12:06:52
3a9d57974a86,2026-07-18T23:00,2026-07-13T09:47:04,2026-07-17T17:34:04
c1f02541c656,2026-07-18T23:00,2026-07-13T09:47:04,2026-07-17T23:33:34
5c2f2ba8e561,2026-07-13T15:00,2026-07-13T09:47:04,2026-07-13T09:47:04
056db5742a07,2026-07-13T15:30,2026-07-13T09:47:04,2026-07-13T13:15:41
872d3be2b6d3,2026-07-13T16:30,2026-07-13T13:15:41,2026-07-13T13:15:41
62df9c176daa,2026-07-13T15:00,2026-07-13T13:15:41,2026-07-13T13:15:41
c1cf156c02a7,2026-07-16T23:00,2026-07-13T13:15:41,2026-07-16T21:17:27
c1cf156c02a7,2026-07-17T23:00,2026-07-16T22:37:28,2026-07-17T07:21:30
7c4eb5c8db30,2026-07-16T23:00,2026-07-13T13:15:41,2026-07-16T19:47:01
984bb2e82f8d,2026-07-16T23:00,2026-07-13T13:15:41,2026-07-16T19:47:01
de2ea4efe2b0,2026-07-16T23:00,2026-07-13T13:15:41,2026-07-16T19:47:01
78950f9cdb66,2026-07-16T23:00,2026-07-13T13:15:41,2026-07-16T19:47:01
78950f9cdb66,2026-07-17T23:00,2026-07-16T21:17:27,2026-07-17T11:54:18
af34d4a8601f,2026-07-16T23:00,2026-07-13T13:15:41,2026-07-16T19:47:01
9b0511463a41,2026-07-16T23:00,2026-07-13T13:15:41,2026-07-16T19:47:01
1e3788095fba,2026-07-16T23:00,2026-07-13T13:15:41,2026-07-16T19:47:01
5ce49453e31e,2026-07-16T23:30,2026-07-13T13:15:41,2026-07-15T20:52:59
b9e06b39e143,2026-07-16T23:30,2026-07-13T13:15:41,2026-07-15T20:52:59
c7b52180c2ad,2026-07-16T23:30,2026-07-13T13:15:41,2026-07-16T09:02:16
c1fbc229afa7,2026-07-16T23:30,2026-07-13T13:15:41,2026-07-15T20:52:59
b65f7e82dc4d,2026-07-16T23:30,2026-07-13T13:15:41,2026-07-15T20:52:59
6017d411a563,2026-07-16T23:30,2026-07-13T13:15:41,2026-07-15T20:52:59
c197016418e7,2026-07-16T23:30,2026-07-13T13:15:41,2026-07-15T20:52:59
f5d3d9714487,2026-07-16T23:30,2026-07-13T13:15:41,2026-07-15T20:52:59
5e807adde011,2026-07-16T23:00,2026-07-13T13:15:41,2026-07-15T16:12:56
46e7b67ab213,2026-07-16T23:00,2026-07-13T13:15:41,2026-07-15T16:12:56
80f603b7a733,2026-07-16T23:00,2026-07-13T13:15:41,2026-07-15T16:12:56
985e4946eaa8,2026-07-16T23:00,2026-07-13T13:15:41,2026-07-15T16:12:56
161aff5e54df,2026-07-16T23:00,2026-07-13T13:15:41,2026-07-15T16:12:56
6d02d9da4740,2026-07-16T23:00,2026-07-13T13:15:41,2026-07-15T16:12:56
5f5df8efcd20,2026-07-16T23:00,2026-07-13T13:15:41,2026-07-15T16:12:56
3c6f678592f9,2026-07-16T23:00,2026-07-13T13:15:41,2026-07-15T16:12:56
9fbaf27b59a4,2026-07-16T23:00,2026-07-13T13:15:41,2026-07-15T16:12:56
69b1c6102659,2026-07-13T11:00,2026-07-13T13:15:41,2026-07-13T13:15:41
f1a1fec8eb52,2026-07-17T23:00,2026-07-13T13:15:41,2026-07-15T16:12:56
feabd902beb0,2026-07-17T23:00,2026-07-13T13:15:41,2026-07-15T16:12:56
7fd2f02788cd,2026-07-17T23:00,2026-07-13T13:15:41,2026-07-15T16:12:56
5dedee28565a,2026-07-18T23:00,2026-07-13T13:15:41,2026-07-17T19:07:53
25bac62ef193,2026-07-17T23:00,2026-07-13T13:15:41,2026-07-15T18:00:57
473f13c931f8,2026-07-17T23:00,2026-07-13T13:15:41,2026-07-15T18:00:57
807d35784a5e,2026-07-17T23:00,2026-07-13T13:15:41,2026-07-15T19:42:48
1c4da24afef3,2026-07-17T23:00,2026-07-13T13:15:41,2026-07-15T19:42:48
4c0a02c764fc,2026-07-17T23:00,2026-07-13T13:15:41,2026-07-15T18:00:57
381597ca411c,2026-07-17T23:00,2026-07-13T13:15:41,2026-07-15T19:42:48
a47769369c90,2026-07-17T23:00,2026-07-13T13:15:41,2026-07-15T18:00:57
cec71dd9d54f,2026-07-17T23:00,2026-07-13T13:15:41,2026-07-15T18:00:57
c4c5ab18dbcf,2026-07-17T23:00,2026-07-13T13:15:41,2026-07-15T18:00:57
14046c3b2ed8,2026-07-13T15:00,2026-07-13T13:15:41,2026-07-13T13:15:41
1063fe8a1a9b,2026-07-13T15:00,2026-07-13T13:15:41,2026-07-13T13:15:41
1063fe8a1a9b,2026-07-13T18:30,2026-07-13T15:43:16,2026-07-13T15:43:16
18558937c19f,2026-07-14T23:00,2026-07-13T15:43:16,2026-07-14T20:45:30
18558937c19f,2026-07-15T23:00,2026-07-14T23:20:42,2026-07-15T19:42:48
18558937c19f,2026-07-16T23:00,2026-07-15T20:52:59,2026-07-16T22:37:28
18558937c19f,2026-07-17T23:00,2026-07-17T00:42:58,2026-07-17T17:34:04
18558937c19f,2026-07-18T23:00,2026-07-17T19:07:53,2026-07-18T17:06:17
18558937c19f,2026-07-20T23:00,2026-07-18T18:11:29,2026-07-20T21:32:24
18558937c19f,2026-07-21T12:00,2026-07-20T23:11:04,2026-07-21T10:06:14
18558937c19f,2026-07-22T12:00,2026-07-21T12:36:27,2026-07-21T15:50:53
efd649e5f6d4,2026-07-14T23:30,2026-07-13T18:34:13,2026-07-14T19:36:09
efd649e5f6d4,2026-07-15T23:30,2026-07-14T20:45:30,2026-07-15T11:01:42
efd649e5f6d4,2026-07-17T23:30,2026-07-15T13:13:51,2026-07-17T15:53:14
34ed6d9eb92e,2026-07-14T23:30,2026-07-13T18:34:13,2026-07-14T19:36:09
34ed6d9eb92e,2026-07-15T23:30,2026-07-14T20:45:30,2026-07-15T11:01:42
34ed6d9eb92e,2026-07-17T23:30,2026-07-15T13:13:51,2026-07-17T15:53:14
8f66a66ea118,2026-07-14T23:30,2026-07-13T18:34:13,2026-07-14T19:36:09
8f66a66ea118,2026-07-15T23:30,2026-07-14T20:45:30,2026-07-15T11:01:42
8f66a66ea118,2026-07-17T23:30,2026-07-15T13:13:51,2026-07-17T15:53:14
58fddc9be0d0,2026-07-14T23:30,2026-07-13T18:34:13,2026-07-14T19:36:09
58fddc9be0d0,2026-07-15T23:30,2026-07-14T20:45:30,2026-07-15T11:01:42
58fddc9be0d0,2026-07-17T23:30,2026-07-15T13:13:51,2026-07-17T14:47:26
58fddc9be0d0,2026-07-21T23:30,2026-07-17T15:13:05,2026-07-19T18:47:05
58fddc9be0d0,2026-07-22T23:30,2026-07-20T10:51:28,2026-07-21T15:50:53
cfa9f178dd74,2026-07-14T23:30,2026-07-13T18:34:13,2026-07-14T11:32:23
a56c656c5a09,2026-07-18T23:00,2026-07-13T18:34:13,2026-07-18T12:06:52
0e1e1c15e8c4,2026-07-14T10:00,2026-07-13T20:35:00,2026-07-13T20:35:00
3ed09d0d6b5a,2026-07-14T10:00,2026-07-13T20:35:00,2026-07-13T20:35:00
5c4efe3a1344,2026-07-14T10:00,2026-07-13T20:35:00,2026-07-13T20:35:00
c9cda2dfa0f2,2026-07-14T15:00,2026-07-13T20:35:00,2026-07-14T13:22:31
537e4f3b7ed7,2026-07-14T16:00,2026-07-14T09:25:21,2026-07-14T11:32:23
5c49d28bfc84,2026-07-14T15:30,2026-07-14T09:25:21,2026-07-14T09:25:21
9170a588ffc5,2026-07-14T14:00,2026-07-14T09:25:21,2026-07-14T11:32:23
606fc130140f,2026-07-14T14:00,2026-07-14T09:25:21,2026-07-14T11:32:23
4bfede849298,2026-07-14T20:30,2026-07-14T09:25:21,2026-07-14T18:01:32
249ee44eadad,2026-07-15T23:30,2026-07-14T09:25:21,2026-07-15T20:52:59
dd5bead34a26,2026-07-15T23:30,2026-07-14T09:25:21,2026-07-15T20:52:59
1820743af3a0,2026-07-15T23:30,2026-07-14T09:25:21,2026-07-15T20:52:59
f78cc923fb0b,2026-07-15T23:30,2026-07-14T09:25:21,2026-07-15T20:52:59
8bd4f15f5db8,2026-07-15T23:30,2026-07-14T09:25:21,2026-07-15T20:52:59
f256316ce883,2026-07-15T23:30,2026-07-14T09:25:21,2026-07-15T20:52:59
8c5633385660,2026-07-15T23:30,2026-07-14T09:25:21,2026-07-15T20:52:59
50252c01e77a,2026-07-14T12:30,2026-07-14T09:25:21,2026-07-14T11:32:23
539e938b9b22,2026-07-14T13:30,2026-07-14T09:25:21,2026-07-14T11:32:23
6f48c68ec38f,2026-07-14T13:30,2026-07-14T09:25:21,2026-07-14T13:22:31
9d36f81bc2ce,2026-07-17T23:30,2026-07-14T11:32:23,2026-07-17T22:44:26
9c97d6c42417,2026-07-17T23:30,2026-07-14T11:32:23,2026-07-17T22:44:26
d7c0d13928a4,2026-07-14T14:30,2026-07-14T11:32:23,2026-07-14T11:32:23
82c5f9c23e5b,2026-07-14T16:00,2026-07-14T11:32:23,2026-07-14T16:08:46
fcd5aa04d60b,2026-07-14T13:00,2026-07-14T11:32:23,2026-07-14T11:32:23
0b65b56b0275,2026-07-14T15:30,2026-07-14T14:50:59,2026-07-14T14:50:59
b1d7b7ebc7e8,2026-07-14T21:00,2026-07-14T19:36:09,2026-07-14T19:36:09
b1d7b7ebc7e8,2026-07-14T22:30,2026-07-14T20:45:30,2026-07-14T20:45:30
502f3e02c4de,2026-07-15T15:00,2026-07-15T08:57:19,2026-07-15T14:47:49
3d353041b877,2026-07-16T08:30,2026-07-15T08:57:19,2026-07-15T11:01:42
1c4d7752e2cb,2026-07-16T08:30,2026-07-15T08:57:19,2026-07-15T11:01:42
325973b7d3c7,2026-07-16T08:30,2026-07-15T08:57:19,2026-07-15T11:01:42
a46c0bd05e68,2026-07-15T15:30,2026-07-15T08:57:19,2026-07-15T14:47:49
8f88a9a77be9,2026-07-15T13:30,2026-07-15T08:57:19,2026-07-15T11:01:42
706c99380097,2026-07-15T12:30,2026-07-15T08:57:19,2026-07-15T11:01:42
96c51593c171,2026-07-15T13:00,2026-07-15T11:01:42,2026-07-15T11:01:42
8e0ef9f97c96,2026-07-15T14:00,2026-07-15T11:01:42,2026-07-15T13:13:51
bd241c1417da,2026-07-15T12:00,2026-07-15T11:01:42,2026-07-15T11:01:42
ed9276c65a4d,2026-07-15T15:30,2026-07-15T11:01:42,2026-07-15T14:47:49
3ca6aebce52d,2026-07-15T14:00,2026-07-15T11:01:42,2026-07-15T13:13:51
5370359b9e51,2026-07-15T14:30,2026-07-15T11:01:42,2026-07-15T13:13:51
5370359b9e51,2026-07-15T18:00,2026-07-15T14:47:49,2026-07-15T18:00:57
85d21ab8a12e,2026-07-15T15:00,2026-07-15T11:01:42,2026-07-15T14:47:49
85d21ab8a12e,2026-07-15T17:30,2026-07-15T16:12:56,2026-07-15T16:12:56
bb6d515d09a9,2026-07-15T14:00,2026-07-15T11:01:42,2026-07-15T13:13:51
7edd1c1602b8,2026-07-15T15:30,2026-07-15T11:01:42,2026-07-15T14:47:49
877361ee7a1f,2026-07-15T15:00,2026-07-15T13:13:51,2026-07-15T14:47:49
d1865bf9e8b6,2026-07-15T18:30,2026-07-15T13:13:51,2026-07-15T18:00:57
a5103ee80851,2026-07-15T14:30,2026-07-15T13:13:51,2026-07-15T14:47:49
1263ea4ef955,2026-07-17T20:00,2026-07-15T14:47:49,2026-07-17T15:53:14
33b244400c95,2026-07-17T20:00,2026-07-15T14:47:49,2026-07-17T15:53:14
46c1192ec4dc,2026-07-17T20:00,2026-07-15T14:47:49,2026-07-17T15:53:14
b6fe1f1cc286,2026-07-17T20:00,2026-07-15T14:47:49,2026-07-17T15:53:14
821e17328234,2026-07-17T20:00,2026-07-15T14:47:49,2026-07-17T15:53:14
bc3236428bcb,2026-07-17T20:00,2026-07-15T14:47:49,2026-07-17T15:53:14
0a3b7ea647f6,2026-07-17T20:00,2026-07-15T14:47:49,2026-07-17T15:53:14
42a6c5b51276,2026-07-15T23:30,2026-07-15T14:47:49,2026-07-15T14:47:49
2b00beb05566,2026-07-15T23:30,2026-07-15T14:47:49,2026-07-15T14:47:49
764c4e3a2d5d,2026-07-18T10:00,2026-07-15T14:47:49,2026-07-18T08:41:37
93583a916663,2026-07-18T10:00,2026-07-15T14:47:49,2026-07-18T08:41:37
1e2a0fb03a3f,2026-07-18T10:00,2026-07-15T14:47:49,2026-07-18T08:41:37
7477ee25a73e,2026-07-18T10:00,2026-07-15T14:47:49,2026-07-18T08:41:37
52b954f0b3d0,2026-07-18T10:00,2026-07-15T14:47:49,2026-07-18T08:41:37
bb78d87ca533,2026-07-16T14:30,2026-07-15T14:47:49,2026-07-16T13:32:54
bb78d87ca533,2026-07-17T15:30,2026-07-16T14:27:37,2026-07-17T15:13:05
bb78d87ca533,2026-07-17T19:30,2026-07-17T15:53:14,2026-07-17T15:53:14
bb78d87ca533,2026-07-18T11:00,2026-07-17T17:34:04,2026-07-18T08:41:37
1e9328d16320,2026-07-17T23:30,2026-07-15T14:47:49,2026-07-16T19:47:01
4233b1ed5d7e,2026-07-17T23:30,2026-07-15T14:47:49,2026-07-16T19:47:01
4974d2ee1dbc,2026-07-15T18:00,2026-07-15T16:12:56,2026-07-15T16:12:56
4974d2ee1dbc,2026-07-16T23:00,2026-07-15T18:00:57,2026-07-16T19:47:01
828b52f03f81,2026-07-15T23:00,2026-07-15T20:52:59,2026-07-15T23:02:16
828b52f03f81,2026-07-16T12:00,2026-07-16T00:13:00,2026-07-16T09:02:16
828b52f03f81,2026-07-16T23:30,2026-07-16T11:30:26,2026-07-16T22:37:28
828b52f03f81,2026-07-17T10:00,2026-07-17T00:42:58,2026-07-17T09:33:55
828b52f03f81,2026-07-17T14:00,2026-07-17T11:54:18,2026-07-17T13:45:03
828b52f03f81,2026-07-17T23:00,2026-07-17T14:47:26,2026-07-17T21:06:18
828b52f03f81,2026-07-20T23:00,2026-07-17T22:44:26,2026-07-20T21:32:24
828b52f03f81,2026-07-21T12:00,2026-07-20T23:11:04,2026-07-21T10:06:14
828b52f03f81,2026-07-21T23:00,2026-07-21T12:36:27,2026-07-21T15:50:53
dd5252b100ba,2026-07-16T12:00,2026-07-16T09:02:16,2026-07-16T11:30:26
d0a25aa128e2,2026-07-16T13:30,2026-07-16T09:02:16,2026-07-16T13:32:54
c73ad356fb3e,2026-07-16T13:00,2026-07-16T11:30:26,2026-07-16T11:30:26
cbe2daed6005,2026-07-16T23:00,2026-07-16T11:30:26,2026-07-16T11:30:26
1c83c1322b84,2026-07-16T23:00,2026-07-16T11:30:26,2026-07-16T11:30:26
b2f4c37eccc7,2026-07-16T23:00,2026-07-16T11:30:26,2026-07-16T11:30:26
188fa77f246d,2026-07-16T23:00,2026-07-16T11:30:26,2026-07-16T11:30:26
ebe7ade73e06,2026-07-16T14:30,2026-07-16T11:30:26,2026-07-16T11:30:26
b51aae0a9c53,2026-07-17T09:00,2026-07-16T11:30:26,2026-07-16T14:27:37
ca0f759414c1,2026-07-17T12:00,2026-07-16T13:32:54,2026-07-17T09:33:55
4344fee72a38,2026-07-16T19:30,2026-07-16T14:27:37,2026-07-16T17:51:39
4ae6371f5953,2026-07-16T17:30,2026-07-16T17:18:02,2026-07-16T17:18:02
df546e607b20,2026-07-16T18:30,2026-07-16T17:18:02,2026-07-16T17:51:39
1d169a8d74a8,2026-07-17T09:00,2026-07-16T17:18:02,2026-07-16T19:47:01
1d169a8d74a8,2026-07-17T23:00,2026-07-16T21:17:27,2026-07-17T14:47:26
a3cb9aba4ffd,2026-07-16T23:30,2026-07-16T21:17:27,2026-07-16T22:37:28
a3cb9aba4ffd,2026-07-17T10:00,2026-07-17T00:42:58,2026-07-17T00:42:58
b44f2a856759,2026-07-17T11:30,2026-07-17T09:33:55,2026-07-17T09:33:55
46e892b5109b,2026-07-17T13:00,2026-07-17T09:33:55,2026-07-17T09:33:55
4a203317be5b,2026-07-17T15:30,2026-07-17T09:33:55,2026-07-17T15:13:05
00ea13d5c572,2026-07-17T15:00,2026-07-17T09:33:55,2026-07-17T14:47:26
f0f4db2dbe52,2026-07-17T12:30,2026-07-17T09:33:55,2026-07-17T09:33:55
b9faf5407895,2026-07-17T14:30,2026-07-17T09:33:55,2026-07-17T13:45:03
7833be4a75a1,2026-07-17T15:30,2026-07-17T09:33:55,2026-07-17T14:47:26
7833be4a75a1,2026-07-17T18:30,2026-07-17T15:13:05,2026-07-17T17:34:04
070d00893d2f,2026-07-17T15:00,2026-07-17T11:54:18,2026-07-17T13:29:39
070d00893d2f,2026-07-17T21:00,2026-07-17T13:45:03,2026-07-17T20:14:33
633c7bf54a06,2026-07-17T15:00,2026-07-17T11:54:18,2026-07-17T14:47:26
6d76509cf3e4,2026-07-17T16:30,2026-07-17T13:29:39,2026-07-17T15:13:05
813d5e51bbd4,2026-07-17T17:30,2026-07-17T13:45:03,2026-07-17T17:34:04
bc5ba1ae3f6b,2026-07-17T15:30,2026-07-17T14:47:26,2026-07-17T15:13:05
bc5ba1ae3f6b,2026-07-17T19:30,2026-07-17T15:53:14,2026-07-17T15:53:14
dc5ff4271fc0,2026-07-18T23:00,2026-07-18T17:06:17,2026-07-18T17:06:17
335b6ae0844a,2026-07-18T23:00,2026-07-18T17:06:17,2026-07-18T17:06:17
eab5fc3e76a2,2026-07-20T15:30,2026-07-18T17:06:17,2026-07-20T13:41:19
eab5fc3e76a2,2026-07-20T18:30,2026-07-20T15:54:19,2026-07-20T18:01:50
88aa7ed33609,2026-07-18T23:30,2026-07-18T18:11:29,2026-07-18T18:11:29
cd8c761b0862,2026-07-18T23:30,2026-07-18T18:11:29,2026-07-18T18:11:29
e9a204b3f924,2026-07-18T23:30,2026-07-18T18:11:29,2026-07-18T18:11:29
b9cf857036f9,2026-07-18T23:30,2026-07-18T20:11:21,2026-07-18T21:05:49
be2ed6f6eb1b,2026-07-18T23:30,2026-07-18T20:11:21,2026-07-18T21:05:49
2cb0f5f92207,2026-07-19T11:30,2026-07-19T09:22:30,2026-07-19T09:22:30
617cfd4bcc10,2026-07-20T15:30,2026-07-19T11:40:12,2026-07-20T10:51:28
2d406904b6fc,2026-07-20T09:00,2026-07-19T14:28:36,2026-07-19T18:47:05
2d406904b6fc,2026-08-02T23:00,2026-07-20T10:51:28,2026-07-21T15:50:53
49e4d8929de3,2026-07-20T09:00,2026-07-19T14:28:36,2026-07-19T18:47:05
49e4d8929de3,2026-08-02T23:00,2026-07-20T10:51:28,2026-07-21T15:50:53
8ba7a4fe8104,2026-07-20T09:00,2026-07-19T14:28:36,2026-07-19T18:47:05
8ba7a4fe8104,2026-08-02T23:00,2026-07-20T10:51:28,2026-07-21T15:50:53
4cc9c5bf0564,2026-07-19T21:00,2026-07-19T17:46:55,2026-07-19T17:46:55
a6ad3492b7f0,2026-07-22T23:30,2026-07-20T10:51:28,2026-07-21T15:50:53
94e69dbe92b3,2026-07-22T23:30,2026-07-20T10:51:28,2026-07-21T15:50:53
ce1e0ae0fa30,2026-07-22T23:30,2026-07-20T10:51:28,2026-07-21T15:50:53
09ab089863c7,2026-07-22T23:30,2026-07-20T10:51:28,2026-07-21T15:50:53
29731a337238,2026-07-22T23:30,2026-07-20T10:51:28,2026-07-21T15:50:53
63b6ee0ad745,2026-07-22T23:30,2026-07-20T10:51:28,2026-07-21T15:50:53
1aa98f63825c,2026-07-22T23:30,2026-07-20T10:51:28,2026-07-21T15:50:53
1accc9bfa9e2,2026-07-22T23:30,2026-07-20T10:51:28,2026-07-21T15:50:53
0b58085e6638,2026-07-22T23:30,2026-07-20T10:51:28,2026-07-21T15:50:53
fca916861f81,2026-07-22T23:30,2026-07-20T10:51:28,2026-07-21T15:50:53
1a07d52e1f6b,2026-07-22T23:30,2026-07-20T10:51:28,2026-07-21T15:50:53
0d9e9e9a2afd,2026-07-22T23:30,2026-07-20T10:51:28,2026-07-21T15:50:53
3321aab9166b,2026-07-22T23:30,2026-07-20T10:51:28,2026-07-21T15:50:53
a06ab83aea1d,2026-07-22T23:30,2026-07-20T10:51:28,2026-07-21T15:50:53
06dd1fcee950,2026-07-22T23:30,2026-07-20T10:51:28,2026-07-21T15:50:53
cc789a48a792,2026-08-02T23:00,2026-07-20T10:51:28,2026-07-21T15:50:53
cfdd4f8bcd5e,2026-08-02T23:00,2026-07-20T10:51:28,2026-07-21T15:50:53
b6e0399917aa,2026-08-02T23:00,2026-07-20T10:51:28,2026-07-21T15:50:53
a21c2188fe5a,2026-08-02T23:00,2026-07-20T10:51:28,2026-07-21T15:50:53
4cb246ef5e6b,2026-08-02T23:00,2026-07-20T10:51:28,2026-07-21T15:50:53
d5fca900ba25,2026-08-02T23:00,2026-07-20T10:51:28,2026-07-21T15:50:53
d9a6bdd64912,2026-08-02T23:00,2026-07-20T10:51:28,2026-07-21T15:50:53
29dc8ab72f00,2026-08-02T23:00,2026-07-20T10:51:28,2026-07-21T15:50:53
721eeb06734b,2026-08-02T23:00,2026-07-20T10:51:28,2026-07-21T15:50:53
1e3b31fc5848,2026-08-02T23:00,2026-07-20T10:51:28,2026-07-21T15:50:53
6766b4879029,2026-08-02T23:00,2026-07-20T10:51:28,2026-07-21T15:50:53
4724dee9439a,2026-08-02T23:00,2026-07-20T10:51:28,2026-07-21T15:50:53
01aefce7cc51,2026-08-02T23:00,2026-07-20T10:51:28,2026-07-21T15:50:53
301d6a1cc6f4,2026-08-02T23:00,2026-07-20T10:51:28,2026-07-21T15:50:53
b31c14cb9a32,2026-08-02T23:00,2026-07-20T10:51:28,2026-07-21T15:50:53
2a90761faf1f,2026-08-02T23:00,2026-07-20T10:51:28,2026-07-21T15:50:53
90aabc3c13c0,2026-08-02T23:00,2026-07-20T10:51:28,2026-07-21T15:50:53
d62eee100f4b,2026-08-02T23:00,2026-07-20T10:51:28,2026-07-21T15:50:53
30832cc4b6de,2026-08-02T23:00,2026-07-20T10:51:28,2026-07-21T15:50:53
18e06a9bb5a9,2026-08-02T23:00,2026-07-20T10:51:28,2026-07-21T15:50:53
88df72e5a552,2026-08-02T23:00,2026-07-20T10:51:28,2026-07-21T15:50:53
ae5bdbd9dd87,2026-08-02T23:00,2026-07-20T10:51:28,2026-07-21T15:50:53
b240b5a4d296,2026-08-02T23:00,2026-07-20T10:51:28,2026-07-21T15:50:53
f95666edf8db,2026-08-02T23:00,2026-07-20T10:51:28,2026-07-21T15:50:53
e43a77c8c605,2026-08-02T23:00,2026-07-20T10:51:28,2026-07-21T15:50:53
36b1c12cfd9e,2026-08-02T23:00,2026-07-20T10:51:28,2026-07-21T15:50:53
aac0723d6ac4,2026-08-02T23:00,2026-07-20T10:51:28,2026-07-21T15:50:53
c77532a44451,2026-08-02T23:00,2026-07-20T10:51:28,2026-07-21T15:50:53
348303ca94d5,2026-08-02T23:00,2026-07-20T10:51:28,2026-07-21T15:50:53
02439c64bbe8,2026-08-02T23:00,2026-07-20T10:51:28,2026-07-21T15:50:53
baed90584c50,2026-08-02T23:00,2026-07-20T10:51:28,2026-07-21T15:50:53
89ab9220c537,2026-08-02T23:00,2026-07-20T10:51:28,2026-07-21T15:50:53
19ad3687b00a,2026-08-02T23:00,2026-07-20T10:51:28,2026-07-21T15:50:53
e9ef7a52f80d,2026-08-02T23:00,2026-07-20T10:51:28,2026-07-21T15:50:53
bf02b909a5f7,2026-08-02T23:00,2026-07-20T10:51:28,2026-07-21T15:50:53
ed21564cb286,2026-08-02T23:00,2026-07-20T10:51:28,2026-07-21T15:50:53
3108276bcb8e,2026-08-02T23:00,2026-07-20T10:51:28,2026-07-21T15:50:53
5e757bd14b75,2026-08-02T23:00,2026-07-20T10:51:28,2026-07-21T15:50:53
4ba2da1650d9,2026-08-02T23:00,2026-07-20T10:51:28,2026-07-21T15:50:53
25e006b2214a,2026-08-02T23:00,2026-07-20T10:51:28,2026-07-21T15:50:53
244796bf84a1,2026-08-02T23:00,2026-07-20T10:51:28,2026-07-21T15:50:53
aae7c75633d2,2026-08-02T23:00,2026-07-20T10:51:28,2026-07-21T15:50:53
715684eb5480,2026-08-02T23:00,2026-07-20T10:51:28,2026-07-21T15:50:53
d5cfafc93dec,2026-08-02T23:00,2026-07-20T10:51:28,2026-07-21T15:50:53
cba5e6a917b4,2026-08-02T23:00,2026-07-20T10:51:28,2026-07-21T15:50:53
66ca1f367bfe,2026-08-02T23:00,2026-07-20T10:51:28,2026-07-21T15:50:53
0bf9ff43b707,2026-08-02T23:00,2026-07-20T10:51:28,2026-07-21T15:50:53
d731be5d30a0,2026-08-02T23:00,2026-07-20T10:51:28,2026-07-21T15:50:53
cdc6bce62f71,2026-08-02T23:00,2026-07-20T10:51:28,2026-07-21T15:50:53
2ad89b595cbd,2026-08-02T23:00,2026-07-20T10:51:28,2026-07-21T15:50:53
b8e911620529,2026-08-02T23:00,2026-07-20T10:51:28,2026-07-21T15:50:53
148450e0c936,2026-08-02T23:00,2026-07-20T10:51:28,2026-07-21T15:50:53
4f9c8b27ac28,2026-08-02T23:00,2026-07-20T10:51:28,2026-07-21T15:50:53
dd56579374b6,2026-08-02T23:00,2026-07-20T10:51:28,2026-07-21T15:50:53
4a515320b7df,2026-08-02T23:00,2026-07-20T10:51:28,2026-07-21T15:50:53
df6fe803c340,2026-08-02T23:00,2026-07-20T10:51:28,2026-07-21T15:50:53
83d1579eb313,2026-08-02T23:00,2026-07-20T10:51:28,2026-07-21T15:50:53
3f93d4546d44,2026-08-02T23:00,2026-07-20T10:51:28,2026-07-21T15:50:53
18bbd902bd76,2026-08-02T23:00,2026-07-20T10:51:28,2026-07-21T15:50:53
5e0aff1263fc,2026-08-02T23:00,2026-07-20T10:51:28,2026-07-21T15:50:53
e279634bd452,2026-08-02T23:00,2026-07-20T10:51:28,2026-07-21T15:50:53
dfe32d1fb28a,2026-08-02T23:00,2026-07-20T10:51:28,2026-07-21T15:50:53
b63ca06e4bc9,2026-07-20T15:00,2026-07-20T10:51:28,2026-07-20T13:41:19
1da5e3de3a3a,2026-07-20T15:00,2026-07-20T10:51:28,2026-07-20T13:41:19
1da5e3de3a3a,2026-07-20T18:30,2026-07-20T15:54:19,2026-07-20T18:01:50
9289266ba229,2026-08-02T23:00,2026-07-20T10:51:28,2026-07-21T15:50:53
7be3ba832246,2026-08-02T23:00,2026-07-20T10:51:28,2026-07-21T15:50:53
56bb483796dd,2026-08-02T23:00,2026-07-20T10:51:28,2026-07-21T15:50:53
6e3e60eb7a8a,2026-08-02T23:00,2026-07-20T10:51:28,2026-07-21T15:50:53
1fd841582f24,2026-08-02T23:00,2026-07-20T10:51:28,2026-07-21T15:50:53
2d9183b54616,2026-08-02T23:00,2026-07-20T10:51:28,2026-07-21T15:50:53
a88d218939eb,2026-08-02T23:00,2026-07-20T10:51:28,2026-07-21T15:50:53
ed29a4b7a56a,2026-08-02T23:00,2026-07-20T10:51:28,2026-07-21T15:50:53
e96ec186c38b,2026-08-02T23:00,2026-07-20T10:51:28,2026-07-21T15:50:53
9b0c10036442,2026-08-02T23:00,2026-07-20T10:51:28,2026-07-21T15:50:53
c9e0f2c17738,2026-08-02T23:00,2026-07-20T10:51:28,2026-07-21T15:50:53
2cee61b64ba2,2026-08-02T23:00,2026-07-20T10:51:28,2026-07-21T15:50:53
253ff71928a3,2026-08-02T23:00,2026-07-20T10:51:28,2026-07-21T15:50:53
1ca9861768ce,2026-08-02T23:00,2026-07-20T10:51:28,2026-07-21T15:50:53
162b6f9bc971,2026-08-02T23:00,2026-07-20T10:51:28,2026-07-21T15:50:53
9071949f04e3,2026-08-02T23:00,2026-07-20T10:51:28,2026-07-21T15:50:53
b8a97b92459a,2026-08-02T23:00,2026-07-20T10:51:28,2026-07-21T15:50:53
bfbf68910d85,2026-08-02T23:00,2026-07-20T10:51:28,2026-07-21T15:50:53
9a2627dffa4c,2026-08-02T23:00,2026-07-20T10:51:28,2026-07-21T15:50:53
c4fd43312b29,2026-08-02T23:00,2026-07-20T10:51:28,2026-07-21T15:50:53
cfff90e27519,2026-08-02T23:00,2026-07-20T10:51:28,2026-07-21T15:50:53
1a545ebeb938,2026-08-02T23:00,2026-07-20T10:51:28,2026-07-21T15:50:53
2b853382cc66,2026-08-02T23:00,2026-07-20T10:51:28,2026-07-21T15:50:53
1c1ed3efed13,2026-08-02T23:00,2026-07-20T10:51:28,2026-07-21T15:50:53
1e097d6089cf,2026-08-02T23:00,2026-07-20T10:51:28,2026-07-21T15:50:53
30f544749595,2026-08-02T23:00,2026-07-20T10:51:28,2026-07-21T15:50:53
42becaf3a2f4,2026-08-02T23:00,2026-07-20T10:51:28,2026-07-21T15:50:53
577c67f1c99d,2026-08-02T23:00,2026-07-20T10:51:28,2026-07-21T15:50:53
71da7606fc1e,2026-08-02T23:00,2026-07-20T10:51:28,2026-07-21T15:50:53
987edec6faa4,2026-08-02T23:00,2026-07-20T10:51:28,2026-07-21T15:50:53
e667e0d2374a,2026-08-02T23:00,2026-07-20T10:51:28,2026-07-21T15:50:53
0139ebc9ef82,2026-08-02T23:00,2026-07-20T10:51:28,2026-07-21T15:50:53
d19adf27a410,2026-08-02T23:00,2026-07-20T10:51:28,2026-07-21T15:50:53
2882ff024b09,2026-08-02T23:00,2026-07-20T10:51:28,2026-07-21T15:50:53
1ecc81cdbf9d,2026-08-02T23:00,2026-07-20T10:51:28,2026-07-21T15:50:53
b80e1185ce79,2026-08-02T23:00,2026-07-20T10:51:28,2026-07-21T15:50:53
a48301e9218f,2026-08-02T23:00,2026-07-20T10:51:28,2026-07-21T15:50:53
60e75ee3d160,2026-08-02T23:00,2026-07-20T10:51:28,2026-07-21T15:50:53
7ab695b932b1,2026-08-02T23:00,2026-07-20T10:51:28,2026-07-21T15:50:53
61db56ed1ced,2026-08-02T23:00,2026-07-20T10:51:28,2026-07-21T15:50:53
9cb0b2c4cd21,2026-08-02T23:00,2026-07-20T10:51:28,2026-07-21T15:50:53
b87b2a6a557b,2026-08-02T23:00,2026-07-20T10:51:28,2026-07-21T15:50:53
b15d016a889a,2026-08-02T23:00,2026-07-20T10:51:28,2026-07-21T15:50:53
ab1cbe52fa88,2026-08-02T23:00,2026-07-20T10:51:28,2026-07-21T15:50:53
013196a74bf8,2026-08-02T23:00,2026-07-20T10:51:28,2026-07-21T15:50:53
74d281a15ca8,2026-08-02T23:00,2026-07-20T10:51:28,2026-07-21T15:50:53
4cf9c120d42c,2026-08-02T23:00,2026-07-20T10:51:28,2026-07-21T15:50:53
426848d52356,2026-08-02T23:00,2026-07-20T10:51:28,2026-07-21T15:50:53
b0c96f65699c,2026-08-02T23:00,2026-07-20T10:51:28,2026-07-21T15:50:53
a77de13f2c97,2026-08-02T23:00,2026-07-20T10:51:28,2026-07-21T15:50:53
2e65922cc473,2026-08-02T23:00,2026-07-20T10:51:28,2026-07-21T15:50:53
cbd2c4fb582b,2026-08-02T23:00,2026-07-20T10:51:28,2026-07-21T15:50:53
561b928aefa2,2026-08-02T23:00,2026-07-20T10:51:28,2026-07-21T15:50:53
8035f19e8742,2026-08-02T23:00,2026-07-20T10:51:28,2026-07-21T15:50:53
20b8ef46456e,2026-08-02T23:00,2026-07-20T10:51:28,2026-07-21T15:50:53
074ceff31731,2026-08-02T23:00,2026-07-20T10:51:28,2026-07-21T15:50:53
c2b422942ea9,2026-08-02T23:00,2026-07-20T10:51:28,2026-07-21T15:50:53
f6459f13c6ca,2026-08-02T23:00,2026-07-20T10:51:28,2026-07-21T15:50:53
0de163c62b9c,2026-08-02T23:00,2026-07-20T10:51:28,2026-07-21T15:50:53
4ef64621f11b,2026-08-02T23:00,2026-07-20T10:51:28,2026-07-21T15:50:53
0fc326105692,2026-08-02T23:00,2026-07-20T10:51:28,2026-07-21T15:50:53
79698c34c985,2026-08-02T23:00,2026-07-20T10:51:28,2026-07-21T15:50:53
6dbdcf48594c,2026-08-02T23:00,2026-07-20T10:51:28,2026-07-21T15:50:53
b1a9c630f938,2026-08-02T23:00,2026-07-20T10:51:28,2026-07-21T15:50:53
493aff68cd33,2026-08-02T23:00,2026-07-20T10:51:28,2026-07-21T15:50:53
c627e0cd5009,2026-08-02T23:00,2026-07-20T10:51:28,2026-07-21T15:50:53
dbfcc7cfdd2e,2026-08-02T23:00,2026-07-20T10:51:28,2026-07-21T15:50:53
e4a7eeca331f,2026-08-02T23:00,2026-07-20T10:51:28,2026-07-21T15:50:53
d424708ab093,2026-08-02T23:00,2026-07-20T10:51:28,2026-07-21T15:50:53
4016628adbff,2026-08-02T23:00,2026-07-20T10:51:28,2026-07-21T15:50:53
a743f3f56458,2026-08-02T23:00,2026-07-20T10:51:28,2026-07-21T15:50:53
f1e69c6f9db0,2026-08-02T23:00,2026-07-20T10:51:28,2026-07-21T15:50:53
826afe544338,2026-08-02T23:00,2026-07-20T10:51:28,2026-07-21T15:50:53
d2e115a26739,2026-08-02T23:00,2026-07-20T10:51:28,2026-07-21T15:50:53
02919464ca02,2026-08-02T23:00,2026-07-20T10:51:28,2026-07-21T15:50:53
c650eb12398c,2026-08-02T23:00,2026-07-20T10:51:28,2026-07-21T15:50:53
5822314fe7a8,2026-08-02T23:00,2026-07-20T10:51:28,2026-07-21T15:50:53
7083a0eb6980,2026-08-02T23:00,2026-07-20T10:51:28,2026-07-21T15:50:53
f12885117168,2026-08-02T23:00,2026-07-20T10:51:28,2026-07-21T15:50:53
c67e712f9d34,2026-08-02T23:00,2026-07-20T10:51:28,2026-07-21T15:50:53
f4e49dd12bac,2026-08-02T23:00,2026-07-20T10:51:28,2026-07-21T15:50:53
442acfa1ce54,2026-08-02T23:00,2026-07-20T10:51:28,2026-07-21T15:50:53
ce3440d9b3c8,2026-08-02T23:00,2026-07-20T10:51:28,2026-07-21T15:50:53
ce24fc67df7c,2026-08-02T23:00,2026-07-20T10:51:28,2026-07-21T15:50:53
81c4dbdad30f,2026-08-02T23:00,2026-07-20T10:51:28,2026-07-21T15:50:53
c450a49b96cd,2026-08-02T23:00,2026-07-20T10:51:28,2026-07-21T15:50:53
3dcb9feb9d42,2026-08-02T23:00,2026-07-20T10:51:28,2026-07-21T15:50:53
ad8c522d4f0e,2026-08-02T23:00,2026-07-20T10:51:28,2026-07-21T15:50:53
0f67f3d339d1,2026-07-20T12:00,2026-07-20T10:51:28,2026-07-20T10:51:28
11c39b5ece1e,2026-08-02T23:00,2026-07-20T10:51:28,2026-07-21T15:50:53
82ffd9c221fe,2026-08-02T23:00,2026-07-20T10:51:28,2026-07-21T15:50:53
fa758f7c193e,2026-08-02T23:00,2026-07-20T10:51:28,2026-07-21T15:50:53
15d0cbef2c49,2026-08-02T23:00,2026-07-20T10:51:28,2026-07-21T15:50:53
30f53be6d725,2026-07-20T23:30,2026-07-20T10:51:28,2026-07-20T10:51:28
30f53be6d725,2026-07-21T23:30,2026-07-20T13:41:19,2026-07-21T15:50:53
a8daa5c9208a,2026-07-20T15:30,2026-07-20T10:51:28,2026-07-20T13:41:19
6f52531f7bea,2026-07-20T15:30,2026-07-20T10:51:28,2026-07-20T13:41:19
215a0c8d1f82,2026-07-20T15:30,2026-07-20T10:51:28,2026-07-20T13:41:19
95f1b65ce8e0,2026-07-20T14:30,2026-07-20T10:51:28,2026-07-20T13:41:19
c60303bc8e9c,2026-07-20T23:30,2026-07-20T10:51:28,2026-07-20T15:54:19
c4d972143b50,2026-07-20T23:30,2026-07-20T10:51:28,2026-07-20T15:54:19
8a2cce63f0d1,2026-07-20T15:30,2026-07-20T13:41:19,2026-07-20T13:41:19
68909d0e9e8e,2026-08-02T23:00,2026-07-20T13:41:19,2026-07-21T15:50:53
d2ca0b73bacc,2026-08-02T23:00,2026-07-20T13:41:19,2026-07-21T15:50:53
9ed7af14ef28,2026-08-02T23:00,2026-07-20T13:41:19,2026-07-21T15:50:53
ee7cdafc523d,2026-08-02T23:00,2026-07-20T13:41:19,2026-07-21T15:50:53
811f18119fee,2026-08-02T23:00,2026-07-20T13:41:19,2026-07-21T15:50:53
570ac7b376b2,2026-08-02T23:00,2026-07-20T13:41:19,2026-07-21T15:50:53
cf398025c7b9,2026-07-20T17:30,2026-07-20T15:54:19,2026-07-20T15:54:19
c776e574ad0b,2026-07-20T23:30,2026-07-20T18:01:50,2026-07-20T21:32:24
c776e574ad0b,2026-07-21T12:00,2026-07-20T23:11:04,2026-07-21T01:30:41
2582c7bed63b,2026-07-20T23:30,2026-07-20T18:01:50,2026-07-20T21:32:24
2582c7bed63b,2026-07-21T12:00,2026-07-20T23:11:04,2026-07-21T01:30:41
1b6af821ce06,2026-07-20T23:30,2026-07-20T18:01:50,2026-07-20T19:42:31
aa440cba7fd9,2026-07-20T23:30,2026-07-20T18:01:50,2026-07-20T21:32:24
aa440cba7fd9,2026-07-21T12:00,2026-07-20T23:11:04,2026-07-21T01:30:41
b1bfbe213839,2026-07-20T23:30,2026-07-20T18:01:50,2026-07-20T21:32:24
b1bfbe213839,2026-07-21T12:00,2026-07-20T23:11:04,2026-07-21T01:30:41
eaee6103a5df,2026-07-20T23:30,2026-07-20T18:01:50,2026-07-20T21:32:24
eaee6103a5df,2026-07-21T12:00,2026-07-20T23:11:04,2026-07-21T01:30:41
7128945e4562,2026-07-20T23:30,2026-07-20T18:01:50,2026-07-20T19:42:31
e58d05c88fa7,2026-07-20T23:30,2026-07-20T18:01:50,2026-07-20T21:32:24
e58d05c88fa7,2026-07-21T12:00,2026-07-20T23:11:04,2026-07-21T01:30:41
f8ac03b5bcba,2026-07-20T23:30,2026-07-20T18:01:50,2026-07-20T21:32:24
f8ac03b5bcba,2026-07-21T12:00,2026-07-20T23:11:04,2026-07-21T01:30:41
6b938f5f2d29,2026-07-20T23:30,2026-07-20T18:01:50,2026-07-20T21:32:24
6b938f5f2d29,2026-07-21T12:00,2026-07-20T23:11:04,2026-07-21T01:30:41
cb1a2e99d8d6,2026-07-20T23:30,2026-07-20T18:01:50,2026-07-20T21:32:24
cb1a2e99d8d6,2026-07-21T12:00,2026-07-20T23:11:04,2026-07-21T01:30:41
affef9342d8d,2026-07-20T23:30,2026-07-20T18:01:50,2026-07-20T21:32:24
affef9342d8d,2026-07-21T12:00,2026-07-20T23:11:04,2026-07-21T10:06:14
affef9342d8d,2026-07-21T23:00,2026-07-21T12:36:27,2026-07-21T15:50:53
993b6b0cf251,2026-07-21T23:00,2026-07-20T18:01:50,2026-07-21T12:36:27
2dc11200426a,2026-07-21T23:00,2026-07-20T18:01:50,2026-07-21T12:36:27
5add734ceef4,2026-07-20T23:30,2026-07-20T21:32:24,2026-07-20T21:32:24
b7a48918ce74,2026-07-20T23:30,2026-07-20T21:32:24,2026-07-20T21:32:24
b7a48918ce74,2026-07-21T12:00,2026-07-20T23:11:04,2026-07-21T10:06:14
b7a48918ce74,2026-07-21T23:00,2026-07-21T12:36:27,2026-07-21T12:36:27
314ea4161f4f,2026-07-23T23:30,2026-07-21T01:30:41,2026-07-21T15:50:53
a683ff67d0b5,2026-07-22T06:30,2026-07-21T07:28:33,2026-07-21T10:06:14
a683ff67d0b5,2026-07-22T23:00,2026-07-21T12:36:27,2026-07-21T15:50:53
d06e0ac13e74,2026-07-22T06:30,2026-07-21T07:28:33,2026-07-21T10:06:14
d06e0ac13e74,2026-07-22T23:00,2026-07-21T12:36:27,2026-07-21T15:50:53
f8ba7bbdb954,2026-07-22T06:30,2026-07-21T07:28:33,2026-07-21T10:06:14
f8ba7bbdb954,2026-07-22T23:00,2026-07-21T12:36:27,2026-07-21T15:50:53
d0aba0ae95f2,2026-07-22T06:30,2026-07-21T07:28:33,2026-07-21T10:06:14
d0aba0ae95f2,2026-07-22T23:00,2026-07-21T12:36:27,2026-07-21T15:50:53
7d31ae0229e2,2026-07-22T06:30,2026-07-21T07:28:33,2026-07-21T10:06:14
7d31ae0229e2,2026-07-22T23:00,2026-07-21T12:36:27,2026-07-21T15:50:53
b931ff89df37,2026-07-22T06:30,2026-07-21T07:28:33,2026-07-21T10:06:14
b931ff89df37,2026-07-22T23:00,2026-07-21T12:36:27,2026-07-21T15:50:53
d5b70f741c2d,2026-07-22T06:30,2026-07-21T07:28:33,2026-07-21T10:06:14
d5b70f741c2d,2026-07-22T23:00,2026-07-21T12:36:27,2026-07-21T15:50:53
ec9f03b0be44,2026-07-22T06:30,2026-07-21T07:28:33,2026-07-21T10:06:14
ec9f03b0be44,2026-07-22T23:00,2026-07-21T12:36:27,2026-07-21T15:50:53
649511f1ff0c,2026-07-21T18:00,2026-07-21T10:06:14,2026-07-21T15:50:53
379c20bd9737,2026-07-21T13:00,2026-07-21T10:06:14,2026-07-21T10:06:14
668f04eb48ad,2026-07-21T14:00,2026-07-21T10:06:14,2026-07-21T12:36:27
e4f0569e7c2a,2026-07-21T13:30,2026-07-21T10:06:14,2026-07-21T10:06:14
8b74228bf944,2026-07-21T12:00,2026-07-21T10:06:14,2026-07-21T10:06:14
29880d4b5240,2026-07-21T15:30,2026-07-21T10:06:14,2026-07-21T14:27:11
57d61dd81bf8,2026-07-21T13:30,2026-07-21T10:06:14,2026-07-21T10:06:14
dd54952064e7,2026-07-21T14:00,2026-07-21T12:36:27,2026-07-21T12:36:27
76936913f1cb,2026-07-21T23:00,2026-07-21T12:36:27,2026-07-21T15:50:53
40400ad50adc,2026-07-24T23:30,2026-07-21T14:27:11,2026-07-21T15:50:53
728660ee9941,2026-07-24T23:30,2026-07-21T14:27:11,2026-07-21T15:50:53
5f3185f3a4fd,2026-07-24T23:30,2026-07-21T14:27:11,2026-07-21T15:50:53
2bc7a06f5752,2026-07-21T19:00,2026-07-21T15:50:53,2026-07-21T15:50:53
