name,latitude,longitude
" 2 Dorobanti ",44.454707,26.097312
" 2 Ilie Pintilie",44.451554,26.089796
" Ct Marasesti 11",44.4206301,26.1047833
" Ct Marasesti 9-10",44.4168825,26.1035795
" MT PLAVAT",44.44942855835,26.049877
"1 Alexandria",44.405420487109,26.061514776772
"1 Anexa ",44.4298755,26.1376994
"1 Aviatiei",44.480481144407,26.095073647493
"1 Banu Manta",44.455159022004,26.0756306878
"1 Berceni Oltenita",44.390700779569,26.126628591469
"1 Bis Zona I",44.386231715331,26.120579547003
"1 Bucurestii Noi",44.487646,26.038117
"1 C3/1",44.432576444788,26.164120976753
"1 C5/1",44.422963473235,26.165034386053
"1 Carei ",44.436316336103,26.161319145551
"1 Cheile Zanoagei ",44.459084933579,26.124698985992
"1 Colentina",44.452127590305,26.12367664304
"1 Colentina 3",44.467482042644,26.138744484166
"1 Colentina Socului ",44.454552129591,26.144975274346
"1 Crivina",44.454824144279,26.043615393435
"1 Călăraşi ",44.431944022885,26.133332361636
"1 Dimitrov ",44.44352,26.13114
"1 Drumul Sarii",44.419352917517,26.059991180552
"1 Fundeni ",44.465215832776,26.140920169489
"1 Giulești",44.4603136,26.0450326
"1 Giurgiu",44.3925916653,26.092301441168
"1 Hatisului",44.445341554123,26.169759214288
"1 Iancului ",44.443045,26.146751
"1 Ilie Pintilie",44.452955,26.091503
"1 Labirint ",44.431054647361,26.118135816644
"1 Laborator",44.418128188483,26.133589904404
"1 Matei Ambrozie",44.411839591958,26.147422392758
"1 Mosilor ",44.44468378857,26.121203416571
"1 Mărăşeşti ",44.423412919384,26.121202279845
"1 Nicolae Pascu",44.408993138513,26.141831999525
"1 Nitu Vasile",44.389940769358,26.116981477426
"1 Nufarul",44.424850872174,26.166077592891
"1 Oltenita Nord",44.392483164384,26.129055642038
"1 Oltenita Placare ",44.396287408723,26.112497292729
"1 Panduri ",44.423743263416,26.071555777041
"1 Petre Ispirescu",44.412716,26.068455
"1 Rahova",44.412972402048,26.071761534219
"1 Republicii",44.441710614965,26.13070950374
"1 Roșu",44.43783,26.00627
"1 Salaj",44.409725099236,26.075109562074
"1 Serban Voda",44.411041346985,26.098865614202
"1 Socului ",44.438338311125,26.160771703201
"1 Stoian Militaru",44.399987462908,26.098421911171
"1 Sălaj",44.409725099236,26.075109562074
"1 Teiul Doamnei ",44.4598865995,26.127756636853
"1 Tineretului",44.412415871448,26.110004686011
"1 Titulescu",44.452098,26.070794
"1 Tomis ",44.417572959814,26.142784639426
"1 Turda",44.460831279839,26.070118076364
"1 Uverturii",44.437333766834,26.039619252277
"1 Vacaresti",44.406562899734,26.120041334401
"1 Veteranilor",44.43627373843,26.03262811854
"1 Virtuții",44.437685374078,26.033021468157
"1 Vitan",44.410246153624,26.139067951241
"1 Zona I",44.386471,26.119855
"1 Zona II",44.38079632111,26.111328898883
"1 Zona IV",44.381342962667,26.102071038049
"1 Zona V",44.3866762,26.1056431
"1 din 13 Septembrie",44.424901860922,26.075102595166
"1 Îndesirii",44.435356266626,26.009650745456
"1 Șulea Nord",44.417574523119,26.148635745529
"1/1",44.42696762085,26.051141
"1/10",44.419097900391,26.04747
"1/7",44.42126754175,26.023064755533
"1/7'",44.41661256,26.0277227
"1/8",44.422069819518,26.038736567864
"10 Aragonitului",44.440230831727,26.018854271853
"10 Bucurestii Noi",44.485008,26.040687
"10 C5/2",44.413851847201,26.179507746862
"10 Giulești",44.4579871,26.0512152
"10 Laborator",44.418413007795,26.137769859583
"10 Liniei",44.429674878808,26.009597261515
"10 Margeanului",44.413420211315,26.062189931329
"10 Matei Ambrozie",44.415968337742,26.15489129189
"10 Nefamilisti",44.423988948948,26.17879244553
"10 Pantelimon ",44.439970758232,26.175389836374
"10 Vitan",44.417327288397,26.126259911503
"10-1 Mai",44.457328,26.077704
"10-22 Duca",44.448786,26.077618
"10/4",44.422454302808,26.019228454795
"103A",44.430967,26.091934
"11 C5/2",44.413925793017,26.177264921577
"11 Dorobanti",44.448236,26.099704
"11 Foișor",44.418630166332,26.122753704537
"11 Giurgiu",44.3909303,26.092184
"11 Laborator ",44.417523116508,26.139666312047
"11 Liniei",44.430284354822,26.014993733884
"11 Margeanului",44.413174,26.065173
"11 Mărgelelor",44.441397023426,26.017131544625
"11 Pantelimon ",44.43989588642,26.178545035088
"11/4",44.422037605437,26.014963508887
"12 C5/2",44.412252237946,26.175364827674
"12 Foișor",44.417799604922,26.121324108352
"12 Giurgiu",44.3904048,26.0918888
"12 Gostat",44.452639,26.098333
"12 Liniei",44.430771176455,26.021219441191
"12 Maratonului",44.438169262693,26.012156178621
"12-1 Mai",44.454305,26.079518
"12/4",44.425079838226,26.016326119452
"126-1 Mai",44.464872,26.069466
"12Tomis",44.415008656658,26.14187566521
"13 C5/2",44.412416425889,26.172854420616
"13 Foișor",44.42005700227,26.123356994652
"13 Lacul Tei ",44.4618986,26.1182756
"13 Liniei",44.43204,26.03209
"13 Pantelimon ",44.4423038,26.1615087
"13 Tomis",44.4147779026,26.14434861549
"13-1 Mai",44.470083,26.054154
"13/4",44.424621801435,26.019151129798
"14 C5/2",44.414625074846,26.165138400148
"14 Foișor",44.421044311597,26.123675134747
"14 Pantelimon ",44.442673632762,26.176152566373
"14 Păcii",44.433220051511,26.005008634444
"14 Tomis",44.411741713222,26.142864060871
"140 – 1 Mai",44.466321,26.065796
"146 Grivita",44.448366,26.074409
"148 Grivita",44.448787,26.073705
"15 ABC",44.4398103,26.1816397
"15 Apusului",44.44021,26.01624
"15 C5/2",44.414496649141,26.168737515476
"15 Foișor",44.415878471304,26.125222582959
"15 Păcii",44.433155153597,25.997762590785
"15 Răcari",44.414149569828,26.139050487211
"150 Grivita",44.449723,26.071521
"156 Grivita",44.449731,26.071612
"16 C5/2 ",44.413559535412,26.18399300413
"16 Foișor",44.421960932282,26.12508802834
"16 Răcari",44.413274470197,26.136792235983
"16 Vergului ",44.438149411793,26.172563884829
"17 C5/2",44.421162624555,26.17370415348
"17 Dolhasca",44.394042,26.117482
"17 Pantelimon ",44.4442947,26.1486281
"17 Răcari",44.414470607495,26.137660175601
"17-18 Petricani",44.4644793,26.127704
"17-19 Bucurestii Noi",44.478933,26.043492
"18 C5/2",44.414433834924,26.171497948518
"18 KLM",44.411125500011,26.140755567054
"18 Pantelimon ",44.444625814743,26.144263828341
"19 Dolhasca",44.3922097,26.116995
"19 Foișor",44.414937449896,26.125177025844
"19 Pantelimon ",44.443873145797,26.141506530189
"1CORNISA",44.431364890841,26.170994379364
"1Catelu",44.431554,26.145673
"1L. Patrascanu",44.435290160568,26.168910455302
"1Muncii",44.433784127972,26.157694326963
"1Placare-T",44.408871946674,26.174141581033
"1X",44.428259164275,26.145387805608
"1XA",44.42819712767,26.147306463333
"2 A Metalurgiei",44.3883856,26.1170617
"2 Alexandria",44.403177937942,26.055751309863
"2 Aviatiei",44.480132787097,26.098884270277
"2 Baia de Arama",44.435041440153,26.164063528901
"2 Banu Manta",44.454132576451,26.076361108355
"2 Berceni Oltenita",44.389081067625,26.130102166329
"2 Bucurestii Noi",44.485253685485,26.037961082459
"2 C5/1 ",44.423883141331,26.168492290267
"2 Cheile Zanoagei ",44.460380612534,26.124608065815
"2 Colentina",44.4521405,26.1255967
"2 Colentina 2",44.462756,26.135144
"2 Colentina 3",44.466636859339,26.139962385144
"2 Colentina Socului ",44.453086246008,26.147966500234
"2 Cornul Caprei",44.423398013129,26.129300577458
"2 Crivina",44.453487612242,26.040573269281
"2 Călăraşi ",44.430669191467,26.130745005608
"2 Drumul Sarii",44.42270918352,26.062222656868
"2 Ferentari",44.412463447087,26.075045077416
"2 Fundeni ",44.462891,26.142306
"2 Giurgiu",44.39508619812,26.096327333861
"2 Iancului ",44.442193,26.139021
"2 Lanariei",44.414994429015,26.111062720949
"2 Mosilor ",44.448063221244,26.124641248663
"2 Mărășești",44.420289903111,26.116844472496
"2 Nicolae Pascu",44.409458837818,26.147745319745
"2 Nitu Vasile",44.38868,26.111858
"2 Oltenita Nord",44.390241643096,26.133600264974
"2 Oltenita Placare",44.398713669306,26.106476984162
"2 Oltenitei",44.396924554192,26.116447516576
"2 P-ta Victoriei",44.451489269822,26.082532012598
"2 Panduri ",44.425583,26.066935
"2 Papiu Ilarian ",44.419880634197,26.142653568822
"2 Petre Ispirescu",44.416784243165,26.066134922797
"2 Placare-T",44.405837749762,26.174757171313
"2 Politehnicii",44.435890415618,26.042932802699
"2 Prefabricate ",44.468654,26.05276
"2 Rahova",44.409809133109,26.067767241792
"2 Roșu",44.439517085409,26.003813932712
"2 Serban Voda",44.407206059668,26.09422245347
"2 Stefan cel Mare ",44.452473887142,26.102797744243
"2 Stoian Militaru",44.3994455,26.1013311
"2 Sălaj",44.406429200569,26.07423868657
"2 Teiul Doamnei ",44.461141708789,26.125906099465
"2 Tineretului",44.412216611444,26.110353373161
"2 Titulescu",44.450809,26.071028
"2 Tomis ",44.415582511383,26.149921086738
"2 Turda",44.458148725265,26.069306735287
"2 Unităţii ",44.423022157269,26.136336299463
"2 Uverturii",44.435078654427,26.039216416695
"2 Vacaresti",44.402289503388,26.120006484811
"2 Veteranilor",44.436340959676,26.030493178573
"2 Vifornita",44.385130342076,26.100341665398
"2 Virtuții",44.439116515733,26.031849327137
"2 Vitan",44.413759804623,26.13449706238
"2 Voiniceni ",44.437179303158,26.158070439322
"2 Zona I",44.383072049719,26.120605545611
"2 Zona II",44.37759796488,26.116932089062
"2 Zona V",44.384658526292,26.104838484162
"2 din 13 Septembrie",44.423782682013,26.076210362054
"2 Îndesirii ",44.43496057023,26.015090540469
"2 Șulea",44.416985410842,26.151153301352
"2-1 Mai",44.461927683738,26.071466776364
"2/10",44.418239286309,26.043530378481
"2/2",44.424630315239,26.042418514384
"2/6",44.414833068848,26.02181
"2/7",44.418199484006,26.02238357016
"2/7'",44.416145324707,26.03119
"2/8",44.422636178552,26.04442817093
"20 Pantelimon ",44.445179,26.139575
"201 Mihai Bravu ",44.433067298938,26.13699093943
"202 Mihai Bravu ",44.435393614885,26.136074665796
"21 C5/2",44.417138835453,26.184205406883
"21 Foișor",44.420805164492,26.119679692198
"21 Pantelimon ",44.444396965841,26.137619798786
"22 Pantelimon ",44.444295112246,26.135933408101
"23 Baicului ",44.44574835098,26.144183842109
"23 C5/2",44.422471034674,26.178008578144
"24 C5/2",44.410460896109,26.180190150428
"24 Delfinului ",44.444122161601,26.162282683397
"24A",44.425405898109,26.147888822752
"29 Stefan cel Mare ",44.4526916,26.1183962
"2Catelu",44.427161203459,26.150486465649
"2Stejarului",44.428173174742,26.143249443414
"2’-1 Mai ",44.470393,26.055587
"3 Aviatiei",44.483988987903,26.100412519401
"3 Berceni Oltenița",44.388391022016,26.131241189752
"3 Bis Zona I",44.381149305739,26.125366778702
"3 C5/1",44.417417626836,26.170082315207
"3 Cheile Zanoagei ",44.461582573308,26.122357997099
"3 Colentina",44.455070515839,26.126928389148
"3 Colentina Socului ",44.4522064,26.1480302
"3 Crivina",44.455289994279,26.044981731707
"3 Călăraşi",44.432951436049,26.126944371314
"3 Dinicu Golescu",44.445855,26.073419
"3 Dreptății",44.4371,26.02776
"3 Drumul Sării",44.420991229538,26.062554241834
"3 Ferentari",44.412249424584,26.07737359091
"3 Fundeni",44.465167211704,26.147026165983
"3 Iancului",44.4419354,26.1360142
"3 Labirint",44.4310235807,26.12427751447
"3 Mosilor",44.44339141713,26.11731680423
"3 Mărăşeşti",44.421413449341,26.115808161431
"3 Nitu Vasile",44.39085,26.11257
"3 Oltenita Placare",44.400524,26.110186
"3 P-Ţa Victoriei ",44.451267,26.085642
"3 Papiu Ilarian ",44.4219468,26.1419627
"3 Petre Ispirescu",44.415103547395,26.065666162075
"3 Petricani ",44.4628221,26.1306196
"3 Placare-T",44.4081905985,26.17771609698
"3 Rahova",44.407012592846,26.063941035003
"3 Sebastian",44.419285,26.06804
"3 Socului ",44.439809,26.156146
"3 Stefan cel Mare ",44.452411949595,26.110112645531
"3 Sălaj",44.403277768506,26.074804817897
"3 Theodor Speranţia ",44.430716,26.135197
"3 Tineretului",44.41071864561,26.1136777289
"3 Titulescu",44.45218,26.075444
"3 Tomis",44.414735,26.15149
"3 Turda",44.456810504696,26.062585322781
"3 Unităţii ",44.424308266726,26.136026253564
"3 Uverturii",44.4347554,26.0360035
"3 Vaselor ",44.446328142942,26.128912256533
"3 Virtuții",44.436352149169,26.030516679265
"3 Zona I",44.381149305739,26.125366778702
"3 Zona II",44.380826993008,26.111366449804
"3 Zona V",44.384573375339,26.107981119744
"3 din 13 Septembrie",44.424305273891,26.081255079824
"3 Șulea",44.417929943171,26.15358188979
"3-11 Duca",44.44814,26.076057
"3/10",44.416947282838,26.044735876456
"3/2",44.42399611775,26.039559592789
"3/6",44.413673400879,26.0202
"3/7",44.4188427,26.02692112
"3/7'",44.413681030273,26.027856
"3/8",44.420101028481,26.046797945084
"30 Stefan cel Mare ",44.4517649,26.1215781
"33 Muncii",44.4320571,26.1445292
"3Catelu",44.426510990976,26.1466642732
"3X",44.43337195163,26.159412894087
"4 Aviatiei",44.483273237609,26.096636334391
"4 Berceni Oltenita",44.38692,26.13325
"4 Cheile Zanoagei ",44.458492884321,26.121422246091
"4 Chirigiu",44.414500986252,26.078861197097
"4 Colentina",44.459286465278,26.130730316136
"4 Colentina Socului ",44.451935552735,26.150178060912
"4 Crivina",44.454426324917,26.047247181757
"4 Drumul Sarii",44.418494402451,26.061323116694
"4 Dudești",44.421506874975,26.130161607456
"4 Iancului ",44.441143,26.134771
"4 Labirint ",44.430035348188,26.121550365687
"4 Lanariei",44.416253484323,26.108552873077
"4 Mosilor ",44.447126919499,26.121893601914
"4 Mărăşeşti ",44.423072403401,26.112586271896
"4 Nitu Vasile",44.390884645694,26.116238713641
"4 Oltenita Placare",44.395891612178,26.108230672484
"4 Pantelimon ",44.44388599676,26.153896119747
"4 Petre Ispirescu",44.417430763133,26.064395581908
"4 Rahova",44.407141162962,26.067725393401
"4 Roșia Montană",44.43741,26.02566
"4 Socului ",44.436122139726,26.158679897014
"4 Stefan cel Mare ",44.4520234,26.1175694
"4 Sălaj",44.408497420113,26.07699868657
"4 Theodor Speranţia ",44.427643772709,26.134450464567
"4 Tineretului",44.409295047197,26.116260968821
"4 Turda",44.455079369792,26.064999367196
"4 Vifornita",44.387629050495,26.101022962633
"4 Virtuții",44.441178047714,26.031357548666
"4 Zona I",44.383616062266,26.117068176908
"4 Zona II",44.378035325242,26.112948168355
"4' Pantelimon ",44.444054,26.150148
"4/10",44.416464507807,26.048799604653
"4/6",44.414451599121,26.01756
"4/7",44.42169835223,26.027007401616
"4/7'",44.417213439941,26.03202
"4/8",44.419196639476,26.040015429137
"4C4/2",44.416242436617,26.158187259019
"4C5/1",44.41849837055,26.170011235647
"4Placare-T",44.411901076775,26.165768001352
"4X",44.426610607656,26.166479324092
"4XA",44.425684399599,26.164256898084
"5 Aviatiei",44.485812427579,26.095541252097
"5 Berceni Oltenița",44.384229441684,26.133167315468
"5 Brancoveanu",44.391537074242,26.109063779842
"5 C3/2",44.426315268956,26.172041812449
"5 C4/2",44.414426037014,26.162280048278
"5 C5/2",44.422311731477,26.17490546085
"5 Chirigiu",44.416499595498,26.082742952836
"5 Colentina",44.459811014592,26.131095096539
"5 Cornul Caprei ",44.423590318535,26.132061748021
"5 Crivina",44.454914193139,26.052173115492
"5 Călăraşi ",44.431374163217,26.129109287925
"5 Desișului",44.43489925829,26.023706494037
"5 Doamna Ghica ",44.456060349344,26.139997434485
"5 Iancului ",44.4425794,26.1481048
"5 Lacul Tei ",44.4628725,26.1204375
"5 Lira",44.422491348652,26.065089121033
"5 Margeanului",44.410215,26.06271
"5 Metalurgiei",44.378065295718,26.118363463921
"5 Mosilor ",44.449580024163,26.122853849226
"5 Mărăşeşti ",44.420436778383,26.113213832351
"5 Oltenita",44.395952170373,26.11902307807
"5 Pantelimon ",44.441428180074,26.154864073099
"5 Petre Ispirescu",44.418626206401,26.065070157523
"5 Socului ",44.439798,26.158728
"5 Virtuții",44.43934,26.03602
"5 Zona I",44.379951807385,26.120884643721
"5 Zona II",44.38387078867,26.113497720948
"5-1 Mai",44.460045,26.076042
"5/5",44.417144963714,26.018762433606
"5/8",44.421144249979,26.046556354265
"5Catelu",44.431598,26.147095
"5Placare-T",44.410525296612,26.164878355582
"5X",44.429545954854,26.169704528374
"6 ACM",44.464569,26.055611
"6 Aviatiei",44.485363,26.094529
"6 Berceni Oltenita",44.384965068941,26.137433754027
"6 Brancoveanu",44.394643867895,26.111738694051
"6 Bucurestii Noi",44.482855,26.042154
"6 C5/2",44.418225379862,26.175192049848
"6 Chirigiu",44.416788864916,26.079139902556
"6 Colentina",44.4605019,26.1334184
"6 Doamna Ghica ",44.459017658526,26.135532415513
"6 Farado",44.38686381063,26.090820702892
"6 Margeanului",44.408995,26.062098
"6 Mosilor ",44.441189280039,26.116536292115
"6 Mărășești",44.420779379125,26.111569424001
"6 Pantelimon ",44.4433155,26.1588575
"6 Petre Ispirescu",44.415086,26.063427
"6 Rahova",44.409858176973,26.071649205607
"6 Roșia Montană",44.438843977732,26.025660298302
"6 Sebastian",44.414421595696,26.07084059149
"6 Sălaj",44.408966,26.078203
"6 Vifornita",44.378418106443,26.105414245634
"6 Vitan",44.416724543903,26.131058120473
"6 Zona I",44.378799,26.122111
"6 Zona II",44.385173824756,26.110954182958
"6-1 Mai",44.463146908263,26.075447858526
"6/2",44.426903832708,26.035865038927
"6/8",44.418546818548,26.036987910245
"61-63 Dorobanti",44.450254,26.098833
"64 Colentina ",44.4625036,26.1341763
"6C4/2",44.419406578109,26.162431708624
"6Catelu",44.429262907936,26.148194990025
"6Placare-T",44.409617281794,26.17147765595
"6X",44.427268506204,26.175814231755
"7 Berceni Oltenita",44.382201301417,26.135405519137
"7 C4/2",44.422510319579,26.161838957175
"7 Clucerului",44.458744,26.07863
"7 Colentina",44.455835581978,26.131025935733
"7 Crivina",44.45506,26.05431
"7 Călăraşi ",44.4302894,26.1084422
"7 Dinicu Golescu",44.448462,26.069617
"7 Doamna Ghica ",44.460784338422,26.136793039178
"7 Giulești",44.4589043,26.051079
"7 IRTA ",44.4568374,26.1289913
"7 Lavandei",44.440072467637,26.022741731414
"7 Margeanului",44.407819,26.061609
"7 Mosilor",44.440074174092,26.117097664565
"7 Muncii",44.436606873327,26.16290386386
"7 Pantelimon ",44.443113,26.163193
"7 Petre Ispirescu",44.416427,26.061306
"7 Placare-T",44.412199439161,26.162141939986
"7 Sebastian",44.417223,26.068054
"7 Virtuții",44.44159,26.03789
"7 Vitan",44.419379323276,26.128455383519
"7 Zona I",44.379233,26.11894
"7-1 Mai",44.468198,26.062423
"7/2",44.427387,26.041792
"7/5",44.419212431594,26.014243749484
"7C3/2",44.428428923439,26.171201593318
"7X",44.423535786933,26.149599708702
"8 Alexandria",44.404380559627,26.058723219777
"8 Brancoveanu",44.39361699317,26.114225199794
"8 C4/2",44.423698953008,26.158940195893
"8 C5/2",44.417845889585,26.177313867111
"8 Crivina",44.457527102382,26.048227757177
"8 Doamna Ghica ",44.459524667349,26.138342014877
"8 Ghirlandei",44.438951839426,26.02096827993
"8 Margeanului",44.405762527794,26.059230247293
"8 Muncii",44.437298987303,26.165320448924
"8 Pantelimon ",44.4427056,26.1698271
"8 Placare-T",44.412379993968,26.160062280551
"8 Virtuții",44.443182283719,26.033371920951
"8-1 Mai",44.456249,26.080646
"8/5",44.420517078305,26.018216034686
"8A",44.415002282063,26.176025562158
"8C3/2",44.428819508804,26.174224981189
"8X",44.428732862098,26.164284757827
"9 Brâncoveanu",44.392684134422,26.117443501343
"9 C5/2",44.416582456464,26.178722309387
"9 Catelu",44.429737048126,26.150138060181
"9 Crivina",44.453035042298,26.053113541276
"9 Farado",44.385945117558,26.089946635982
"9 Laborator ",44.418458983432,26.14118554273
"9 Margeanului",44.411109,26.064209
"9 Pantelimon ",44.441830977511,26.170926536434
"9 Placare-T",44.41344,26.153604
"9 Titulescu",44.452477,26.078511
"9 Vitan",44.41682203405,26.128856573161
"9-1 Mai",44.458875,26.075837
"9/4",44.42592757058,26.023833634794
"9C4/2",44.416678975647,26.157069172601
"A Gara",44.445302,26.077775
"A Grant",44.456843,26.061751
"A2 Basarabia ",44.4329235,26.1509421
"A4 Basarabia ",44.43308,26.1548599
"ALMO",44.449764,26.125831
"ALPAB BIROURI Ghencea",44.408655,26.026053
"ARTIM SOCOM",44.46387,26.04128
"ASAS",44.472439,26.070128
"AUTOCENTER ",44.441444,26.116503
"Agronom Seminţe",44.468692,26.062234
"Aleea Circului",44.4532304,26.1103072
"Almașul Mare",44.383011080574,26.095455589788
"Anchor Group",44.428041,26.035828
"Ansamblul QUADRA PLACE I ",44.439567,26.039708
"Ansamblul QUADRA PLACE II",44.439015,26.043583
"Ansamblul TEN BLOCKS",44.432575,25.999565
"Asociatia Diaconia",44.414968,26.123107
"Asociatia Medicala TITAN",44.42075,26.165306
"Atelier Vicarb",44.449766,26.082168
"Av. Sanatescu",44.46557,26.070469
"Aviatorilor & Office Building S.R.L",44.454089,26.087229
"B 3 Cauzasi",44.4253034,26.1062371
"B Dinicu Golescu",44.444327,26.075622
"B Giulești",44.4619876,26.0433243
"B.N.",44.406528,26.162944
"BAZINE",44.435666,26.146428
"BCR Unirea",44.42675,26.112583
"BL U114 (UM 02544/B1)",44.431641,26.111937
"Barbu Vacarescu",44.4551644,26.1059908
"Beller Bitolia",44.461315,26.095018
"Biblioteca Nationala ",44.427333,26.110639
"Biblioteca Odobescu ",44.443965,26.127654
"Biserica Marcuta ",44.444579,26.1728
"Bl.100",44.4434114,26.1486787
"Bloc 50",44.43739,26.0147
"C.A.",44.407716,26.127998
"C.C.",44.402745,26.147326
"C.F.",44.407139,26.162917
"C.I.T.A.M.",44.431591,25.990891
"C1 Vatra Luminoasa ",44.438674977805,26.14380775646
"C16 Mihai Bravu ",44.4421889,26.1328203
"C3 Căuzaşi ",44.4276679,26.1060651
"C4",44.43248485554,26.162094813778
"CAMIN 303",44.44030380249,26.06918
"CASA ACADEMIEI",44.422466,26.087029
"CEFIN",44.446972,26.131306
"CET LABORATOR",44.438385,26.046109
"CONDOR",44.438532,26.176155
"CSA Steaua - Sala Sport ""Mihai Viteazu"" UM 01026 (2301)                        ",44.42951,26.055028
"CT Floreasca",44.4628711,26.1002561
"CT Stoian Militaru",44.3950411,26.0998712
"Campus Studenți Noul Local UPB",44.438233,26.051395
"Casata",44.445504,26.098069
"Chiristigii",44.447326509041,26.127924439428
"Clinica Sfanta Lucia ",44.40575,26.137278
"Club Steaua",44.440007,26.074465
"Colegiul Tehnic Mihai Bravu",44.419472,26.135111
"Colegiul Tehnic Petru Maior",44.428785,26.050588
"Complex Comercial",44.39183,26.11729
"Complex Comercial ",44.39693,26.11472
"Complex Studentesc LEU - Cămine + Fac.Electrotehnică",44.432552,26.056545
"Cosmonautilor",44.444995,26.099916
"Cosmos Extindere ",44.441399551104,26.182280633416
"Cosmos Vechi ",44.4415445,26.1821383
"Creşa Popişteanu",44.472211,26.056609
"Ct 18 A",44.4376471,26.0967603
"Ct Aleea Trandafirilor",44.4665406,26.0796532
"Ct Amzei",44.4433436,26.0953565
"Ct B1 Dimitrov  ",44.4476523,26.1409217
"Ct Baciului ",44.3852913,26.0847566
"Ct Baneasa 1",44.4921402,26.0809988
"Ct Baneasa 2",44.4917551,26.0828596
"Ct Baneasa agronomi",44.4947215,26.0770449
"Ct Caporal Balan",44.4223084,26.1089162
"Ct Desisului",44.444515228271,26.032051086426
"Ct Directie",44.4328351,26.1062559
"Ct Doctor Sion",44.439425,26.0917943
"Ct Dorobanti",44.4561418,26.097922
"Ct Dunarea",44.4369993,26.1006883
"Ct Eroilor 1",44.4308904,26.0685955
"Ct Eroilor 2",44.4317365,26.0675335
"Ct Ferentari 72",44.404549,26.0769497
"Ct Ferentari Depou",44.3881308,26.0841628
"Ct Gemeni 1",44.4298825,26.0950782
"Ct Gemeni 2",44.4299056,26.0950473
"Ct Luterana",44.4388049,26.0932006
"Ct Magheru 7-9",44.4426637,26.0980817
"Ct Marasesti 3",44.4168825,26.1035795
"Ct Marasesti 6",44.4236355,26.1050042
"Ct Mozart",44.4613062,26.1062478
"Ct Paunasul Codrilor",44.4016134,26.0871995
"Ct Pavel Constantin ",44.3900175,26.0830356
"Ct Protopopescu",44.4635696,26.0973931
"Ct Republicii",44.4361953,26.1055177
"Ct Rosetti",44.3954255,26.0688622
"Ct Salaj",44.395478,26.068746
"Ct Scala",44.4404041,26.1006095
"Ct Scoala Ferentari ",44.3924765,26.0802475
"Ct Stirbei Voda ",44.439713,26.079397
"Ct Turn Palat",44.4373913,26.0952268
"Ct Turturele",44.4276675,26.1257568
"Ct Victoriei",44.4426509,26.0926711
"Ct Viilor",44.4079566,26.0933466
"Ct Vistea",44.3922828,26.0778187
"Ct. A1 Dimitrov",44.4488864,26.1387796
"Curcani",44.380569,26.107296
"Cămin RADET - ApaNova",44.44316,26.014
"D 16",44.429904793384,26.160802166973
"D Chibrit",44.472168,26.050519
"D.C.",44.415619,26.115967
"D11 Mihai Bravu ",44.4393926,26.1357183
"D18 Mihai Bravu ",44.438360802765,26.134342495818
"D3 Gara",44.446825,26.076773
"D5 Mihai Bravu ",44.4367743,26.1373873
"DACIA SERVICE SA",44.431919,26.000323
"DTM",44.463692,26.071292
"Dacia Ocazie (Automecanica)",44.429805,26.012588
"Dealul Cernei",44.381642433902,26.105116901351
"Depou Metrou Ciurel",44.440743,26.03786
"Depoul STB Bujoreni",44.426732,26.011662
"Depozit Medicamente",44.46588,26.072363
"Directia Generala a Finantelor Publice",44.432733,26.170043
"Direcția de impozite și taxe locale Sector 6",44.425635,26.050609
"Doina",44.408684,26.081339
"Dristor Insulă ",44.422659710699,26.137736210591
"Dumitru Petrescu",44.3816507,26.130737
"E1",44.427417,26.1124128
"E2 Vatra Luminoasa ",44.4377975,26.1407758
"E6",44.4272873,26.1186991
"F6",44.427067,26.1205503
"Facultatea Electrotehnica",44.436187,26.047777
"Facultatea de Hidroenergetică",44.438171,26.048603
"Facultatea de Mecanică",44.4409,26.049607
"Facultatea de Metalurgie",44.439355,26.052568
"Filiala ICEMENERG",44.405056,26.148556
"Floreasca",44.460711,26.100444
"Fundatia Romania Spiru Haret",44.406639,26.147444
"Fundatia Victor Babes",44.427775,26.140155
"G3 ",44.4262842,26.126932
"G3 Giulești",44.46146,26.041248
"Galvani Tei ",44.459736244268,26.11061765533
"Gara de Nord",44.447609,26.073923
"Garajul Parlamentului",44.4181169,26.1004637
"Garnizoana",44.445508,26.072436
"Garoafei",44.403021,26.061654
"Gioconda",44.428604,26.096243
"Giurgiu Farado",44.385540131115,26.091000978619
"Gradinita 195 - ""Prichindel""",44.432914,26.012347
"Grup Gospodăresc (Gradinița)",44.438281,26.043186
"Grădiniţa Nr.268 Scoala Nr.128",44.423287,26.081435
"Grădinița nr. 197, Școala nr. 117, Grădinița nr. 46",44.437649,26.036955
"Grădinița nr. 250",44.43813,26.02987
"Grădinița nr. 41, Școala Gimanziala nr. 59",44.41744,26.043084
"H.B-E.",44.402975,26.147546
"H1 Victor Manu ",44.4368622,26.1421398
"Hala TCM",44.4409,26.049607
"Hala TTI",44.437358,26.047439
"Hotel CONTINENTAL ",44.429852,26.08192
"Hotel Dunarea",44.447669,26.076376
"Hrisovului",44.480678459507,26.046482325849
"Huedin",44.383094497956,26.102480601346
"I Grivita",44.463128,26.056843
"I.P.R.E.C.",44.479046,26.065843
"I3",44.4255587,26.1305385
"IAGSC",44.408984,26.146269
"ICB",44.462771,26.121958
"ICECHIM",44.44115447998,26.069063
"IN CITY",44.420154,26.133433
"INCERC",44.440664,26.160846
"INTERMACEDONIA",44.441924,26.133466
"IOR",44.430177,26.156194
"IPREC",44.479046,26.065843
"ISCH",44.446949005127,26.050588
"ITALO-CONVEST",44.427027,25.980809
"ITIB 1,2",44.474805,26.066449
"Iacob Negruzzi",44.450728,26.07551
"Ilarie Chendi ",44.440041276184,26.133233349226
"Imobil Nicolau",44.460493,26.135336
"Infoservice",44.438646,26.175272
"Inst. Geologic al Romaniei - I.G.R. Muzeul Geologic National",44.454905,26.085405
"Inst. Prospectiuni Geologic al Romaniei (Preluat de ANAF)",44.467169,26.047781
"Institut Igienă",44.436234,26.069331
"Institutul Boli Infectioase Matei Bals",44.454604,26.114279
"Institutul de Chimie Fizică Ilie Murgulescu (ICECHIM)",44.44115447998,26.069063
"Intrarea Drumul Taberei",44.424038,26.061132
"Ion Maiorescu ",44.446521547689,26.12550488294
"Izvorul Cosbuc",44.422754,26.0911198
"J Giulești",44.4581415,26.0416601
"J Grivita",44.461227,26.058763
"J2 Unirii ",44.4250933,26.1267818
"Judetului",44.4586959,26.1139841
"K Grivita",44.451418,26.06842
"L.P.",44.416983,26.177146
"LONG BRIDGE SUNLIGHTS",44.439376,26.044197
"Laborator Constructii Buc SA",44.408723,26.146679
"Lic. Nichita Stanescu",44.433806,26.171111
"Liceul 11 CFR",44.453352,26.058751
"Liceul Dimitrie Leonida",44.433816,26.155001
"Liceul Iulia Hasdeu ",44.443865,26.127771
"Liceul Mircea Eliade",44.443393,26.04977
"Liceul Tehnologic ""Petru Poni""",44.432626,25.989996
"Liceul Teoretic ""Tudor Vladimirescu""",44.43374,26.04255
"Livada Noua",44.391970416785,26.096548571872
"Loc ICPB",44.432153384246,25.989281709262
"Locuinţe Steaua",44.466989,26.057461
"Luica",44.379829215217,26.100213069996
"Luncsoara ",44.450912311984,26.120118966523
"M1",44.425114595678,26.14208088292
"M107 ",44.4249848,26.1200934
"M14",44.430239950699,26.164821616478
"MAN",44.423341128595,26.049942323151
"MApN",44.429295,26.082604
"MFA",44.427234649658,26.0560035
"MFA Panduri",44.427446,26.067354
"MILITARI -  6 Placare",44.432277319311,26.045785086266
"MILITARI - 1 Placare",44.43312,26.00987
"MILITARI - 2 Placare",44.433288752736,26.015007712397
"MILITARI - 3 Placare",44.433169783021,26.021009052018
"MILITARI - 3A Placare",44.433265546856,26.021196806637
"MILITARI - 4 Placare",44.432847663079,26.027489847615
"MILITARI - 5 Placare",44.43271428651,26.032447066554
"MILITARI - 5A Placare",44.43271,26.03239
"MILITARI - 7 Placare",44.431643490056,26.028715673841
"MILITARI - 8 Placare",44.43172205503,26.024172872103
"MILITARI - 9 Placare",44.43117824529,26.014246680552
"MINISTERUL CHIMIEI",44.440914154053,26.06721
"MINISTERUL ECONOMIEI (CPPIB)",44.428642,26.049566
"MODUL TERMIC 4 Prefabricate Scara B",44.467554,26.053666
"MODUL TERMIC 4 Prefabricate Scara E",44.467554,26.053666
"MODUL TERMIC 5 Prefabricate ",44.466495,26.054163
"MODUL TERMIC 6 Prefabricate Scara B",44.465934,26.05491
"MODUL TERMIC 6 Prefabricate Scara E",44.465421,26.055304
"MODUL TERMIC 7 Prefabricate  ",44.464848,26.055421
"MODUL TERMIC A1",44.479201,26.051083
"MODUL TERMIC A12",44.479724,26.050934
"MODUL TERMIC A13",44.479559,26.051656
"MODUL TERMIC A2",44.478953,26.050724
"MODUL TERMIC A3",44.4788,26.050096
"MODUL TERMIC A5",44.481968,26.050382
"MODUL TERMIC B13",44.480287,26.052983
"MODUL TERMIC B3",44.481556,26.051114
"MODUL TERMIC B9",44.480313,26.052044
"MODUL TERMIC C13",44.481083,26.054535
"MODUL TERMIC C3",44.481706,26.051687
"MODUL TERMIC C9",44.481231,26.053522
"MODUL TERMIC D3",44.481652,26.052261
"MODUL TERMIC D9",44.481863,26.055313
"MODUL TERMIC E13",44.482404,26.057968
"MODUL TERMIC E3",44.482351,26.052806
"MODUL TERMIC E9",44.482508,26.056884
"MODUL TERMIC F13 sc.A+B",44.483179,26.057853
"MODUL TERMIC F13 sc.C+D",44.483393,26.058234
"MODUL TERMIC F3",44.482443,26.053348
"MODUL TERMIC F4",44.483205,26.0506
"MODUL TERMIC G3",44.482585,26.053947
"MODUL TERMIC G5",44.482575,26.051637
"MODUL TERMIC H3",44.483176,26.054498
"MODUL TERMIC H4",44.480488,26.050703
"MODUL TERMIC I3",44.483268,26.055072
"MODUL TERMIC J3",44.483305,26.055639
"MODUL TERMIC K3",44.484033,26.056185
"MODUL TERMIC L3",44.484088,26.056734
"MODUL TERMIC M3",44.484118,26.057319
"MODUL TERMIC P11",44.483532,26.052839
"MODUL TERMIC Vila 10",44.481323,26.050592
"MODUL TERMIC Vila 11",44.482092,26.050839
"MODUL TERMIC Vila 12A",44.482104,26.051267
"MODUL TERMIC Vila 12B",44.482273,26.051637
"MODUL TERMIC Vila 13",44.482211,26.051954
"MODUL TERMIC Vila 17",44.481621,26.054493
"MODUL TERMIC Vila 18-19",44.482511,26.054779
"MODUL TERMIC Vila 2",44.479996,26.051531
"MODUL TERMIC Vila 22",44.482016,26.057045
"MODUL TERMIC Vila 23",44.483191,26.056296
"MODUL TERMIC Vila 24",44.483272,26.05686
"MODUL TERMIC Vila 25",44.482668,26.057274
"MODUL TERMIC Vila 26A",44.483229,26.057319
"MODUL TERMIC Vila 26B",44.48372,26.057633
"MODUL TERMIC Vila 27",44.482892,26.058421
"MODUL TERMIC Vila 28",44.483869,26.057957
"MODUL TERMIC Vila 29",44.483618,26.057204
"MODUL TERMIC Vila 3",44.480034,26.051088
"MODUL TERMIC Vila 30",44.482881,26.056959
"MODUL TERMIC Vila 4",44.480327,26.0512
"MODUL TERMIC Vila 45",44.450728,26.07551
"MODUL TERMIC Vila 5",44.480845,26.051813
"MODUL TERMIC Vila 6",44.480753,26.052959
"MODUL TERMIC Vila 7 Bis",44.465004,26.055769
"MODUL TERMIC Vila 7B",44.480597,26.052261
"MODUL TERMIC Vila 8",44.480969,26.051469
"MODUL TERMIC Vila 9",44.480983,26.052355
"MODUL TERMIC Witting",44.442853,26.071616
"MODUL Vila 7A",44.481123,26.052725
"MY",44.435973989097,26.170867995729
"Marinescu",44.434689,26.066986
"Mecanica Fina ",44.446273,26.133503
"Metalurgica",44.440961,26.13911
"Metalurgiei ",44.386737457202,26.114452759835
"Miciurin",44.46349,26.073685
"Mihai Bravu Vest ",44.4296585,26.1379183
"Ministerul de Chimie (Inst.Politehnic Polizu)",44.448616,26.07883
"Ministerul de Finante",44.419647,26.112575
"Modul Bl. 23 ",44.453015,26.115555
"Modul Bl. 6 Stefan cel Mare ",44.4532306,26.1010691
"Modul Bl.20",44.4549888,26.1432111
"Modul Paulescu",44.430558,26.064253
"Modul Termic - Colegiul National Octav Onicescu",44.3862695,26.1157798
"Modul Termic - Cresa Unicornul Fermecat",44.3820278,26.1013311
"Modul Termic - Grădinița Nr.225",44.3865416,26.1070864
"Modul Termic - Grădinița nr.207 - Floare Albastra",44.3814854,26.1053206
"Modul Termic - Grădinița nr.228",44.385615,26.09404
"Modul Termic - Grădinița nr.243",44.38183,26.09484
"Modul Termic - Grădinița nr.4",44.3827552,26.1051016
"Modul Termic - Grădinița nr.62",44.3832572,26.0946219
"Modul Termic - Liceul Vulcănescu",44.3847419,26.1068081
"Modul Termic - Scoala 110",44.38755,26.10175
"Modul Termic - Spitalul Alexandru Obregia ( Creșa 25 ) / Stationar de zi  ",44.3868396,26.1019417
"Modul Termic - Trident",44.38275,26.12918
"Modul Termic - Școala Gimnaziala Ionel Teodoreanu",44.38052,26.10175
"Modul Termic - Școala nr.119",44.383198,26.094632
"Modul Termic - Școala nr.129",44.3850163,26.1046421
"Modul Termic - Școala nr.133",44.3883,26.12887
"Modul Termic - Școala nr.165",44.3796615,26.0972968
"Modul Termic - Școala nr.99",44.3819968,26.1053684
"Modul Termic D13",44.481894,26.056263
"Modul Toporaşi ",44.391247,26.08617
"Moldovita",44.38171113331,26.129779720979
"Muzeul Militar ",44.441557,26.076406
"N Chibrit",44.471235,26.049255
"NEFAMILISTI",44.42721177917,26.023468217542
"Nabucului",44.42164,26.061828
"Nada Florilor ",44.461432789918,26.129386038847
"Nicolae Racotă  ",44.463146908263,26.075447858526
"Norilor",44.415164746249,26.107789867011
"O Chibrit",44.471725,26.049132
"O.P.",44.403447,26.14715
"ORANGE  (TELEKOM)",44.421919,26.037826
"Observator Astronomic",44.40622,26.1103
"Opanez ",44.461534099323,26.115513157822
"P 5 A",44.425361,26.10306
"P. M.",44.402909,26.146836
"P.D.",44.403173,26.147206
"P.D.",44.431139,26.172722
"P.Dr.",44.425109,26.176806
"P10 Foisor ",44.444023,26.127223
"P16 Mihai Bravu ",44.444994219219,26.128648841835
"P7 Foisor",44.444173277368,26.12806364211
"P7A Foisor ",44.44411,26.12809
"P8 Foisor",44.44595,26.126542
"PT ALCAZ",44.42945406203,26.004468982079
"PT IPROCHIM",44.44307,26.069872
"PT Loc. ICAB",44.4343974,26.0410397
"PT Scoala Ilioara",44.410453020198,26.158395060836
"Palatul CFR",44.444102,26.077138
"Palazul Mare",44.466562,26.060203
"Parohia Bisericii Balta Alba",44.434333,26.159944
"Perla",44.453627,26.099794
"Pieptanari",44.4044139,26.095686
"Plugarilor",44.412190063559,26.115848218678
"Poliția TF",44.448746,26.062853
"Popişteanu",44.46991257674,26.058443618095
"Posta",44.383052351322,26.114064589621
"Prasilei",44.391916643434,26.105839910673
"Primaria Sectorului 1",44.453872,26.073971
"Primăria Sectorului 6",44.446201,26.065794
"Propriu 1",44.3885859,26.1340851
"Propriu 2",44.3880869,26.1348708
"Prunaru",44.457741539554,26.054722226752
"R Grivita",44.452892,26.066208
"RATB-ETA - Autobaza Militari",44.433033,26.003878
"RATB-URAC",44.453661,26.117374
"REGIE 2",44.445941925049,26.060035
"REGIE 3",44.444904,26.058345
"REGIE 4 ",44.445792,26.05989
"ROMEXPO S.A. - ITIB 1",44.474805,26.066449
"Radu Beller",44.462775003786,26.099819753058
"Ramuri Tei ",44.4635268,26.1157015
"Razoare",44.428005,26.059298
"S.C. AMA (ELMEF PROD)",44.433996,26.049469
"S.C. BRAVO GROUP",44.426119,25.999315
"S.C. Dageco Invest S.R.L.",44.474485,26.058074
"S.C. Gersim Dinamic Real Estate S.R.L. ",44.45424,26.059706
"S.C. Informatica Feroviara S.A.",44.443752,26.078679
"S.C. PROSILG SRL",44.426657,25.978547
"S.C.CETA S.A.(VALROM)",44.426657,25.978547
"S.G.A. Ilfov-Bucureşti, Administratia Nationala Apele Romane)",44.446459,26.049077
"S.M.",44.403087,26.147665
"S1-S3",44.426368,26.140425
"S14",44.429671,26.1335993
"S6",44.4288294,26.1341874
"SC 1/2 - MODULE TERMICE",44.426918,26.046985
"SC 1/3 - MODULE TERMICE",44.426407215699,26.027352755069
"SC 11",44.4389186,26.0183566
"SC 14",44.4408224,26.0138075
"SC 2/3 - MODULE TERMICE",44.424825710129,26.027459069307
"SC 3/3 -MODULE TERMICE",44.425688835247,26.031213842144
"SC 4/3 -MODULE TERMICE",44.42381426852,26.031043593722
"SC 4/5",44.4360567,26.0229967
"SC 5/2 - MODULE TERMICE",44.424091,26.035404
"SC 6/2 - MODULE TERMICE",44.42692565918,26.036109
"SC 6/7",44.435827,26.0192828
"SC 7/2 - MODULE TERMICE",44.427324,26.041287
"SC 8/9",44.4353905,26.0160857
"SC APA NOVA- sediu COGRM",44.407111,26.135694
"SC AUTOCENTER SA",44.432907,26.000205
"SC ICPE SA",44.404884,26.139532
"SC IOR SA",44.410972,26.181806
"SC STARCONFEX ",44.407479,26.14803
"SC Unirea Shoping Center ",44.427833,26.104944
"SC.1Baba Novac",44.424383,26.147097
"SC.1Cornisa - Module Termice",44.431425,26.171295
"SC.1Dudesti",44.42064683059,26.146671467669
"SC.2Catelu-module",44.427158,26.150445
"SC.2Viisoara - Module Termice",44.42819,26.16594
"SC.3C3/1 - Module Termice",44.434949,26.163942
"SC.3Dudesti",44.420650655167,26.140884591716
"SC.4C3/2 - Module Termice",44.426114963011,26.169474887703
"SC.4Catelu",44.42891036297,26.148695015439
"SC.6C3/2 - Module Termice",44.425507801638,26.175493379008
"SC.G2 - Module Termice",44.433178642701,26.167490509867
"SC.G3 - Module Termice",44.431161346397,26.166555258132
"SERE ADP sect. 5",44.40818,26.025608
"SERE ADP sect. 6 ",44.421806,25.991825
"SERE ALPAB Ghencea",44.408655,26.026053
"SIAC-TIMB",44.462546,26.113097
"SOFTCHIM",44.442283630371,26.06697
"STUDENTI 1",44.445331,26.055902
"STUDENTI 2",44.445212,26.053908
"Sabaoani",44.3808968,26.1278384
"Sala Polivalenta",44.405366,26.110325
"Sala de Sport UTCB ",44.464046,26.121958
"Sandu Aldea",44.468388246699,26.061741277399
"Scoala Arte si Meserii",44.443659,26.172722
"Scoala Generala Nr.308 - Sala Sport",44.3857631,26.0965993
"Scoala Gimnaziala Nr.189",44.38152,26.11986
"Scoala I Teodoreanu nr.36 - Sala Sport",44.38052,26.10175
"Scoala Poligrafica",44.485171,26.059991
"Sectia 8 Politie ",44.438772,26.136102
"Secția de Poliție nr. 21",44.43664,26.02168
"Sere GRӐDINA BOTANICӐ",44.436683,26.065105
"Sere POLITEHNICA",44.440132,26.038781
"Sincai",44.414173206729,26.10609475495
"Soldat Croitoru",44.405528758357,26.067639004519
"Sora",44.44814,26.076057
"Sp. Fundeni ",44.465364,26.156158
"Spinis",44.3848738,26.0955769
"Spital Municipal",44.436346,26.071948
"Spital Victor Babes",44.426384,26.140414
"Spitalul Constantin Gorgos",44.42075,26.165306
"Spitalul Elias",44.465167,26.074533
"Spitalul Malaxa ",44.438545,26.178922
"Spitalul Militar Central",44.442386,26.073176
"Spitalul Sfantu Pantelimon ",44.441257,26.17304
"Spitalul Victor Gomoiu - Nou",44.433494,26.141762
"Stadion Giulești",44.45679,26.05584
"T.S.",44.415619,26.115967
"Teiuş",44.402295,26.057297
"Tiger Amira SRL (MADERA GRUP)",44.426682,25.999648
"Tribunal",44.428549,26.098555
"Tribunalul Bucuresti",44.427333,26.110639
"Tudor Gociu",44.373998980552,26.094622082873
"Tudor Vladimirescu",44.422236390803,26.07291749147
"U1",44.4238669,26.1383645
"U1 Avrig ",44.4461498,26.130527
"U2 Avrig ",44.4460697,26.1312127
"UM 02296",44.433835,26.050671
"UM 0230 (SAD) ",44.429629,26.026342
"UM 02574 (02456) (MApN)",44.422569,26.053464
"UM 02630",44.431677,26.054687
"UM 0276 (0333) ",44.433415,26.023301
"UM 0411-BCRMTEA",44.429837,26.043407
"UM 0575 (0456- fosta) (JAND.)",44.429629,26.026342
"UM 0780 (0350)-RAMI ",44.430341,26.047251
"UM1026(Regimentul de Gardă)",44.430458,26.056726
"UNIFARM",44.46588,26.072363
"UNITRANS SA",44.430456,25.983943
"Uioara",44.378447,26.105435
"Unitatea Militara 02122 Bucuresti",44.445202,26.072578
"Univ. Stiinte Agronom. si Med. Veterinara Buc.- Facultatea de Biotehnologii (CIOS)",44.433442,26.080721
"Universitatea Tehnica OGA",44.4665,26.141194
"Urziceni",44.38011590466,26.096506070751
"V.E.A.",44.416839,26.176948
"V.M.",44.405862,26.13574
"V.S.Sud",44.4263824,26.0952135
"VSNord ",44.427534,26.096176
"Veronica Micle ",44.450703301752,26.079921424412
"Vicina ",44.406575891751,26.072021090262
"Vila 71A",44.4374596,26.1421115
"Youth Residence ",44.406861,26.14675
"Z.A.",44.406389,26.163056
"ZAGANESCU",44.446277618408,26.0543613
"Ziduri Mosi ",44.452143,26.127896
"bloc 1, bloc 2 (cod PT: 50039)",44.420016,26.06743
"Școala Gimnazială ,,Nicolae Titulescu”",44.45277,26.07649
"Școala Gimnazială Nr. 163",44.46198,26.04565
"Școala Gimnazială Regina Maria nr. 198",44.43696,26.01422
