snapshot_ts,sector,pt_name,blocks,service,cause,estimated_restore,zone_raw
2026-10-01T02:01:25,1,2 Aviatiei,32,Oprire ACC,Modernizare retea secundara circuit apa calda de consum-lucrare efectuata de Energomontaj,2026-10-02T15:30,"• Str Cpt. Alexandru Şerbănescu - bl. G6, 6A, 7E, 7F, 7, 7I, 7K,7M • Str Avionului - bl. 5C, 5E, 5E PRIM, 6B, 6C, 6D • Str Aviaţiei - bl. 4C, 5D, 5G, 4D, 5F,7D, 5A • Şos Pipera - bl. 4A, 4B, 5B • Str Aripilor - bl. 6E,6F • Str Borşa - bl. 5F, 4F, 4G, 4E, 7G, ARMONIA, 7B, 7A, 7H"
2026-10-01T02:01:25,1,Ct Luterana,5,Oprire ACC,Sistare furnizare gaze naturale /Centrala Termica Luterana.,2026-10-01T20:00,"• Str Ion Câmpineanu - Bl. 3, 6, 4, 5, 6A"
2026-10-01T02:01:25,2,21 Pantelimon,17,Oprire ACC,Remediere avarie retea primara.,2026-10-02T23:30,"• Str Măgura Vulturului - bl.413; • Str Elev Ştefan Ştefănescu - bl.419, 420, 423, 422A, 420B, 422, 420C, imob.Nr.67-69 • Şos Pantelimon - bl.409B, 409A, 409, 420A, 411, 410, 412, 421"
2026-10-01T02:01:25,2,18 Pantelimon,10,Oprire ACC,Remediere avarie retea primara.,2026-10-02T23:30,"• Str Fântânica - bl.204, 203, imob.Nr.14A • Şos Pantelimon - bl.206, 205sc.A,B, 400B, 400A, 400C • Ale Cislău - bl.10, 9A"
2026-10-01T02:01:25,2,22 Pantelimon,21,Oprire ACC,Remediere avarie retea primara.,2026-10-02T23:30,"• Str Măgura Vulturului - bl.430, 434, 446, 435 • Str Elev Ştefan Ştefănescu - bl.444, 449, 450, 451, 445, 452, 443, imob.Nr.41 • Str Avrig - bl.440,441,442 • Str Ritmului - bl.431, 433, 432, 439, 438, 439A"
2026-10-01T02:01:25,2,20 Pantelimon,8,Oprire ACC,Remediere avarie retea primara.,2026-10-02T23:30,"• Str Amiral Ioan Murgescu - bl.401 • Şos Pantelimon - bl.404-405, 400, 402A, 403A, 402, 403 • Str Baicului - bl.401A"
2026-10-01T02:01:25,2,19 Pantelimon,18,Oprire ACC,Remediere avarie retea primara.,2026-10-02T23:30,"• Str Slt. Gheorghe Stănescu - bl.219, 213, 212 • Str Slt. Dima Cristescu - bl.216, 215, 218, 217, 222, 221, 220, 214 • Şos Iancului - bl.104, 105A • Şos Pantelimon - bl.211, 209A, 210, 209, 210A"
2026-10-01T02:01:25,2,23 Baicului,23,Oprire ACC,Remediere avarie retea primara.,2026-10-02T23:30,"• Str Tâmpa - bl.1B, 1C, 3C,11 • Str Fântânica - bl.7B, 8 • Str Baicului - bl. 2, 4, 5B, 1A, 5A; 3A • Str Costache Conachi - bl.6C, 5E, 6B, 5C, 6A, 5D, 7A • Ale Cislău - bl.3B, 3D, 3E, 9B, 9C"
2026-10-01T02:01:25,2,A2 Basarabia,13,Oprire ACC,Remediere avarie retea primara,2026-10-02T23:00,"• Bld Basarabia - bl.A1, A2, A3, B1, B2, C1, C2, D1, D2, D3, D4, E1, F1"
2026-10-01T02:01:25,2,A4 Basarabia,8,Oprire ACC,Remediere avarie retea primara,2026-10-02T23:00,"• Str Murgeni - bl. O1 • Bld Basarabia - bl. A4, B3, D5, E2, F2, L10, L10A"
2026-10-01T02:01:25,2,24 Delfinului,23,Oprire ACC,Remediere avarie circuit primar,2026-10-02T23:00,"• Str Delfinului - bl.D30, D21, D16, D20, D18, D19, D11, D17 • Ale Dobrina - bl. D10, D12 • Str Ciocârliei - bl.D25, D27, D26, D28, D13, D29, D15, D8, D14, D9, D24 • Şos Fundeni - bl.D22, D23"
2026-10-01T02:01:25,2,17 Pantelimon,5,Oprire ACC,Remediere avarie circuit primar,2026-10-02T23:00,"• Ale Hobiţa - bl.300, 301 • Str Fântânica - • Şos Pantelimon - bl.66, 70, 200-201-202"
2026-10-01T02:01:25,2,4' Pantelimon,1,Oprire ACC,Remediere avarie circuit primar,2026-10-02T23:00,• Şos Pantelimon - bl.69T
2026-10-01T02:01:25,3,14 Foișor,11,Oprire ACC,Remediere avarie retea primara,2026-10-01T23:00,"• Cal Vitan - bl. V50B, V50A, V51 • Str Alexandru Moruzzi Voievod - bl. V54B, V54A, V56, V57, V54, V55, V57B"
2026-10-01T02:01:25,3,3 Labirint,7,Oprire ACC,Depistare si remediere avarie retea primara,2026-10-05T23:00,"• Str Matei Basarab - bl. 119bis, L121, L118A, L116A • Str Labirint - bl. L117, L119, L117bis"
2026-10-01T02:01:25,3,1 Labirint,5,Oprire ACC,Depistare si remediere avarie retea primara,2026-10-05T23:00,"• Str Matei Basarab - bl. L111A, L109, L108, L109bis, L110"
2026-10-01T02:01:25,3,4 Labirint,5,Oprire ACC,Depistare si remediere avarie retea primara,2026-10-05T23:00,"• Str Matei Basarab - bl. L112, L112A, L113A, L113 • Str Traian - bl. L112B"
2026-10-01T02:01:25,3,1Muncii,28,Oprire ACC,Remediere avarie retea primara.,2026-10-02T23:00,"• Str Sold. Niculae T. Sebe - bl. L11, L12, L32, L35, L36, L37, L40, L40A • Str Sold. Petre M. Tină - bl. L9B, L13, L30, L31, L33, L34, L38, L39, L41 • Str Murgeni - bl. L9A, L27, L28, L29 • Bld Basarabia - bl. L7, L8, L9, L13A, L13B, L13C, L13D"
2026-10-01T02:01:25,3,IOR,26,Oprire ACC,Remediere avarie retea primara.,2026-10-02T23:00,"• Str Sold. Niculae T. Sebe - bl.S20, S21, S22, S23, S24, V11 • Str Gheorghe Tăttărescu - bl.P1, P2, S13 • Str Murgeni - bl.L23, L25, L26, • Str Bucovina - bl.G1, G2, G3, O1, O2 • Str Copăceni - bl. L20, L21, L22, L24, W3 • Str Constantin Brâncuşi - bl.D12, D13, D14, S14"
2026-10-01T02:01:25,3,3X,3,Oprire ACC,Remediere avarie circuit primar - Bd.N.Grigorescu,2026-10-01T23:30,"• Str Sold. Niculae T. Sebe - bl.W2, L42 • Bld Nicolae Grigorescu - bl.W1"
2026-10-01T02:01:25,4,Palatul National al Copiilor,1,Oprire ACC,Lucrări de înlocuire conductă pe circuitul primar DN .700- (str./Bd.) Splaiul Unirii,2026-10-02T23:00,• Bld Tineretului -
2026-10-01T02:01:25,4,Modul Termic,1,Oprire ACC,Lucrări de înlocuire conductă pe circuitul primar DN .700- (str./Bd.) Splaiul Unirii,2026-10-02T23:00,• Cal Văcăreşti - Scoala 100
2026-10-01T02:01:25,4,4 Lanariei,10,Oprire ACC,Lucrări de înlocuire conductă pe circuitul primar DN .700- (str./Bd.) Splaiul Unirii,2026-10-02T23:00,"• Str Avalanşei - bl. 1, 2, 3 • Bld Gheorghe Şincai - bl. 2, 3, 3TR1, 4, 5, 5A • Str Cuza Vodă - bl. 1A"
2026-10-01T02:01:25,4,2 Tineretului,26,Oprire ACC,Lucrări de înlocuire conductă pe circuitul primar DN .700- (str./Bd.) Splaiul Unirii,2026-10-02T23:00,"• Bld Tineretului - bl. 18, 19, 37, 38, 39 • Str Albinelor - bl. 32 • Str Piscului - bl. 40, 41, 42, 47 • Str V. V. Stanciu - bl. 31 • Str Trestiana - bl. 17, 20, 23 • Str Vişana - bl. 25, 26, 36, 43, 44, 45 • Str Constantin Rădulescu-Motru - bl. 22-24, 33, 34, 35, 36, 46"
2026-10-01T02:01:25,4,3 Tineretului,18,Oprire ACC,Lucrări de înlocuire conductă pe circuitul primar DN .700- (str./Bd.) Splaiul Unirii,2026-10-02T23:00,"• Bld Tineretului - bl. 52 • Bld Pionierilor - bl. 51 • Str Piscului - bl. 49, 50, 77, 78, 79, 80, 81 • Str V. V. Stanciu - bl. 69A • Cal Văcăreşti - bl. 69B, 70B, 83, 84 • Str Cărămidarii de Jos - bl. 48, 75, 76"
2026-10-01T02:01:25,4,Plugarilor,12,Oprire ACC,Lucrări de înlocuire conductă pe circuitul primar DN .700- (str./Bd.) Splaiul Unirii,2026-10-02T23:00,"• Bld Abatorului - bl. 95 • Str Plugarilor - bl. 91, 94 • Str V. V. Stanciu - bl. 88, 90 • Cal Văcăreşti - bl. 85A, 85B, 86, 87 • Ale Bran - bl. 89, 92, 93"
2026-10-01T02:01:25,4,1 Vacaresti,15,Oprire ACC,Lucrări de înlocuire conductă pe circuitul primar DN .700- (str./Bd.) Splaiul Unirii,2026-10-02T23:00,"• Str Stamate Costache - 3C, 3E • Str Pridvorului - bl. 1A, 4, 5, 6 • Cal Văcăreşti - bl. 1B, 1C, 1D, 1E, 2A, 2B, 2C, 3A, 3B"
2026-10-01T02:01:25,4,Norilor,4,Oprire ACC,Lucrări de înlocuire conductă pe circuitul primar DN .700- (str./Bd.) Splaiul Unirii,2026-10-02T23:00,"• Str Maria Tănase - bl. 28, 29 • Bld Gheorghe Şincai - bl. 30, 30A"
2026-10-01T02:01:25,4,1 Tineretului,33,Oprire ACC,Lucrări de înlocuire conductă pe circuitul primar DN .700- (str./Bd.) Splaiul Unirii,2026-10-02T23:00,"• Ale Tohani - bl. 30, 31; Gradinita nr.224 • Bld Tineretului - bl. A2, A3, A4, A5, A6, Z2, Z3, Z4, Z5, Z6, Z7, 5A • Str Mocăncuţei - Imob.vila • Str Poenari - bl. 12, 13 • Str Trestiana - bl. 8A, 8B, 9, 10, 11, 14, 15, 16, 32 • Str Tohani - bl. 29, 33 • Str Constantin Rădulescu-Motru - bl. 21, 27A, 28, 34 • Str Cuza Vodă - bl. 27B"
2026-10-01T02:01:25,4,4 Tineretului,23,Oprire ACC,Lucrări de înlocuire conductă pe circuitul primar DN .700- (str./Bd.) Splaiul Unirii,2026-10-02T23:00,"• Bld Tineretului - bl. 53, 54, 57, 58, 64, 65, 66 • Str Baladei - bl. 55, 56, 59, 60, 61, 61A, 73 • Cal Văcăreşti - bl. 62, 63, 67, 68, 71, 72A, 72B • Str Cărămidarii de Jos - bl. 74A, 74B"
2026-10-01T02:01:25,4,2 Vacaresti,21,Oprire ACC,Lucrări de înlocuire conductă pe circuitul primar DN .700- (str./Bd.) Splaiul Unirii,2026-10-02T23:00,"• Str Stamate Costache - bl. 8A, 8C • Str Pridvorului - bl. 11, 12, 13, 14, 18, 19, 20 • Cal Văcăreşti - bl. 8D, 8E, 9A, 9B, 9C, 10A, 10B, 10C, 10D, 15, 16, 17"
2026-10-01T02:01:25,4,2 Lanariei,15,Oprire ACC,Lucrări de înlocuire conductă pe circuitul primar DN .700- (str./Bd.) Splaiul Unirii,2026-10-02T23:00,"• Str Maria Tănase - bl. 13 • Bld Gheorghe Şincai - bl. 11, 12 • Str Viorele - bl. 15, 17, 18, 20A, 20B, 22, 37, Scoala nr. 97 • Cal Văcăreşti - bl. 23, 24 • Ale Borcea - bl. 14, 16"
2026-10-01T02:01:25,4,V.S.Sud,11,Oprire ACC,Lucrari POIM,2026-10-01T16:00,"• Str George Georgescu - Liceul Mihai Eminescu • Pţa Unirii - 5A, 5B, 5C, 6, 7A, 7B, 7C, 8A, 8B, 8C • Bld Regina Maria - 5D"
2026-10-01T02:01:25,4,P 5 A,6,Oprire ACC,Lucrari POIM,2026-10-01T16:00,"• Bld Dimitrie Cantemir - bl. P1, P2, P3 • Str Bibescu Vodă - bl. P4, P5, P5A"
2026-10-01T02:01:25,4,Modul Termic - Grădinița Nr.225,1,Oprire ACC,"Reabilitarea sistemului de termoficare ,lucrari POIM ,Lot 4, Obiective 17,19,21",2026-10-09T23:00,• Str Izvorul Mureşului -
2026-10-01T02:01:25,4,Modul Termic - Grădinița nr.243,1,Oprire ACC,"Reabilitarea sistemului de termoficare ,lucrari POIM ,Lot 4, Obiective 17,19,21",2026-10-09T23:00,• Str Almaşu Mare -
2026-10-01T02:01:25,4,5 Metalurgiei,7,Oprire ACC,"Reabilitarea sistemului de termoficare ,lucrari POIM ,Lot 4, Obiective 17,19,21",2026-10-09T23:00,"• Bld Alexandru Obregia - bl. R7, II/32, II/34, II/33, R8, R9, R15"
2026-10-01T02:01:25,4,12 Giurgiu,2,Oprire ACC,"Reabilitarea sistemului de termoficare ,lucrari POIM ,Lot 4, Obiective 17,19,21",2026-10-09T23:00,"• Şos Giurgiului - bl. 12, 13"
2026-10-01T02:01:25,4,Curcani,32,Oprire ACC,"Reabilitarea sistemului de termoficare ,lucrari POIM ,Lot 4, Obiective 17,19,21",2026-10-09T23:00,"• Str Semenic - bl. 20 • Str Huedin - bl. 1, 2, 3, 6, 7, 11, III/21A • Str Izvorul Oltului - bl. 4, 21, 22, III/25 • Str Lamoteşti - bl. 4, 5, 10, 11A, 11B, 12, 13, 14, 15, 62, III/21B • Bld Constantin Brâncoveanu - bl. 8, 9, 18, 19 • Ale Crevedia - bl. 16, 17 • Str Cetatea Veche - bl. III/4, III/5A, III/5B"
2026-10-01T02:01:25,4,Modul Termic - Spitalul Alexandru Obregia ( Creșa 25 ) / Stationar de zi,1,Oprire ACC,"Reabilitarea sistemului de termoficare ,lucrari POIM ,Lot 4, Obiective 17,19,21",2026-10-09T23:00,• Str Argeşelu - Spitalul Alexandru Obregia ( Creșa 25 ) / Stationar de zi
2026-10-01T02:01:25,4,Moldovita,8,Oprire ACC,"Reabilitarea sistemului de termoficare ,lucrari POIM ,Lot 4, Obiective 17,19,21",2026-10-09T23:00,"• Ale Moldoviţa - bl. 1, 3, 5, 7, 9, 11, 13, 15"
2026-10-01T02:01:25,4,2 Oltenitei,12,Oprire ACC,"Reabilitarea sistemului de termoficare ,lucrari POIM ,Lot 4, Obiective 17,19,21",2026-10-09T23:00,"• Str Mărţişor - Scoala Gimnaziala Martisor • Şos Olteniţei - bl. 1, 2, 3, 7, 8, 9, G1, G2, G3, G4, G5"
2026-10-01T02:01:25,4,Tudor Gociu,17,Oprire ACC,"Reabilitarea sistemului de termoficare ,lucrari POIM ,Lot 4, Obiective 17,19,21",2026-10-09T23:00,"• Str Orăştie - bl. 2A, L4, M2 • Str Anghel Moldoveanu - bl. A1 • Str Perşani - bl. L2 • Str Ilie Oprea - bl. L1, L3 • Str Tudor Gociu - bl. 1, B, C, C1, C2, C3, C4, L2, L4, AGIP"
2026-10-01T02:01:25,4,Metalurgiei,5,Oprire ACC,"Reabilitarea sistemului de termoficare ,lucrari POIM ,Lot 4, Obiective 17,19,21",2026-10-09T23:00,"• Bld Alexandru Obregia - bl. OD1, 2B, 2A, M1, OD2"
2026-10-01T02:01:25,4,Modul Termic - Școala nr.99,1,Oprire ACC,"Reabilitarea sistemului de termoficare ,lucrari POIM ,Lot 4, Obiective 17,19,21",2026-10-09T23:00,• Str Huedin -
2026-10-01T02:01:25,4,Modul Termic - Cresa Unicornul Fermecat,1,Oprire ACC,"Reabilitarea sistemului de termoficare ,lucrari POIM ,Lot 4, Obiective 17,19,21",2026-10-09T23:00,• Str Reşiţa -
2026-10-01T02:01:25,4,4 Nitu Vasile,16,Oprire ACC,"Reabilitarea sistemului de termoficare ,lucrari POIM ,Lot 4, Obiective 17,19,21",2026-10-09T23:00,"• Ale Secuilor - bl. 24, 35, N24, N25 • Str Secuilor - bl. 34, 23 • Str Sg. Niţu Vasile - bl. 36 • Ale Mirea Mioara Luiza - bl. N7, N20, N22, N23, 20V, 33 • Ale Donea Diana Alexandra - bl. 19 • Ale Cricovul Dulce - bl. N21, 19V"
2026-10-01T02:01:25,4,1 Bis Zona I,19,Oprire ACC,"Reabilitarea sistemului de termoficare ,lucrari POIM ,Lot 4, Obiective 17,19,21",2026-10-09T23:00,"• Ale Slt. p.m. Dragoş Mladinovici - bl. I15 • Ale Terasei - bl. R12A, R12B • Bld Alexandru Obregia - bl. I2A, I2B, I2C, I1, I4, M1, M2, M5, M6, M7, M8, R13A, R13B, R14, Scoala nr.194, Gradinita nr.29 • Str Emil Racoviţă - bl. R1, R18,U1"
2026-10-01T02:01:25,4,2 Nitu Vasile,17,Oprire ACC,"Reabilitarea sistemului de termoficare ,lucrari POIM ,Lot 4, Obiective 17,19,21",2026-10-09T23:00,"• Str Sg. Niţu Vasile - bl. 10, 11V, 25, 26 • Str Rezonanţei - bl. 7, 8, 12V, 13V, 14V, N26 • Bld Constantin Brâncoveanu - bl. 27, 28 • Ale Cricovul Sărat - bl. 11, 12, 13, 14, N27"
2026-10-01T02:01:25,4,Urziceni,37,Oprire ACC,"Reabilitarea sistemului de termoficare ,lucrari POIM ,Lot 4, Obiective 17,19,21",2026-10-09T23:00,"• Ale Slătioara - bl. 4, 12, 13, 15, 16, C1, C2, C3, C8, C10, C11 • Str Luica - bl. 1, 2, 3, 4, 5, 6, 7, 106 • Str Răzăchiei - bl. 11 • Str Reşiţa - bl. 8, 9, 10, 42, 42A, 43, 44, 45, 46, 47 • Str Urziceni - bl. 14, 17. 41, C9 • Ale Călineşti - bl. C4, C5, C6, C7, C12"
2026-10-01T02:01:25,4,2 Serban Voda,5,Oprire ACC,"Reabilitarea sistemului de termoficare ,lucrari POIM ,Lot 4, Obiective 17,19,21",2026-10-09T23:00,"• Str Mitropolitul Dosoftei - Imobil nr.6 • Cal Şerban Vodă - bl. 13, 14, 15, Imobil nr.168"
2026-10-01T02:01:25,4,4 Vifornita,20,Oprire ACC,"Reabilitarea sistemului de termoficare ,lucrari POIM ,Lot 4, Obiective 17,19,21",2026-10-09T23:00,"• Ale Straja - bl. 69 • Str Straja - bl. 62, 62Bis, 63 • Str Argeşelu - bl. A4, A7 • Drm Găzarului - bl. A1, A2, A3, 133, 136, 138 • Ale Reşiţa A - bl. A6 • Str Reşiţa - bl. A5 • Str Izvorul Rece - bl. A8 • Ale Dolina - bl. 64, 68, 70, 134, 137"
2026-10-01T02:01:25,4,2 Zona V,22,Oprire ACC,"Reabilitarea sistemului de termoficare ,lucrari POIM ,Lot 4, Obiective 17,19,21",2026-10-09T23:00,"• Str Huedin - bl. A12 • Ale Ţebea - bl. 101, 102. 103, D10, D11A, D12, D13 • Str Izvorul Trotuşului - bl. D14, D15, D24 • Str Izvorul Rece - bl. S14 A+B • Str Izvorul Mureşului - bl. A11, D9, D22 • Str Izvorul Crişului - bl. A1, A2, A3, D1 • Bld Constantin Brâncoveanu - bl. M1/1, M2/3, M2/4"
2026-10-01T02:01:25,4,1 Oltenita Placare,4,Oprire ACC,"Reabilitarea sistemului de termoficare ,lucrari POIM ,Lot 4, Obiective 17,19,21",2026-10-09T23:00,"• Şos Olteniţei - bl. 4, 5, 6 • Str Păduroiu - B24 • Bld Constantin Brâncoveanu - U.M.0221"
2026-10-01T02:01:25,4,Livada Noua,17,Oprire ACC,"Reabilitarea sistemului de termoficare ,lucrari POIM ,Lot 4, Obiective 17,19,21",2026-10-09T23:00,"• Str Alunişului - bl. 1 • Şos Giurgiului - bl. 4, 9, 9T, G, N, O • Str Ghimpaţi - bl. 3, 2, 1T, 2T, 3T, 8T • Int Târgu Frumos - bl. 5, 6, 7, 4T"
2026-10-01T02:01:25,4,4 Oltenita Placare,7,Oprire ACC,"Reabilitarea sistemului de termoficare ,lucrari POIM ,Lot 4, Obiective 17,19,21",2026-10-09T23:00,"• Str Alunişului - bl. 12C • Str Împăratul Traian - bl. B1A, B12 • Bld Constantin Brâncoveanu - bl. 12A, 12B, B1, B2"
2026-10-01T02:01:25,4,Huedin,17,Oprire ACC,"Reabilitarea sistemului de termoficare ,lucrari POIM ,Lot 4, Obiective 17,19,21",2026-10-09T23:00,"• Str Straja - bl. 52 • Str Moldoveni - bl. B15, B21 • Str Grădiştea - bl. 48, B5 • Str Reşiţa - bl. 49, 50, 51, Biserica Sf. Daniel • Str Huedin - bl. A26, 34, M1/2 • Ale Huedin - bl. 2, 3, 4, 5 • Str Uioara - bl. 33"
2026-10-01T02:01:25,4,Modul Termic - Școala nr.119,1,Oprire ACC,"Reabilitarea sistemului de termoficare ,lucrari POIM ,Lot 4, Obiective 17,19,21",2026-10-09T23:00,• Str Almaşu Mic -
2026-10-01T02:01:25,4,1 Nitu Vasile,19,Oprire ACC,"Reabilitarea sistemului de termoficare ,lucrari POIM ,Lot 4, Obiective 17,19,21",2026-10-09T23:00,"• Str Secuilor - bl. 2, 3, 4, 5; Scoala Gimnaziala nr.96 • Str Sg. Niţu Vasile - bl. 1, 1V, 2, 3V, 4V, 5V, 6V, 8V, 9V, Complex Comercial • Ale Mirea Mioara Luiza - bl. 6. 7, Biserica • Ale Cricovul Sărat - bl. 8, 9, 10"
2026-10-01T02:01:25,4,2 Stoian Militaru,15,Oprire ACC,"Reabilitarea sistemului de termoficare ,lucrari POIM ,Lot 4, Obiective 17,19,21",2026-10-09T23:00,"• Str Stoian Militaru - bl. 17, 18 • Str Padeşu - bl. 4, 5, 9, 10, 14, 15 • Str Pictor Ştefan Dimitrescu - bl. 3, 7, 8, 11, 12, 13 • Str Laloşu - bl. 6"
2026-10-01T02:01:25,4,Modul Termic - Școala nr.129,1,Oprire ACC,"Reabilitarea sistemului de termoficare ,lucrari POIM ,Lot 4, Obiective 17,19,21",2026-10-09T23:00,• Str Izvorul Crişului -
2026-10-01T02:01:25,4,19 Dolhasca,4,Oprire ACC,"Reabilitarea sistemului de termoficare ,lucrari POIM ,Lot 4, Obiective 17,19,21",2026-10-09T23:00,"• Str Secuilor - bl. 18, 19, 20, B47"
2026-10-01T02:01:25,4,2 Zona I,14,Oprire ACC,"Reabilitarea sistemului de termoficare ,lucrari POIM ,Lot 4, Obiective 17,19,21",2026-10-09T23:00,"• Str Străduinţei - bl. R4, R20 • Ale Niculiţel - bl. 1, 2, D4, E4, E5, E6, P1, P2 • Str Aliorului - bl. D5, D6 • Str Emil Racoviţă - bl. I11, R3, R21, U2"
2026-10-01T02:01:25,4,5 Oltenita,10,Oprire ACC,"Reabilitarea sistemului de termoficare ,lucrari POIM ,Lot 4, Obiective 17,19,21",2026-10-09T23:00,"• Str Mărţişor - Imobil nr.1 • Şos Olteniţei - bl. 4, 5, 6, 10, 11, 12, G6, G7 Turn • Str Prinosului - Imobil nr.2"
2026-10-01T02:01:25,4,6 Zona II,5,Oprire ACC,"Reabilitarea sistemului de termoficare ,lucrari POIM ,Lot 4, Obiective 17,19,21",2026-10-09T23:00,"• Str Râul Mara - bl. M4, M5, Vila Antonescu • Bld Constantin Brâncoveanu - bl. M6 • Str Cimpoierilor - Sc British College,Vila Raduica"
2026-10-01T02:01:25,4,1 Serban Voda,4,Oprire ACC,"Reabilitarea sistemului de termoficare ,lucrari POIM ,Lot 4, Obiective 17,19,21",2026-10-09T23:00,"• Str Simion - Imobil nr. 42 • Str G-ral Candiano Popescu - bl. 2 • Cal Şerban Vodă - bl. 1, 2, 2B"
2026-10-01T02:01:25,4,Spinis,26,Oprire ACC,"Reabilitarea sistemului de termoficare ,lucrari POIM ,Lot 4, Obiective 17,19,21",2026-10-09T23:00,"• Str Spiniş - bl. 19, 24, 43, 45, 48, 104, 105 • Str Râul Şoimului - bl. 25, 26, 27, 28, 46, 47, 49 • Şos Giurgiului - bl. 4A, 4B • Str Grădiştea - bl. 101 • Drm Găzarului - bl. 18, 21, 22, 50 • Str Tătuleşti - bl. 44, 98, 100A, 100B, 103"
2026-10-01T02:01:25,4,Modul Termic - Grădinița nr.167,1,Oprire ACC,"Reabilitarea sistemului de termoficare ,lucrari POIM ,Lot 4, Obiective 17,19,21",2026-10-09T23:00,• Str Izvorul Oltului -
2026-10-01T02:01:25,4,Modul Termic - Colegiul National Octav Onicescu,1,Oprire ACC,"Reabilitarea sistemului de termoficare ,lucrari POIM ,Lot 4, Obiective 17,19,21",2026-10-09T23:00,• Str Trivale -
2026-10-01T02:01:25,4,3 Bis Zona I,9,Oprire ACC,"Reabilitarea sistemului de termoficare ,lucrari POIM ,Lot 4, Obiective 17,19,21",2026-10-09T23:00,"• Ale Ornamentului - bl. D7, E8 ,E9 • Ale Râul Târgului - bl. D8, D9 • Ale Râul Sadului - bl. A11, A12, R7 • Str Aliorului - bl. R8"
2026-10-01T02:01:25,4,5 Zona II,16,Oprire ACC,"Reabilitarea sistemului de termoficare ,lucrari POIM ,Lot 4, Obiective 17,19,21",2026-10-09T23:00,"• Bld Alexandru Obregia - bl. 10-14, 16 • Str Râul Mara - bl. E1, M2 • Str Podarului - bl. F1, F3 • Str Vatra Dornei - bl. A14, E2, E3, E4, E5, F2, F4, F5, M1 • Str Târnava Mică - bl. M3"
2026-10-01T02:01:25,4,Sabaoani,25,Oprire ACC,"Reabilitarea sistemului de termoficare ,lucrari POIM ,Lot 4, Obiective 17,19,21",2026-10-09T23:00,"• Str Moldoviţa - bl. C5, EM5, EM6, M2D9/1A, M2D9/1B, M2D9/3, M2D9/4 • Ale Moldoviţa - bl. A7, A8, C1, C2, C3, C4, EM3 • Str Lt. col. Dumitru Petrescu - bl. A7 • Ale Emil Racoviţă - bl. A1, A2, A3, A4, A5, A6, C6, EM1, EM2, M2D9/2, Școala nr.93, Gradinița nr.199"
2026-10-01T02:01:25,4,9 Brâncoveanu,4,Oprire ACC,"Reabilitarea sistemului de termoficare ,lucrari POIM ,Lot 4, Obiective 17,19,21",2026-10-09T23:00,"• Str Secuilor - bl. B46 • Str Sg. Gheorghe Tache - bl. B41, B43, B44"
2026-10-01T02:01:25,4,3 Zona I,10,Oprire ACC,"Reabilitarea sistemului de termoficare ,lucrari POIM ,Lot 4, Obiective 17,19,21",2026-10-09T23:00,"• Ale Ornamentului - bl. E7 • Ale Râul Sadului - bl. R22 • Str Emil Racoviţă - bl. I13, R6, R9, R23, U3 • Str Turnu Măgurele - bl. A14, A15, S1"
2026-10-01T02:01:25,4,Dumitru Petrescu,15,Oprire ACC,"Reabilitarea sistemului de termoficare ,lucrari POIM ,Lot 4, Obiective 17,19,21",2026-10-09T23:00,"• Str Turnu Măgurele - bl. 10 • Str Tomeşti - bl. 1, 2, 12, 13, 14, 15 • Str Democraţiei - bl. 7, 8, 9, 11 • Şos Berceni - bl. 3, 4, 5, 6"
2026-10-01T02:01:25,4,5 Brancoveanu,8,Oprire ACC,"Reabilitarea sistemului de termoficare ,lucrari POIM ,Lot 4, Obiective 17,19,21",2026-10-09T23:00,"• Str Împăratul Traian - bl. B8, B9, B10, B11 • Bld Constantin Brâncoveanu - bl. B3, B4, B5, B7"
2026-10-01T02:01:25,4,3 Zona II,19,Oprire ACC,"Reabilitarea sistemului de termoficare ,lucrari POIM ,Lot 4, Obiective 17,19,21",2026-10-09T23:00,"• Str Vatra Dornei - Scoala nr.108 • Bld Constantin Brâncoveanu - bl. C4A, C4B, E13, V1A, V3, V4 • Str Dorohoi - bl. EF24, F15 • Str Covasna - bl. E11, E15, E16, F13, F17, F18 • Ale Covasna - bl. E14, EF23, F12, F14, F16"
2026-10-01T02:01:25,4,2 Oltenita Placare,9,Oprire ACC,"Reabilitarea sistemului de termoficare ,lucrari POIM ,Lot 4, Obiective 17,19,21",2026-10-09T23:00,"• Str Stoian Militaru - bl. 7B • Şos Olteniţei - bl. 6A , 7A, 11C • Str Alunişului - bl. 11A, 11B • Str Radului - bl. 8A, 10A • Str Dr. Anton Colorian - bl. 9A"
2026-10-01T02:01:25,4,4 Zona I,7,Oprire ACC,"Reabilitarea sistemului de termoficare ,lucrari POIM ,Lot 4, Obiective 17,19,21",2026-10-09T23:00,"• Ale Slt. p.m. Dragoş Mladinovici - bl. R11, R15, R16, R17 • Str Străduinţei - bl. A197 • Bld Alexandru Obregia - bl. A18, I5"
2026-10-01T02:01:25,4,6 Vifornita,17,Oprire ACC,"Reabilitarea sistemului de termoficare ,lucrari POIM ,Lot 4, Obiective 17,19,21",2026-10-09T23:00,"• Şos Giurgiului - bl. 1, 2A, 2B, • Str Grădiştea - bl. 86, 87 • Str Tătuleşti - bl. 18, 20, 82, 83, 84, 85 • Ale Călineşti - bl. 11, 12, 13, 14, 15, 81"
2026-10-01T02:01:25,4,Posta,9,Oprire ACC,"Reabilitarea sistemului de termoficare ,lucrari POIM ,Lot 4, Obiective 17,19,21",2026-10-09T23:00,"• Bld Alexandru Obregia - bl. 18A, 20Bis, A15, R3, R13, II/30, II/31 • Str Vatra Dornei - bl. A16, 18B+C"
2026-10-01T02:01:25,4,6 Zona I,12,Oprire ACC,"Reabilitarea sistemului de termoficare ,lucrari POIM ,Lot 4, Obiective 17,19,21",2026-10-09T23:00,"• Ale Someşul Cald - bl. D10, PE5 • Ale Râul Sadului - bl. PE4 • Str Aliorului - bl. A6, A7, A8, A9, A10, S2 • Str Turnu Măgurele - bl. A17, S2 • Ale Ciceu - bl. A113, I66"
2026-10-01T02:01:25,4,2 A Metalurgiei,1,Oprire ACC,"Reabilitarea sistemului de termoficare ,lucrari POIM ,Lot 4, Obiective 17,19,21",2026-10-09T23:00,• Bld Alexandru Obregia - 2A
2026-10-01T02:01:25,4,1 Zona II,21,Oprire ACC,"Reabilitarea sistemului de termoficare ,lucrari POIM ,Lot 4, Obiective 17,19,21",2026-10-09T23:00,"• Ale Someşul Mic - bl. E3, F4 • Bld Alexandru Obregia - bl. R1, R2, R4, R5, R6, R14 • Str Covasna - bl. A1, A2, A3, A4, A5, E2, E4, F1,F2, F3, F5 • Ale Covasna - bl. E1, F1"
2026-10-01T02:01:25,4,Prasilei,25,Oprire ACC,"Reabilitarea sistemului de termoficare ,lucrari POIM ,Lot 4, Obiective 17,19,21",2026-10-09T23:00,"• Str Sold. Dumitru Minca - bl. 23, 24, 25 • Str Sg. Avram Petcu - Imobil nr.8 • Str Melineşti - bl. 1, 2, 3, 4, 11, 12, 13, 14 • Str Giovanni Boccaccio - bl. 5, 6, 7, 8 • Str Frt. Niculaie Marinescu - bl. A1, A2, A3, A4 • Str Praşilei - bl. 21, 22 • Str Peroni - bl. 9, 10, Imobil nr.45"
2026-10-01T02:01:25,4,11 Giurgiu,3,Oprire ACC,"Reabilitarea sistemului de termoficare ,lucrari POIM ,Lot 4, Obiective 17,19,21",2026-10-09T23:00,"• Şos Giurgiului - bl. 5, 11 • Str Petre Ţuţea - Scoala nr.109"
2026-10-01T02:01:25,4,Luica,29,Oprire ACC,"Reabilitarea sistemului de termoficare ,lucrari POIM ,Lot 4, Obiective 17,19,21",2026-10-09T23:00,"• Str Luica - bl. M1, M2, M3, M4, M4Bis, M5, M6, IV/1A • Str Reşiţa - bl. M1, P4 • Str Uioara - bl. IV/1B, IV/1C, IV/1 sc.A; M2 • Str Ucea - bl. P3, P4, P7, P8, P9, P10, P11, P12, IV/2 • Str Coştila - bl. P1, P2, P5, P6, P9"
2026-10-01T02:01:25,4,2 Zona II,19,Oprire ACC,"Reabilitarea sistemului de termoficare ,lucrari POIM ,Lot 4, Obiective 17,19,21",2026-10-09T23:00,"• Ale Someşul Mare - bl. A22, A23, E5, F7, F10 • Ale Stupilor - bl. A21, E7, E8, E9, E10, EF22, F8, F9, F11 • Bld Alexandru Obregia - bl. R10, R11 • Str Turnu Măgurele - bl. C1A, R12, Grădinița Nr.149 • Ale Covasna - bl. F6"
2026-10-01T02:01:25,4,2 Giurgiu,7,Oprire ACC,"Reabilitarea sistemului de termoficare ,lucrari POIM ,Lot 4, Obiective 17,19,21",2026-10-09T23:00,"• Str Tufişului - Scoala nr.188 • Şos Giurgiului - bl. B, C, E, F, K • Str Şoimuş - bl. L"
2026-10-01T02:01:25,4,Modul Termic - Grădinița nr.228,1,Oprire ACC,"Reabilitarea sistemului de termoficare ,lucrari POIM ,Lot 4, Obiective 17,19,21",2026-10-09T23:00,• Str Spiniş -
2026-10-01T02:01:25,4,7 Zona I,9,Oprire ACC,"Reabilitarea sistemului de termoficare ,lucrari POIM ,Lot 4, Obiective 17,19,21",2026-10-09T23:00,"• Ale Someşul Cald - bl. O2 • Str Aliorului - bl. D13 • Bld Alexandru Obregia - bl. 35, 35A, O1 • Str Turnu Măgurele - bl. A16 • Ale Ciceu - bl. D11, D12, E10"
2026-10-01T02:01:25,4,1 Stoian Militaru,6,Oprire ACC,"Reabilitarea sistemului de termoficare ,lucrari POIM ,Lot 4, Obiective 17,19,21",2026-10-09T23:00,"• Str Padeşu - bl. 1 • Str Pictor Ştefan Dimitrescu - bl. 2, 19 • Str Şura Mare - bl. 1A, 1B • Str Cornetului - bl. 20"
2026-10-01T02:01:25,4,4 Zona II,28,Oprire ACC,"Reabilitarea sistemului de termoficare ,lucrari POIM ,Lot 4, Obiective 17,19,21",2026-10-09T23:00,"• Ale Stupilor - bl. A8, A12, A13, Gradinita nr.175, Scoala nr.98 • Str Turnu Măgurele - bl. C2, C3 • Bld Constantin Brâncoveanu - bl. VB, V5, V6, V7, V8 • Ale Dorohoi - bl. A10, A11, A20, A24, E19, E20, E21, F20 ,F21 • Ale Covasna - bl. A6, A7, A9, A19, E18, E25, E27, F19, F26"
2026-10-01T02:01:25,4,3 Oltenita Placare,22,Oprire ACC,"Reabilitarea sistemului de termoficare ,lucrari POIM ,Lot 4, Obiective 17,19,21",2026-10-09T23:00,"• Şos Olteniţei - bl. 2A, 2B, 2C, 2D, 3C, 3D, 3E, 4A, 4B, 4C, 4D, 5A, 5B, 5C, 5D, 5E • Str Gheorghe Adamescu - bl. 4E • Str Pometului - Imobil nr.41 • Str Laloşu - bl. 3A, 3B, 2E"
2026-10-01T02:01:25,4,Dealul Cernei,13,Oprire ACC,"Reabilitarea sistemului de termoficare ,lucrari POIM ,Lot 4, Obiective 17,19,21",2026-10-09T23:00,"• Str Uioara - bl. 12Bis, 35, 36, 46 • Ale Cetatea Veche - bl. 2Bis, 3Bis, 5, 37, 38, 39, 40, 41, 47"
2026-10-01T02:01:25,4,Sincai,8,Oprire ACC,"Reabilitarea sistemului de termoficare ,lucrari POIM ,Lot 4, Obiective 17,19,21",2026-10-09T23:00,"• Str Mocăncuţei - Imobil nr.12 • Bld Gheorghe Şincai - bl. 2, 4 • Str Tineretului - bl 5,Z1 • Str Trestiana - bl. 3 • Str Constantin Rădulescu-Motru - bl. 1, 35 • Str Cuza Vodă - bl. 37A"
2026-10-01T02:01:25,4,3 Zona V,16,Oprire ACC,"Reabilitarea sistemului de termoficare ,lucrari POIM ,Lot 4, Obiective 17,19,21",2026-10-09T23:00,"• Str Reşiţa - bl. D17 • Str Huedin - bl. A13, D18, D19, D20 • Str Izvorul Mureşului - bl. 10, A4 • Str Izvorul Crişului - bl. A5, A6, A7, A8, A14, A15, A16, D16, D21"
2026-10-01T02:01:25,4,5 Zona I,9,Oprire ACC,"Reabilitarea sistemului de termoficare ,lucrari POIM ,Lot 4, Obiective 17,19,21",2026-10-09T23:00,"• Str Străduinţei - bl. O4 • Str Aliorului - bl. E11, Gradinita 101 Dalmatieni • Bld Alexandru Obregia - bl. O3 • Ale Ciceu - bl. 5B, E12, E13, E14, R10"
2026-10-01T02:01:25,4,Uioara,31,Oprire ACC,"Reabilitarea sistemului de termoficare ,lucrari POIM ,Lot 4, Obiective 17,19,21",2026-10-09T23:00,"• Str Semenic - bl. 23, 24 • Str Luica - bl. 59, 60, 61, III/6, III/7 • Ale Gorneşti - bl. 55, 56 • Ale Uioara - bl. 4Bis, 42, 43, 44, 45, 48, 49, 50, 51, 52, 53, 54, 58 • Ale Izvorul Oltului - bl. 25, 26, 27, 28, 29, 33, 62Bis • Bld Constantin Brâncoveanu - bl. 30, 34-35"
2026-10-01T02:01:25,4,Modul Termic - Școala Gimnaziala Ionel Teodoreanu,1,Oprire ACC,"Reabilitarea sistemului de termoficare ,lucrari POIM ,Lot 4, Obiective 17,19,21",2026-10-09T23:00,• Str Coştila -
2026-10-01T02:01:25,4,17 Dolhasca,11,Oprire ACC,"Reabilitarea sistemului de termoficare ,lucrari POIM ,Lot 4, Obiective 17,19,21",2026-10-09T23:00,"• Str Sg. Gheorghe Tache - bl. 17 • Şos Olteniţei - bl. 1, 2, 3, 13, 14, 16, Parohie • Str Huşi - bl. PA1, PA2 • Str Dolhasca - Vila Serban"
2026-10-01T02:01:25,4,Almașul Mare,19,Oprire ACC,"Reabilitarea sistemului de termoficare ,lucrari POIM ,Lot 4, Obiective 17,19,21",2026-10-09T23:00,"• Str Moldoveni - bl. B19, B20 • Str Almaşu Mic - bl. B6, B7, B8, B10, B11, B12, B17, B18, Gradinita nr.62 • Str Almaşu Mare - bl. B2, B9, B16 • Str Grădiştea - bl. B1, B3, B4, B13, B14"
2026-10-01T02:01:25,4,6 Brancoveanu,14,Oprire ACC,"Reabilitarea sistemului de termoficare ,lucrari POIM ,Lot 4, Obiective 17,19,21",2026-10-09T23:00,"• Str Secuilor - bl. B17A • Str Păduroiu - bl. B22A, B23, B24, B25 • Str Pomârla - bl. B20, B21, B22 • Bld Constantin Brâncoveanu - bl. B14, B15, B16, B17 • Str Băltiţa - bl. B18 ,B19"
2026-10-01T02:01:25,4,2 Vifornita,26,Oprire ACC,"Reabilitarea sistemului de termoficare ,lucrari POIM ,Lot 4, Obiective 17,19,21",2026-10-09T23:00,"• Str Straja - bl. 30, 31, 32, 40, 65, 66 • Str Spiniş - bl. 52, 53, 54 • Str Moldoveni - bl. 55, 59, 60, 61 • Str Almaşu Mare - bl. 51, 56, 57, 58 • Str Argeşelu - bl. 33, 34, 35, 37, 39, 67 • Drm Găzarului - bl. 29 • Str Reşiţa - bl. 36, 38"
2026-10-01T02:01:25,4,8 Brancoveanu,12,Oprire ACC,"Reabilitarea sistemului de termoficare ,lucrari POIM ,Lot 4, Obiective 17,19,21",2026-10-09T23:00,"• Str Secuilor - bl. B27, B29, B31 • Str Păduroiu - bl. B30 • Str Huşi - bl. B32, B36, B37,B35 • Str Băltiţa - bl. B26, B28, B33, B34, B35"
2026-10-01T02:01:25,4,1 Zona IV,14,Oprire ACC,"Reabilitarea sistemului de termoficare ,lucrari POIM ,Lot 4, Obiective 17,19,21",2026-10-09T23:00,"• Str Grădiştea - bl. A9, A10 • Ale Reşiţa D - A1, A3, A4, A5, A7, A8 • Str Reşiţa - bl. A2, A6 • Str Uioara - bl. A11, A12, A13, A14"
2026-10-01T02:01:25,4,Pieptanari,14,Oprire ACC,"Reabilitarea sistemului de termoficare ,lucrari POIM ,Lot 4, Obiective 17,19,21",2026-10-09T23:00,"• Str Constantin Mănescu - bl. 6, 7, 8, Comunitatea Musulmană • Bld Pieptănari - bl. 5 • Str Dârste - Imobil nr.3 • Şos Viilor - bl. 4AB • Str Dumitru P. Botez - bl. Plomba 12 • Cal Şerban Vodă - bl. 2, 3A, 3B, 11 • Str Pandele Roşca - Scoala Gimnaziala Princepesa Margareta • Str Nicolae Galea - bl. 10 • Str Scarlat Otulescu - bl. 9"
2026-10-01T02:01:25,4,3 Nitu Vasile,23,Oprire ACC,"Reabilitarea sistemului de termoficare ,lucrari POIM ,Lot 4, Obiective 17,19,21",2026-10-09T23:00,"• Str Secuilor - bl. 21, 22 • Ale Donea Diana Alexandra - bl.19, 32, V18, 19B • Str Rezonanţei - bl. 15+16 • Bld Constantin Brâncoveanu - bl. 29, 30 • Ale Cricovul Dulce - bl. 15, 16, 17, 18, 17-18, N16, N17, N18, N19, N21, Policlinica • Ale Adrian Dan Urucu - bl. 20, 31, N17, Gradinița nr.227"
2026-10-01T02:01:25,4,1 Zona V,12,Oprire ACC,"Reabilitarea sistemului de termoficare ,lucrari POIM ,Lot 4, Obiective 17,19,21",2026-10-09T23:00,"• Str Reşiţa - bl. A18, A19 • Str Izvorul Rece - bl. A10 • Str Izvorul Mureşului - bl. A9 ,D5, D6, D7, D23 • Str Izvorul Crişului - bl. D3, D4 • Str Trotuşului - bl. A17, D8"
2026-10-01T02:01:25,4,1 Zona I,17,Oprire ACC,"Reabilitarea sistemului de termoficare ,lucrari POIM ,Lot 4, Obiective 17,19,21",2026-10-09T23:00,"• Str Străduinţei - bl. A3, A4, A5, D2, D3, PE1, R5 • Ale Terasei - bl. A1, A2, D1, E1, E2, E3, PE2, PE3, R2 • Str Emil Racoviţă - bl. I9, R19, U1"
2026-10-01T02:01:25,5,VSNord,15,Oprire ACC,"Cuplare la reteaua termica primara LOT 3 - Obiectiv 12, pe tronsonul CFIC5 - CIC6",2026-10-01T16:00,"• Pţa Naţiunile Unite - B1, B2, C • Str Sfintii Apostoli - 3B • Bld Unirii - 1, 1A, 1B, 1C, 2A, 2B, 2C, 3, 4A, 4B • Str Bordea Poenaru - 8-10"
2026-10-01T02:01:25,5,Ministerul Finanţelor,1,Oprire ACC,"Cuplare la reteaua termica primara LOT 3 - Obiectiv 12, pe tronsonul CFIC5 - CIC6",2026-10-01T16:00,• Str Apolodor - Nr .17 - instituţie
2026-10-01T02:01:25,5,Tribunal,7,Oprire ACC,"Cuplare la reteaua termica primara LOT 3 - Obiectiv 12, pe tronsonul CFIC5 - CIC6",2026-10-01T16:00,"• Bld Unirii - bl. 12, 13, 14, 15 • Spl Independenţei - bl. 16, 17"
2026-10-01T02:01:25,5,Gioconda,0,Oprire ACC,"Cuplare la reteaua termica primara LOT 3 - Obiectiv 12, pe tronsonul CFIC5 - CIC6",2026-10-01T16:00,• Pţa Naţiunile Unite - Bloc Turn
2026-10-01T02:01:25,5,Hotel CONTINENTAL,1,Oprire ACC,"Cuplare la reteaua termica primara LOT 3 - Obiectiv 12, pe tronsonul CFIC5 - CIC6",2026-10-01T16:00,• Str Izvor - Nr. 82 - instituţie
2026-10-01T02:01:25,5,Facultatea de Medicină Veterinară,1,Oprire ACC,"Cuplare la reteaua termica primara LOT 3 - Obiectiv 12, pe tronsonul CFIC5 - CIC6",2026-10-01T16:00,• Spl Independenţei - Nr. 105 - instituţie
2026-10-01T02:01:25,5,Institutul Teologioc,1,Oprire ACC,"Cuplare la reteaua termica primara LOT 3 - Obiectiv 12, pe tronsonul CFIC5 - CIC6",2026-10-01T16:00,• Str Sf. Ecaterina - Nr. 4 - instituţie
2026-10-01T02:01:25,5,Palatul Parlamentului,1,Oprire ACC,"Cuplare la reteaua termica primara LOT 3 - Obiectiv 12, pe tronsonul CFIC5 - CIC6",2026-10-01T16:00,• Str Izvor - Nr. 2-4 - instituţie
2026-10-01T02:01:25,5,Garajul Parlamentului,1,Oprire ACC,"Cuplare la reteaua termica primara LOT 3 - Obiectiv 12, pe tronsonul CFIC5 - CIC6",2026-10-01T16:00,• Str Izvor - Nr. 2-4 - instituţie
2026-10-01T02:01:25,5,Giurgiu Farado,15,Oprire ACC,"Lucrări de modernizare pe rețeaua termică primară - Lucrări POIM, LOT 4, OBIECTIVELE 17,19,21",2026-10-09T23:00,"• Ale Podul Giurgiului - 2, 3, 4, 5, 6, 7, 8, 9, 11, 12,13 • Str Vigoniei - 1, 8, 15 • Şos Giurgiului - 16"
2026-10-01T02:01:25,5,9 Farado,5,Oprire ACC,"Lucrări de modernizare pe rețeaua termică primară - Lucrări POIM, LOT 4, OBIECTIVELE 17,19,21",2026-10-09T23:00,"• Str Podul Giurgiului - 9,14 • Str Vigoniei - 10, 10Turn, 14Turn"
2026-10-01T02:01:25,5,1 Giurgiu,9,Oprire ACC,"Lucrări de modernizare pe rețeaua termică primară - Lucrări POIM, LOT 4, OBIECTIVELE 17,19,21",2026-10-09T23:00,"• Str Verigei - bl. 1, 2, Z 3, Z5 • Şos Giurgiului - bl. A, H1, H2 • Str Ştefan Vodă - imobil Decu Aurel • Str Măgurei - bl. D1"
2026-10-01T02:01:25,5,6 Farado,6,Oprire ACC,"Lucrări de modernizare pe rețeaua termică primară - Lucrări POIM, LOT 4, OBIECTIVELE 17,19,21",2026-10-09T23:00,"• Str Podul Giurgiului - bl. 17, 18, Liceul Energetic • Str Toporaşi - bl. 15 • Şos Giurgiului - bl. 5, 6, 7"
2026-10-01T02:01:25,5,6 Chirigiu,1,Oprire ACC,"Lucrări de modernizare pe rețeaua termică primară. Lucrări POIM, LOT 3, OBIECTIV 13",2026-10-03T23:00,• Str Progresului - bl. 5A
2026-10-01T02:01:25,5,2 Rahova,22,Oprire ACC,"Lucrări de modernizare pe rețeaua termică primară. Lucrări POIM, LOT 3, OBIECTIV 13",2026-10-03T23:00,"• Str Petre Ispirescu - bl 40, 41, 42A, 42B, 47 • Str Bârca - bl M184, M189, M190, M194 • Str Focşani - bl M178, M183, M193, M195, M196 • Str Iancu Jianu - bl M176, M177, M192 • Cal Rahovei - bl 31, 37, 43-43A, 43B, imobil Lungu Smaranda"
2026-10-01T02:01:25,5,6 Sebastian,8,Oprire ACC,"Lucrări de modernizare pe rețeaua termică primară. Lucrări POIM, LOT 3, OBIECTIV 13",2026-10-03T23:00,"• Str Mihail Sebastian - bl. S30, S32, S33, S34 • Str Ileana Cosânzeana - bl. S31, S35, S36 • Str Făt Frumos - bl. S29"
2026-10-01T02:01:25,5,3 Ferentari,19,Oprire ACC,"Lucrări de modernizare pe rețeaua termică primară. Lucrări POIM, LOT 3, OBIECTIV 13",2026-10-03T23:00,"• Str Vedea - bl. 86A, 86B, 91, 92, 93A, 114 • Str Tutunari - bl. 87A, 87B • Cal Ferentari - bl. 94 • Str Zamfir Olaru - bl. 78, 86E, 87C, 87D, 87E • Str Năsăud - bl. 84,130, 86D, 86C"
2026-10-01T02:01:25,5,3 Drumul Sării,19,Oprire ACC,"Lucrări de modernizare pe rețeaua termică primară. Lucrări POIM, LOT 3, OBIECTIV 13",2026-10-03T23:00,"• Str Baltagului - bl. V77, V78, V81 • Ale Botorani - bl. V28, V35, V36, V37, V42, V43, V80, V82, V83, V84 • Cal 13 Septembrie - bl. V38, V39, V40 • Str Mihail Sebastian - bl. V29, V30, V79"
2026-10-01T02:01:25,5,4 Sălaj,9,Oprire ACC,"Lucrări de modernizare pe rețeaua termică primară. Lucrări POIM, LOT 3, OBIECTIV 13",2026-10-03T23:00,"• Şos Sălaj - bl. 58A, 126A, 128B • Ale Tulcea - bl. 126B, 128 • Cal Ferentari - bl. 125, 123, 124, 124A, 126"
2026-10-01T02:01:25,5,3 Sălaj,7,Oprire ACC,"Lucrări de modernizare pe rețeaua termică primară. Lucrări POIM, LOT 3, OBIECTIV 13",2026-10-03T23:00,"• Str Petre Păun - bl. 69D, 69C • Şos Sălaj - bl. 68, 69A 69B • Str Sg. Turturică - bl. 70A, 70B"
2026-10-01T02:01:25,5,1 Petre Ispirescu,18,Oprire ACC,"Lucrări de modernizare pe rețeaua termică primară. Lucrări POIM, LOT 3, OBIECTIV 13",2026-10-03T23:00,"• Str Petre Ispirescu - bl. P1A, P6 • Str Cobadin - bl. P14, P19A, P19 • Str Ileana Cosânzeana - bl. P1, P2, P7, P8, P9, P10, P11 • Str Făt Frumos - bl. P6, P12, P11A, P13, P15, P16"
2026-10-01T02:01:25,5,5 Chirigiu,7,Oprire ACC,"Lucrări de modernizare pe rețeaua termică primară. Lucrări POIM, LOT 3, OBIECTIV 13",2026-10-03T23:00,"• Cal Rahovei - bl. 12, 13 • Str Năsăud - bl. 20, 21, 23, 24, 25"
2026-10-01T02:01:25,5,2 Sălaj,14,Oprire ACC,"Lucrări de modernizare pe rețeaua termică primară. Lucrări POIM, LOT 3, OBIECTIV 13",2026-10-03T23:00,"• Str Pecineaga - bl. 46, 47A • Str Cartojani - bl. 53A, 55A • Ale Sălaj - bl. 47, 48, 49, 50, 55, 53 • Str Dunavăţ - bl. 49C, 49D, 49E, 51A"
2026-10-01T02:01:25,5,"bloc 1, bloc 2 (cod PT: 50039)",1,Oprire ACC,"Lucrări de modernizare pe rețeaua termică primară. Lucrări POIM, LOT 3, OBIECTIV 13",2026-10-03T23:00,• Str Mihail Sebastian - 116 – PT propriu
2026-10-01T02:01:25,5,2 Drumul Sarii,16,Oprire ACC,"Lucrări de modernizare pe rețeaua termică primară. Lucrări POIM, LOT 3, OBIECTIV 13",2026-10-03T23:00,"• Str Baltagului - bl. V75, V76A,V76, V67, V73A • Str Mihail Sebastian - bl. V73, V74 • Drm Sării - bl. V62, V63 • Str Lt. col. Constantin Marinescu - bl. V64, V65, V66, V68, V69, V70, V71"
2026-10-01T02:01:25,5,2 Alexandria,27,Oprire ACC,"Lucrări de modernizare pe rețeaua termică primară. Lucrări POIM, LOT 3, OBIECTIV 13",2026-10-03T23:00,"• Ale Lereşti - bl D1, D2, D3, A2, 37, 38, Sc.126, Cresa Sf. Stelian • Str Antiaeriană - bl A1, A1Prim • Şos Alexandria - bl L21, L22, L23, L24, L25, L26, L27, L28, L29, M1, M2, M3, M4, M5, OD1, PC9, PC10, PC11, PC12"
2026-10-01T02:01:25,5,1 Salaj,25,Oprire ACC,"Lucrări de modernizare pe rețeaua termică primară. Lucrări POIM, LOT 3, OBIECTIV 13",2026-10-03T23:00,"• Ale Pricopan - 51 • Şos Sălaj - 50A,122B, • Str Dunavăţ - 57,58,59,60,61A,65,60A,61 • Str Teliţa - 52A,56,66A,120,121,116,122A,119C • Cal Ferentari - 117,119A,70A+B,119B,119D,117A"
2026-10-01T02:01:25,5,1 Alexandria,10,Oprire ACC,"Lucrări de modernizare pe rețeaua termică primară. Lucrări POIM, LOT 3, OBIECTIV 13",2026-10-03T23:00,"• Şos Alexandria - bl L1, L2, L3,L4, L5, L6, PC1, PC2, PC7, PC6"
2026-10-01T02:01:25,5,4 Drumul Sarii,15,Oprire ACC,"Lucrări de modernizare pe rețeaua termică primară. Lucrări POIM, LOT 3, OBIECTIV 13",2026-10-03T23:00,"• Str Lacul Plopului - bl. V7, P73 • Cal 13 Septembrie - bl. V1, V3, V4, V5, V6 • Str Şerbota - bl. P74, V8, V9, V19, V20, V21 • Str Sg. maj. Ion Nedeleanu - bl. V22, V23"
2026-10-01T02:01:25,5,4 Petre Ispirescu,11,Oprire ACC,"Lucrări de modernizare pe rețeaua termică primară. Lucrări POIM, LOT 3, OBIECTIV 13",2026-10-03T23:00,"• Str Lacul Plopului - bl. P75 • Str Dorneasca - bl. P78 , P58, P62, P59, P63 • Str Novaci - bl. P78A, P60, P57, P61, P65"
2026-10-01T02:01:25,5,4 Chirigiu,2,Oprire ACC,"Lucrări de modernizare pe rețeaua termică primară. Lucrări POIM, LOT 3, OBIECTIV 13",2026-10-03T23:00,"• Str Năsăud - bl. 31, 32"
2026-10-01T02:01:25,5,7 Margeanului,19,Oprire ACC,"Lucrări de modernizare pe rețeaua termică primară. Lucrări POIM, LOT 3, OBIECTIV 13",2026-10-03T23:00,"• Str Cap. Ivan Anghelache - bl. M29, M30, M31, M32, M33, M34 • Str Sold. Ene Modoran - bl. M93A, M93B • Str Dumbrava Nouă - bl. M78 scara 1, M79 • Str Buzoeni - bl. M38, M39, M40, M41, M76, M77, M78 scara 2 • Str Mărgeanului - bl. M35, M36, M37"
2026-10-01T02:01:25,5,Vicina,30,Oprire ACC,"Lucrări de modernizare pe rețeaua termică primară. Lucrări POIM, LOT 3, OBIECTIV 13",2026-10-03T23:00,"• Ale Pricopan - bl. Z7, Z8, 11, 12, 13, 14, 16, 17, 18, 19, 20, 33, 34, 35, 36 • Ale Sălaj - bl. Z4, Z5, Z10, 15, 21, 37, 41 • Str Malcoci - bl. 38, 39, 40 • Ale Vicina - bl. 1, Z2, Z3, Z6, Z9"
2026-10-01T02:01:25,5,Doina,9,Oprire ACC,"Lucrări de modernizare pe rețeaua termică primară. Lucrări POIM, LOT 3, OBIECTIV 13",2026-10-03T23:00,"• Str Doina - bl. 12, 17, 18 • Str Spătaru Preda - bl. 11, 19 • Str Sg. Constantin Muşat - bl. 16 • Str Sg. maj. Florea Blejan - bl. 13, 14, 15"
2026-10-01T02:01:25,5,3 Rahova,14,Oprire ACC,"Lucrări de modernizare pe rețeaua termică primară. Lucrări POIM, LOT 3, OBIECTIV 13",2026-10-03T23:00,"• Str Pribeagului - bl 25 • Str Sold. Ene Modoran - bl 10C • Ale Rădăşeni - bl 14, 17, 19, 22, 27, imobil Dan Alexandru • Cal Rahovei - bl 10A, 10B, 16, 20A, 20B"
2026-10-01T02:01:25,5,3 Petre Ispirescu,16,Oprire ACC,"Lucrări de modernizare pe rețeaua termică primară. Lucrări POIM, LOT 3, OBIECTIV 13",2026-10-03T23:00,"• Str Petre Ispirescu - bl. P22B, P22C, P22 • Str Cobadin - bl. P21C1, P21C2, P24 • Str Dumbrava Nouă - bl. P22A,P21B, P25, P41 • Str Moţoc - bl. P21A2, P21A1 • Str Elev Nicolae Popovici - bl. P42 • Str Sg.maj. Vasile Topliceanu - bl. P42B, P42A • Str Sg. maj. Ion Nedeleanu - bl. P40"
2026-10-01T02:01:25,5,Teiuş,30,Oprire ACC,"Lucrări de modernizare pe rețeaua termică primară. Lucrări POIM, LOT 3, OBIECTIV 13",2026-10-03T23:00,"• Ale Posada - bl. 31, 32, 33, 35, 36, 34, Şcoala nr. 131 • Str Teiuş - bl. 10, Şcoala generală nr. 139 ,Policlinica Teius • Şos Alexandria - bl. C11, 4, 5bis, 21, 21bis, 22, 26, 27, 30, imobil nr 7B • Ale Ghimeş - bl. 23, 24, 25,28, 29 • Str Garoafei - bl. 5, 6, 7, 8, 9, Grădiniţa nr. 185"
2026-10-01T02:01:25,5,6 Petre Ispirescu,10,Oprire ACC,"Lucrări de modernizare pe rețeaua termică primară. Lucrări POIM, LOT 3, OBIECTIV 13",2026-10-03T23:00,"• Str Sg.maj. Vasile Topliceanu - bl. P37, P31, P32, P38, P36, P38A • Str Sg. maj. Ion Nedeleanu - bl. P33, P34, P35, P39"
2026-10-01T02:01:25,5,7 Petre Ispirescu,6,Oprire ACC,"Lucrări de modernizare pe rețeaua termică primară. Lucrări POIM, LOT 3, OBIECTIV 13",2026-10-03T23:00,"• Str Petre Ispirescu - bl. P71A, P72B • Str Lacul Plopului - bl. P64 • Str Dorneasca - bl. P72 • Str Sg.maj. Vasile Topliceanu - bl. P66, P67"
2026-10-01T02:01:25,5,5 Petre Ispirescu,7,Oprire ACC,"Lucrări de modernizare pe rețeaua termică primară. Lucrări POIM, LOT 3, OBIECTIV 13",2026-10-03T23:00,"• Str Conţeşti - bl. P83 • Str Dorneasca - bl. P79, P80, Liceul Odobleja • Str Mihail Sebastian - bl. S4, S5 • Str Sg. maj. Ion Nedeleanu - bl. P76"
2026-10-01T02:01:25,5,5 Margeanului,22,Oprire ACC,"Lucrări de modernizare pe rețeaua termică primară. Lucrări POIM, LOT 3, OBIECTIV 13",2026-10-03T23:00,"• Str Sold. Ene Modoran - bl. M88, M89, M90 • Str Dumbrava Nouă - bl. M5, M16A, M83,M84, M85 • Str Cap. Petre Mişcă - bl. M9, M13, M14, M15, M16 • Str Bârca - bl. M6, M7, M8, M10, M86, M87 • Str Mărgeanului - bl. M11, M11A, M12"
2026-10-01T02:01:25,5,1 Rahova,15,Oprire ACC,"Lucrări de modernizare pe rețeaua termică primară. Lucrări POIM, LOT 3, OBIECTIV 13",2026-10-03T23:00,"• Str Petre Ispirescu - bl 49 • Ale Bărbăteşti - bl 58 • Str Sg. Gheorghe Donici - bl 65, 71, Şcoala Nr. 280 • Str Serg. maj. Gheorghe Iorga - bl 53, 53A, 55, 55A, 59A, 59B • Cal Rahovei - bl 57, 57A, 57B, 59, 67"
2026-10-01T02:01:25,5,9 Margeanului,36,Oprire ACC,"Lucrări de modernizare pe rețeaua termică primară. Lucrări POIM, LOT 3, OBIECTIV 13",2026-10-03T23:00,"• Str Sold. Ene Modoran - bl. M162, M169, M174, M179, M185, M191 • Str Dumbrava Nouă - bl. M109, M109A, M165 • Str Bârnova - bl. M110, M 111A, M111B, M111C, M113B, M113C, M163, M164, M187 • Str Bârca - bl. M103, M105, M106, M107, M107A, M108, M160, M161, M179A, M186, M104 • Str Focşani - bl. M181, M182, M188 • Str Mărgeanului - bl. M100, M101, M102 • Str Iancu Jianu - bl. M180"
2026-10-01T02:01:25,5,5 Lira,7,Oprire ACC,"Lucrări de modernizare pe rețeaua termică primară. Lucrări POIM, LOT 3, OBIECTIV 13",2026-10-03T23:00,"• Str Mihail Sebastian - bl. V85, V86, V 87, V88, V89, V90, V91"
2026-10-01T02:01:25,5,3 Sebastian,6,Oprire ACC,"Lucrări de modernizare pe rețeaua termică primară. Lucrări POIM, LOT 3, OBIECTIV 13",2026-10-03T23:00,"• Int Aurel Ciurea - bl. S41 • Str Maria Cunţan - bl. S40, S42, S43, S44 • Str Samuil Vulcan - bl. S45"
2026-10-01T02:01:25,5,6 Rahova,26,Oprire ACC,"Lucrări de modernizare pe rețeaua termică primară. Lucrări POIM, LOT 3, OBIECTIV 13",2026-10-03T23:00,"• Str Constantin Lecca - bl 66E • Str Pictor Mihail Dan - bl 62, 67 • Şos Sălaj - bl 34, 62A, 62B • Str Malcoci - bl 36, 45, 46 • Str Vasile Dumitrescu - bl 66C • Str Dunavăţ - bl 63, 66D, 45A, 45B, 45C, 70A • Str Teliţa - bl 66A, 66B, 67A, 70, Policlinica Malcoci • Str Frecăţei - bl 35 • Cal Rahovei - bl 44, 44A, 52, 66"
2026-10-01T02:01:25,5,Soldat Croitoru,29,Oprire ACC,"Lucrări de modernizare pe rețeaua termică primară. Lucrări POIM, LOT 3, OBIECTIV 13",2026-10-03T23:00,"• Str Pecineaga - bl.17C, 23, 24 • Str Cap. Preda - bl. 3E, 19, 4 • Str Cap. Ilina - bl. 3B, 3C, 14, 21, 21A, 3D • Str Sold. Vasile Croitoru - bl. 3, 8, 9, 9A, 9B • Str Sold. Ion Cândea - bl. 22, 21B • Str Lt. Ilie Câmpeanu - bl. 2, 18, 18A, 18B, 15, 15A • Str Amurgului - Sectia 19 Politie • Str Slt. Popa - bl. 17, 17A, 17B, 20, 23A REZILIAT 21 – Sc. 1, 2"
2026-10-01T02:01:25,5,2 Petre Ispirescu,12,Oprire ACC,"Lucrări de modernizare pe rețeaua termică primară. Lucrări POIM, LOT 3, OBIECTIV 13",2026-10-03T23:00,"• Str Dumbrava Nouă - bl. P3, P47 • Str Moţoc - bl. P48, P56, P53, P54, P55 • Str Elev Nicolae Popovici - bl. P51, P49, P50 • Str Novaci - bl. P55, P52"
2026-10-01T02:01:25,5,11 Margeanului,31,Oprire ACC,"Lucrări de modernizare pe rețeaua termică primară. Lucrări POIM, LOT 3, OBIECTIV 13",2026-10-03T23:00,"• Str Petre Ispirescu - bl. M137, M138, M140, M198, M198A, M199, M217, M210, M211, M212, M214, M215, M216, M213 • Str Crăişorului - bl. M136, M143A, M143B • Str Cobadin - bl. M200, M201, M202, M209 • Str Dumbrava Nouă - bl. M207, M208A, M2M141, M142, M197, M206,08 • Str Iancu Jianu - bl. M204, M205, M203"
2026-10-01T02:01:25,5,6 Sălaj,8,Oprire ACC,"Lucrări de modernizare pe rețeaua termică primară. Lucrări POIM, LOT 3, OBIECTIV 13",2026-10-03T23:00,"• Str Spătarul Preda - bl. 97A, 129,129A • Cal Ferentari - bl. 126B, 96, 97, 129B • Str Năsăud - bl. 95"
2026-10-01T02:01:25,5,8 Alexandria,11,Oprire ACC,"Lucrări de modernizare pe rețeaua termică primară. Lucrări POIM, LOT 3, OBIECTIV 13",2026-10-03T23:00,"• Str Dobrun - bl. M67 • Şos Alexandria - bl. L8, L9, L10, L11, PC8 • Str Mărgeanului - bl. M68, M69, M70, M71"
2026-10-01T02:01:25,5,2 Ferentari,22,Oprire ACC,"Lucrări de modernizare pe rețeaua termică primară. Lucrări POIM, LOT 3, OBIECTIV 13",2026-10-03T23:00,"• Str Vedea - bl. 82 • Str Tutunari - bl. 76A, 76B, 76C, 76, 90, 90AI, 90AII • Str Prof. Dr. Alexandru Locusteanu - bl. 77A, 77B, 77C, 77D, 80 • Cal Ferentari - bl. 75, 75A, 83, 83A • Str Zamfir Olaru - bl. 81C, 79 • Cal Rahovei - bl. 72, 72A, 73, 81A, 81B"
2026-10-01T02:01:25,5,10 Margeanului,32,Oprire ACC,"Lucrări de modernizare pe rețeaua termică primară. Lucrări POIM, LOT 3, OBIECTIV 13",2026-10-03T23:00,"• Str Crăişorului - bl. M134B, M135A, M135B, M135C • Str Sold. Mihail Ilie - bl. M122B, M123A, M123B, M123C, M127, M128, M129, M130, M131, M132, M132A • Str Dumbrava Nouă - bl. M121, M122A , M133, M134A • Str Bârnova - bl. M115, M116, M117, M118, M119, M120, M120A • Str Mărgeanului - bl. M112, M113, M114, M124, M125, M126"
2026-10-01T02:01:25,5,1 Drumul Sarii,14,Oprire ACC,"Lucrări de modernizare pe rețeaua termică primară. Lucrări POIM, LOT 3, OBIECTIV 13",2026-10-03T23:00,"• Ale Botorani - bl. V44, V50, V57, V49, V51 • Cal 13 Septembrie - bl. V53, V54, V47, V46, V45 • Drm Sării - bl. V58, V60, V55 • Str Năbucului - bl. V59"
2026-10-01T02:01:25,5,Garoafei,14,Oprire ACC,"Lucrări de modernizare pe rețeaua termică primară. Lucrări POIM, LOT 3, OBIECTIV 13",2026-10-03T23:00,"• Ale Costineşti - bl. 1, 2, 3, 4, 5, 6, 7, 8, 9 • Str Pucheni - bl. 2, 3 • Şos Alexandria - bl. 1, 12, imobil"
2026-10-01T02:01:25,5,8 Margeanului,19,Oprire ACC,"Lucrări de modernizare pe rețeaua termică primară. Lucrări POIM, LOT 3, OBIECTIV 13",2026-10-03T23:00,"• Str Topolniţa - bl. M44, M45, M54 • Str Dobrun - bl. M57, M58 • Str Buzoeni - bl. M43, M46, M47, M48, M72, M73, M74 • Str Mărgeanului - bl. M49, M50 • Str Glicinelor - bl. M51, M52, M53, M55, M56"
2026-10-01T02:01:25,5,Nabucului,1,Oprire ACC,"Lucrări de modernizare pe rețeaua termică primară. Lucrări POIM, LOT 3, OBIECTIV 13",2026-10-03T23:00,• Str Năbucului - Liceul Ion Barbu
2026-10-01T02:01:25,5,6 Margeanului,19,Oprire ACC,"Lucrări de modernizare pe rețeaua termică primară. Lucrări POIM, LOT 3, OBIECTIV 13",2026-10-03T23:00,"• Str Cap. Ivan Anghelache - bl. M21, M25, M26, M27 • Str Sold. Ene Modoran - bl. M91, M92, M94 • Str Dumbrava Nouă - bl. M17, M28, M80, M81, M82 • Str Cap. Petre Mişcă - bl. M18, M19, M20, M22 • Str Mărgeanului - bl. M23, M23A, M24"
2026-10-01T02:01:25,5,4 Rahova,35,Oprire ACC,"Lucrări de modernizare pe rețeaua termică primară. Lucrări POIM, LOT 3, OBIECTIV 13",2026-10-03T23:00,"• Str Pecineaga - bl 23A, 23B, 25, 26, 28A, 28C, 29C • Str Cap. Ilina - bl 11B, 13A • Str Vicina - bl 29, 29A, 29B, 32, 33, 37, 38 • Str Oltina - bl 23, 27, 28, 28B • Str Slt. Popa - bl 13B, 13C, 15, 15A, 15B • Str Sg. Scarlat - bl 12 • Cal Rahovei - bl 11, 11A, 11C, 13, 28, 26, 30, 30A, imobil Ioniţă"
2026-10-01T02:01:25,5,Intrarea Drumul Taberei,24,Oprire ACC,"Lucrări de modernizare pe rețeaua termică primară. Lucrări POIM, LOT 3, OBIECTIV 13",2026-10-03T23:00,"• Ale Craioviţa - bl. A30, A50, A51 • Ale Platanului - bl. A29, A31, A32, A43, A44, A45, A46, A47 • Str Mihail Sebastian - bl. A28, A33, A34, A35 • Drm Sării - bl. A40, A41, A42, A48, A49 • Str Lt. col. Constantin Marinescu - bl. A36, A37, A38, A39"
2026-10-01T02:01:25,5,7 Sebastian,20,Oprire ACC,"Lucrări de modernizare pe rețeaua termică primară. Lucrări POIM, LOT 3, OBIECTIV 13",2026-10-03T23:00,"• Str Dumbrava Nouă - bl. S16, S17, S18, S19, S22 • Str Mihail Sebastian - bl. S6, S7, S8, S10, S10A, S11, S12, S13, S14, S20, S21 • Str Novaci - bl. S9, S9A, S15, S23"
2026-10-01T02:01:25,5,Modul Toporaşi,1,Oprire ACC,Revizie tehnică - CTE Progresu,2026-10-01T23:00,• Str Toporaşi - 1
2026-10-01T02:01:25,6,5 Crivina,30,Oprire ACC,Depistare și remediere avarie racord primar,2026-10-02T23:30,"• Str Olăneşti - bl. 38, 43 • Str Fraţilor - bl. 85 • Str Vintilă Mihăilescu - bl. 42A • Str Zboina Neagră - bl. 88 • Str Porumbacu - bl. 33, 30, 35, 34, 87, 86, 31 • Str 9 Mai - bl. 24, 36, 37, 25, 25bis • Str Ceahlăul - bl. 28, 29, 32, 38A, 39,27, 26 sc. 1 • Cal Crângaşi - bl. 42, 26 sc. 2+3, 40, 41, 84, 43A"
2026-10-01T02:01:25,6,7 Crivina,14,Oprire ACC,Depistare și remediere avarie racord primar,2026-10-02T23:30,"• Str 9 Mai - bl. 20A, 23A, 22A, 10A, 11B • Cal Giuleşti - bl. 12A, 13A, 11A, 14A • Cal Crângaşi - bl. 19A, 18A, 16A, 17A, 15"
2026-10-01T02:01:25,6,9 Crivina,25,Oprire ACC,Depistare și remediere avarie racord primar,2026-10-02T23:30,"• Str Nicolae Filimon - bl. 15 sc. 2, 16, 17, 18 • Str George Mihail Zamfirescu - bl. 19A, 22, 22A • Str Ceahlăul - bl. 14, 15 sc. 1, 18, 19 • Cal Crângaşi - bl. 1, 2, 3, 4, 5, 6, 7, 11, 11A, 11B, 12, 13, 20, 21"
2026-10-01T02:01:25,6,9/4,22,Oprire ACC,AVARIE RETEA PRIMARA-LUCREAZA SRP VEST,2026-10-02T23:30,"• Ale Lunca Cernei - Cernei bl D48, D47,M52 • Str Romancierilor - bl.C14 • Str Drumul Taberei - bl M33, M35, M37, M39, M40Bis • Bld Timişoara - bl C13, D44, M50 • Ale Valea Boteni - bl.D46, M51 • Ale Valea Viilor - bl. M34, A53, M36, D49, M38, M40, D50"
