episode_id,incident_id
18585416d145,37d50c675c82
6004b1064415,afdc962f8bdb
7e9b28fe597f,d8fafb65ca7b
f846d19410ae,50c917a628fe
3c32739f29b0,28d10c97fffe
49133f46e592,6c12fa0ec650
5b72f18cc4fb,894953587f6b
64d789e163e3,69454b1d4c26
f9cc63c1bdb6,498be9ef9f17
3ceb7fc656c0,d7f0e9f9a379
1e2ca79d5f83,d7f0e9f9a379
d6ac1eef4924,8954b0b77100
8a40e516fef8,8954b0b77100
b620269d2417,1d10623fdfd1
dd8ec1204a8f,ccd6a9c0cf1f
c15996435da0,7bb29e8bf935
9cf6c087a81f,d60a32dccd05
9cf6c087a81f,c0b039dd03a5
9cf6c087a81f,c24d14e83c26
8e9268931e09,dde45170841f
d76fb399526e,1acff5181fd4
d76fb399526e,619c26ba0b13
d76fb399526e,37b4bd3611ea
d205d21a91ac,d5403609af01
611af47853c6,b1d155c005ea
7bfc31fdf94e,c681ef9b06cf
06333e8bd03a,ab6b378d889c
a9d37e54cc97,2e62db5a547a
14d502acc149,2e62db5a547a
ca10192960a6,69c3f71e47ee
b771937e9cbb,69c3f71e47ee
30de24996ed0,96400e26f8d4
30de24996ed0,9822bbf8a22a
61fd6e6c2d7a,96400e26f8d4
9f7dae667762,0c62bcae24d3
df222cf4fea9,bb901e25f26f
90cd41ca055b,698d77303b84
c7f7c2000384,7d7955038edc
e3d0aa4c39b9,c939fdebe566
f88168fe252a,915df11b62c7
bbf000f74479,7999a7c0f5f0
85d8b4d383b4,ca577f8e82fe
83831f0bbe8b,b618fbf8acd4
e70ccb415803,d0556e938a0b
d8ecea9997a5,5bad6c829825
1c4d37201df2,0fd7bd6d74c6
bad99327bdbf,8a750c292517
72e98f7b25a4,7d7feb51609c
d0763e4894d4,277ccd43c681
35846330dd92,f90fdd94aeff
febcc7c70ea9,800e4a1705f8
7af7ff209f1b,be68b432bcb2
92feeebc0b25,603d36e096a2
66057abcbb92,be79407c6fd1
66057abcbb92,46727f846e56
66057abcbb92,3e8127ba663e
8b15d69a0173,f5f2ba300c7f
8b15d69a0173,8ec975d7de85
6179c7d69435,3de24b49fd3b
5b3ea3bf6b19,9736ac8b3cc4
8a300a2ffb2b,0bee30d4db1b
8a300a2ffb2b,dc696c722a10
85e9db9a5c3b,619c26ba0b13
15a9fec4f12e,a0dbe04bac67
15a9fec4f12e,c5af03e4ca27
73c9dadeaba1,a0dbe04bac67
c022312d8ffa,0400f4bcf805
c022312d8ffa,9a0250a3d284
940b9c1f5fa9,0400f4bcf805
0eb75c85b5fe,3e8a7be6a671
b741aa33e849,b4aaa37f96a4
b741aa33e849,afd996aa0d38
f241db301b51,b4aaa37f96a4
d51bf373d405,aa7f94beef26
d51bf373d405,380350a7eab9
1fd44ba503f3,aa7f94beef26
165436c5a39f,c53157ea33d0
165436c5a39f,6ad309c813ad
b6c348d30642,752c8f01b479
b6c348d30642,94f69d0be6a8
72d443f2725f,752c8f01b479
8d7a188d9140,f4cfb17aea7e
e3eb09002f92,94f83246cfb2
3a795f50dc28,104babeaf822
eb6f115aff60,b9743ad07b2f
2638ba91328a,b7f670409af7
62406eb1fa26,f36bdbede2fb
bca13276b958,504659f2c603
0d9a2e8ae3b6,43a35f8b38d1
ca044886dc7f,925ebf3433fe
7a22d5973d72,210d31768901
30a0f651522c,80974e5d8182
30a0f651522c,db8deb9b84c7
82dcb14f0e5b,cf7acfdf9018
dbc3307d1ad1,d0911a389497
5e431ee663d2,ea3c66ba31f8
5a4987ff0848,5cad9c58c03e
000e056d3c90,83db849585b7
d1d5cc030988,267e53f001c2
8e2850c9cb2e,abfef59653a3
9566ac174efc,967bca63ae80
c054a6863c71,941381cba127
db3e0c6ac0e5,49b54ee0ef6a
49d176f76743,015dd51cc907
cc50c2c0414e,d16ed476fe02
6087e358b3df,9f4c25601d25
64955f43e108,d3dd1f71a1ca
661d0c79a7dd,9e65cc0ce459
8e1a1358aef6,f90652526be7
6c5cfd8cb40f,86d3cc806e3b
f4b26cfd6162,bacb134931da
bcb1ee736112,8d40b72b05b5
49509b2ef454,64aacdf12284
d15dc4427993,05ca34193e5a
032c7d402f3a,e0a682d47256
c365c0d5b0be,208d01fbe249
e939e7b5569f,14230d54f3bb
7a00dede88df,ee4b34b0f79c
bf7341885fdd,66dc71eb9a3e
089765a1d92c,a9bc7d44944f
a442335d7666,df8645ff16e8
5999b234a6d6,3e4ca64c09e9
1f2b3d73d1d9,f5716e9c20b6
41819fdefaff,ad72c1af767d
e2046d8ff00a,a99aefc1a5c2
854202ed7b6a,148655f3bc46
ce00bf436d9a,9526c6e81e12
a22d092a21fb,0916a3c843d2
f3f121431018,6c069dc91b0d
e6e573543dc1,b03344475705
9c8cc89a5afa,fd1ca16d3e54
02d13a5d1991,d509665dbe9e
d3cab0a4c435,793bff3a8dca
2da89f8a24f2,8f5f966719dc
5ffc6d887c92,df141455d292
e15361edbe26,0af57b23ba16
1a314e700757,c50ed9959a3a
e0be5e94ef13,01279d521b44
6018a29cbf14,0505094abc60
c756df4b0c26,0ae1cad6b12f
71cb52a5b04b,7eb488f0d051
0abb11993219,963dbfae17a1
0abb11993219,427759b83ce6
1388ae578758,5bc5c194795f
15fe4b7df824,3cf92dd0bca7
d8e281e90fe5,d09c20c78a91
60d18c6290ad,369bcf3b6807
8cc9dbcc569b,5cb8dc39921f
c455398aed5a,1e52791bdfb2
4f2524aff89f,ab71ff232e1c
5beb8c0ab44a,be14e6f02b21
358579b18abe,332f7103906a
262a235d3f32,9c47b758e93d
45cc990e22a7,30297e093699
0c20e4785532,d7af3803b0f5
7e427aab9a52,45feb59ed61b
9eb317ad8086,e759c725641d
5a312c0c94d7,282355326930
7a9a130e30b3,196800203bba
168db87eaec7,f74ccd540945
338dfd86f513,519537f614e4
47f6f9f0a91a,239164ebf284
1b228121033f,a3c9704d6ae5
421a9d9ae0f6,9d0e3a9891b3
421a9d9ae0f6,64d17023f190
c95c110ef84c,9d0e3a9891b3
28cfe36cc908,ba28a9f91219
024e99cab40c,c4c464d0a35a
024e99cab40c,ebc564694588
82c1f10d68b7,32b5d4a24de8
bf57fced4bd7,61d3746ae2fd
bf57fced4bd7,6d8fdc620f59
de3b68eee3b0,54da4afc1274
de3b68eee3b0,44987267da38
254f9ba88bd2,fced6dee988e
254f9ba88bd2,3dd78984bc1d
be98e59bc557,28a6a2c8d311
9c3b164b1437,2eef67af8d0e
da9e750f69cf,2544e2b2ff5c
c22465eab0a6,19900f7afe84
c22465eab0a6,987ffd59fbb4
9483f000b067,12ffc5528af4
b60cc84a48c7,dc15ef97cc95
c9d7dfd27ce4,406336ece0d2
1ecbca69b5f2,9e4aa000150c
16dfb06083a1,9369228bdaa6
d162532916ed,b0603372f095
d61cf4fe380a,a6f4388d5286
d61cf4fe380a,d81ac71c842f
51bcde91f9d2,a0c0f11888db
51bcde91f9d2,8f31783cb6e4
51bcde91f9d2,67fbce6b9dc8
cbaacc145fcb,5ca9ded5b29a
cbaacc145fcb,946aca74dfe4
fd9891862d0c,3550c3187595
fd9891862d0c,0e3ce61d6663
fd9891862d0c,b6992889ca48
22326b864648,edd204618b55
d4dfddc55d7f,481c70ca0d19
5c091b3ff007,a7b53202bc50
5f3ba257e107,afc00762a8cf
fcc1578b4347,1ac594d768f9
3724761fce68,82bf0e72cf2f
87c15fea12f3,713305274e86
845d93cbdac0,b7aa9bcb0a95
63a548a77cdf,0a5cb63dcc84
cbaeeba26d6c,ffc8ab8eac5b
3b1a8bc6d6f4,496e96476fc4
631da03ccfeb,9f0a7caefa25
26557c262561,e1ad01bda3c6
1827ce7269ef,f84c077cb47e
bcba7356d2f6,71b61f77a796
20c479daa311,ef5c59c0c872
c51528c618d6,93950cb1890b
30af520d7096,727893e603e7
b043739f1225,0bb613bfda98
0a48aa1ec023,ce5b7cc277be
5ec839d31bc8,84014b8e46e6
d10b4811f1b3,eb0dd35ebda1
be38a9561b3c,0a1386acd84e
f4dd5dc6fd44,c8320c45ffe2
1d4c8ff2a08f,c96d64fa6b60
1d4c8ff2a08f,ff7b15fd44e4
1d4c8ff2a08f,a673786e7952
1d4c8ff2a08f,34e1ddbdd111
1044f7451dc3,63f7f91eb5a9
1044f7451dc3,889b1a737cec
1044f7451dc3,a0d2eec9ff5f
1044f7451dc3,ca880f721793
3e90f965c25e,ecdd07325641
3e800ad78b64,1bebaa1dff01
b28939f1e3af,4622a7e7bee3
b28939f1e3af,184515dfd04a
b28939f1e3af,383afd5444e7
58246b793752,5867fd7ff63b
58246b793752,dc5cedb5c3a4
58246b793752,ab1de55d3dbc
fa7722f58b46,f241ac05ad1f
fa576a06fd97,24a31ecf9129
fa576a06fd97,b609579f7e8a
fa576a06fd97,92769caf476a
1444dfa0bf3b,9c1818f204aa
1444dfa0bf3b,c274bc57cd0f
6cec99aad04d,9deb1206a9d4
6cec99aad04d,48976eb335e2
d986548bcc3e,626fc7f85520
d986548bcc3e,dc1ae400452b
d986548bcc3e,fbac8ac8abb0
056ee03061a4,808efce28328
056ee03061a4,16728f551c5f
840507266c98,56ad7fab0038
840507266c98,8cad3f34543e
f00f0786d0bc,f137f29c7df3
f00f0786d0bc,0773b6f72422
38a342c9870b,3897ec289e9a
a5595807911d,34098a758105
82a48547c90d,7f7b7017f5d4
a7ed69e5facb,730022077ade
896c8aed1e6f,30c8e70699f6
7819883c5ef6,c424975dd735
8bffb244cf11,5da472bea12a
94e1f9611d22,d36e19dfe5a0
93a7ce95c17a,8385edf4f383
db7575597aa5,66599ce86ee1
eeb33618c1ce,d6aecdb3f8f9
8b0eac3ea95d,75a8e77212c0
2ca240de0ead,0573f1a3b913
44b2d96ff7b6,8e36d0f83040
999b0421ef7e,70c49141edeb
b2fe0c2002ec,ab0a4d454a80
523767b4e521,3f1fb63277af
f8a6a9e1ffc1,a22eaed33e50
c55776556ba0,b3de29957bcf
6532eabce0f4,00541516e762
42f46d464067,23b448f793cc
276ce8ad8481,9a1cf15815aa
94cccb380fdb,ebcc1cd0ecfa
f85adcceb570,ae99a079c8fc
0a3124a5584a,451d8797acef
a2a1e52027e0,6ceea43bc353
3155a2ebda8e,ddf6f8c1dce0
1dab0a7d6141,9f1cbd0490f6
141c18652a65,9aee9cea34d3
d635c484d9f0,dfe0fec155d0
457e64f0ea40,6e9b722e92e9
54eac6c31a17,4af943f80322
1910200e5ea8,dbd80c012c08
589c88aaca08,9c93489092c7
ee50b0bce2c9,d9e89434afa2
5350b50f4357,f2340c2b7e29
2ea208db45e2,95eb4237457e
dc5b8cb18116,002f4b3bbcc6
756cd149f51d,5e6f216c5799
b848218d25bf,23cd1660cdb1
0e24d6728b48,14b864706db7
d3e9dd7395a5,679de20b43dc
5d6ce182103f,f3f902dcb8ff
57640d6323e2,a90f1935fa7a
94f0a359bf3f,9038c59022b3
845b9bc5ed86,98364701dae2
a7767dc10d1b,36443bc6b7e2
0eaa2cd09273,011b86180ce7
e0ea1a9d827d,1b5518105529
60893d1ea131,b0d3fd45d817
7bb019b8441a,62f1ee3dab76
8f9e81a22cfb,968ea3a96f0b
7a3499d808b8,2402ad65b30e
342c4bc03eea,0d3710d20e92
eca0ebcb5ab1,6974845f9f5c
eca0ebcb5ab1,feb7a0e5f3ec
eca0ebcb5ab1,838fea615057
6b81edae5c72,2d973400ae67
6b81edae5c72,423c4f708177
7bf3b3dab406,84d7c2ac20dd
5eaa0001a5c6,31cdd4e38e57
e5589708e09e,d4a17d603e8e
e5589708e09e,1cf18692d4b4
66d6f3e645e7,a654c129f8bb
61268711a32b,3c1962492424
720780076e2c,009bceec9414
720780076e2c,0eb2decef7ca
720780076e2c,a0cdeb20f4a2
cc3c115e1b73,f7917f9c5394
cc3c115e1b73,39f1a3d38657
cc3c115e1b73,9b2610282a30
fb176add574e,3a2e5db3e64e
fb176add574e,6913dd4fccf3
8b50e46472fb,dee027e7ff5c
8b50e46472fb,6b331a0bb3f2
46c113598a08,83fc10f51953
46c113598a08,9b145578b18f
46c113598a08,2ae801a9f51c
d6aa23ed61d1,3512f90d3dca
d6aa23ed61d1,9e9997e3dcb3
d6aa23ed61d1,5e009f5be72e
fa4fc46c50d2,1b726fc1bffe
fa4fc46c50d2,739a8caca99e
fa4fc46c50d2,493910cabb66
1ed3e09585b3,6b1020e0b1ce
1ed3e09585b3,e750151de828
1ed3e09585b3,f53dfc433b45
abf5d6c6b4ac,81754cc964d3
abf5d6c6b4ac,ff12445bd20f
abf5d6c6b4ac,385461cfbeb4
5a64e172a5b0,1236b8d05508
5a64e172a5b0,305d0b986cc4
5a64e172a5b0,993f93888835
a138612283a1,d00337d0aa82
e729ebeb6458,7dae069e2504
e729ebeb6458,2bdcdf10c069
e729ebeb6458,d047cdd21792
efc283b7ea40,76cf36bfa2e0
efc283b7ea40,64e0b36173ee
ac0c16b2eff2,80d9afb4b090
22209f9ddab7,bd095d44e8ee
b32c9135229a,acd38d4fb484
b32c9135229a,492ddea6f4ec
4c7b8760662a,f51aaaeb5c9d
de92bd997357,b0fde8a12d2d
b075140cafef,4f3e426645f5
b075140cafef,9a8306b6adfe
d55e3052a00f,b9428e677b51
d55e3052a00f,1bb6769f48f8
d55e3052a00f,1ee597a3571d
cb3dd157d07d,7c018bad6d44
cb3dd157d07d,d61b9efb0fd1
cb3dd157d07d,650123639147
4a19e1c9708b,09f43c9a0267
4a19e1c9708b,b40c4716ca5f
7da58223c48a,e531138fdc9b
7da58223c48a,0f559fbf827f
7da58223c48a,9c13ae669e4f
f96aa69568b3,748320b5cab2
f96aa69568b3,84391fa34236
f96aa69568b3,abb0c4d474b1
04717f5181f4,39ad873d8028
04717f5181f4,2c89772b45a5
91c7a70263bd,d67858576e77
5f1fe75501b0,977ef8fcd8c7
5f1fe75501b0,a951c4747722
5f1fe75501b0,2a9103bd1da4
b61218bca34a,7f1c525f0ed1
b61218bca34a,88d9555b20ec
b71e7a3263fe,0326ab5cb265
b71e7a3263fe,ccf3f197694f
46e0b82600b2,0d7737cc48c3
073a03428573,5539bb9ab0f6
073a03428573,4d1f1a9fd2c3
f98c8a6f13d1,d78d91f40c36
f98c8a6f13d1,bbc17c148a7c
b59fcec0cf60,9d6e6996435e
5a780777e978,f3e2aeec69be
5a780777e978,e012a74d6e5e
7d5f59709670,787d0fa969eb
7d5f59709670,37497e5b0227
7d5f59709670,364ee95c432c
1294f651da34,4991e763da61
1294f651da34,339d63eb5857
0d71c021fb8f,7f6b2e198a62
0d71c021fb8f,9b686c5ff144
0d71c021fb8f,aa872e791483
5878a7e6ca1c,df8df9bb14a0
5878a7e6ca1c,d213ba58bf24
5878a7e6ca1c,279ffccd0cf7
f5528f001026,f3a5c1a00481
12025bd66e0f,0baed7368bb3
12025bd66e0f,b58589501b5b
12025bd66e0f,304768c83580
ea9e87534df0,484e60b8b7a3
ea9e87534df0,be8b67bd2290
ea9e87534df0,2469f6d458ae
f894f1cef8bf,e96c084d9d09
f894f1cef8bf,ebd007fa21d7
f894f1cef8bf,da0080164ab6
f894f1cef8bf,9fd7f6aa8c4f
eb65e6b741b6,4b2fcb2a9471
eb65e6b741b6,d763465998b3
21a170edc5dc,58c60caee49f
21a170edc5dc,4cf71ff6adf6
21a170edc5dc,d7d409b2edf5
87f7bd35f144,c15fe52b4272
87f7bd35f144,22a0e9e20cb6
87f7bd35f144,bcef916d645c
9ef15f3b5190,364149c5382e
9ef15f3b5190,2674224753ee
9ef15f3b5190,d5bd98189062
58c870f2fe17,beaab36b261b
58c870f2fe17,6ce280f3d049
58c870f2fe17,cf7244937d60
f48fc8170111,5d2dc4793209
f48fc8170111,099287299d4f
9f91426acf84,c00914a5c688
9f91426acf84,40abe0c3c617
2f58dd179788,71f576fb2142
2f58dd179788,38888165f1a1
f6993ef80f23,4b889d75b056
f6993ef80f23,733796b04ee7
f38328e80053,b9f04bdbd2e8
f38328e80053,b19baf83ec4d
c8b0bcaf6c97,6a020bf05f55
bf45745e63d2,73a4988796c9
bf45745e63d2,7692a97b0864
bf45745e63d2,bb2ba8b52873
8fc7298143ec,05a681da8030
8fc7298143ec,5c0849100ce9
5d89751e2c9d,5e2f4258587b
5d89751e2c9d,cfe873e56b8c
e2e1e3c27d1f,4afa79163ea5
e2e1e3c27d1f,2c2a00b0fc16
c26ec00ccc10,0d9f5b86355f
0b613d5b5b02,5856299a6c7e
b683e916c06e,d7fdf9c41372
4f751c74fd91,e608f478d886
4f751c74fd91,9b56f4f28252
4f751c74fd91,45c5bdb3598b
98086c50defb,ee83e7b654f6
98086c50defb,ccde03bd2347
98086c50defb,97f4c7f5a863
022385b2e40a,040934c21bf4
022385b2e40a,03f14025c56e
b9dcf6e0fc57,6e8aba70a360
5c84cf8423de,12aeb8639c77
5c84cf8423de,d2f1a846e8d3
0d8a2544273f,2eb287d2f28e
0d8a2544273f,f7ebc50622cf
0d8a2544273f,753fdefacedb
fdc0baca1d01,728f7d75ee0c
fdc0baca1d01,0041dace08ae
183543eb0881,f123e5006b11
183543eb0881,f116c82c4e61
d7bf4c767f47,0dd87ff53574
9258e33d3e5c,b19511f4a0a2
a8ece4dba39f,8a946df6ca4d
7bd036bcb92d,836ca151dc47
7ef5d5060000,38f108e072fd
c8cf68b439e4,a84dca84f24f
2f2006cd3acb,d63ba2332025
fa49bc9793ef,413e5f562283
91bd26731c1a,ddad0dfdc5be
21032922b94d,34074c90dd3c
b77564014359,971ca35f84f2
62065350a515,2a70961d7c72
6c0fc8a5e033,1d5ff9f66b37
c7819b81aaf2,734fb293c1a4
dfac86b2103a,61b4eab409b5
2f7f030a413e,2b36e86fc329
ea75299b17f6,771f5d4fe240
32a699d8bc81,e9cd74da16fe
befd2585f057,fc1b53a93460
078ee8bccfed,2766bb92dfe9
621d04732d23,82cab873b988
dc6b62a83721,419794e4fa5f
9f600952bb65,bb847f5f1ad8
021084a8f4f2,9b3ae03b9998
63640dfcf3ce,dd49d2b2324f
a0c177147538,c355e0fd8be3
5d64f7aa132e,181dc6952a91
debf1fb71d76,eaefcceabad3
2df50f75695e,117edaadd76a
948f350f552f,433c68d67244
f67fb0780547,2ec487fd4f11
34b3cd312665,d9107a21ba41
34b3cd312665,efb68804fadf
34b3cd312665,b6902e106dd8
34b3cd312665,bb2a0ffc1db0
34b3cd312665,ac2193fc22e2
1fd6a5a4bcab,bd04612718ee
396f4b11852a,7d005a83b8e0
772221e5c412,63088a177beb
470bba883306,cacd59a4e3f9
0d28b6526086,f24ce07d9ec6
0d28b6526086,8c38521b223b
0d28b6526086,0194afc34db2
efa1b1e1d394,72924025deca
fce088efd1ad,0bd7ae214dd7
bfa4f24aae24,20cb31a46ff4
271da907500b,a51f2a676b14
c8e54210c791,540a2b70c727
a6fd9d49755a,0f82b8600599
2f18ba8a2188,604969e8f6bd
086d452b6d6d,6ad4cbb00079
086d452b6d6d,0123bd818c2a
6ce5c6f8f4c8,0a2f7ac58fc2
88bcc3cfa6f3,967db8aaaebc
88bcc3cfa6f3,ce0bc8737cab
88bcc3cfa6f3,033386d62ed3
7a5e713650be,bbde8c61ab47
aba53b5dd105,6208c6384807
aba53b5dd105,fd5971b782e0
a95db10d9c4a,2347a74c316b
77be7a99c426,75cf3bb3c3ef
aeaa0574c8be,8dce30ca25e5
f65857116237,e5af86aab693
d385c4dc49bf,45a7a6900282
d385c4dc49bf,5faed6391d85
a38cac0592c8,d680017c7ee6
a38cac0592c8,2384934cf826
61619fd14694,0021d01ec403
8d179a7f0411,10f224589e5d
1465cab404e6,aadc81240ffd
2f18e6d9be74,8126fa60574f
7e0ef5dbade2,6d3137e3e1e8
0b863da73308,903d855ec28a
6a784d479256,155d5ee1aa50
210ad67a2976,cc7b9979b986
f38aa4e393cc,3f715cc44dd4
3fd2177bbcf7,8b21c9fcbf48
3f45be91feea,3e7ccf51e7cb
d5ef5308a6c0,bd9fb9d19b9a
ca383ca2ff34,4baad159057b
e4c4c371cb7e,ec5b3f4836bb
05819a674c50,04bf8990fd48
05819a674c50,a22aba53b66c
be198d91103e,cb1c9604e866
60c61cb0cd6c,788d623f8fba
d62210db368d,573893ec0a56
0963e22d9e00,33edd4e32fbe
a33047c5471d,9591893f7ff6
87b667dc08af,58257b529fdd
53a5a87f593e,bbadfb998828
b90826de5648,87249cf71b79
f063b304f7a4,d532fe5b64b1
5cff659fe66f,aa200e890a3a
6d0341b4ca83,b96d0fb983d8
5038a7240f25,0dc7aca0478d
48c1d073a084,644a642d0f60
e872b8e4aff0,cb1600dd0214
9c3c5f555423,5307e4acdd83
7757febd1158,0c899315d94b
6757ef200d62,e035bf75a2f0
7e202aecbd6e,c8444003b5df
7d13129f83d8,ce08dcb68ebc
07094ece363c,5641a889e2ac
07094ece363c,2e26c3baf9dc
5318552f84e9,87f3920451e8
5318552f84e9,afc149f77572
db64c71a0676,d459a08d01ff
719f4142cfdd,ac5b5d83c4d8
e63f21e23ce3,f7b0986624af
f9843d68f17d,692e0d8fafe2
51a90036ee5a,32dd6e9722ed
9bfbe7f503ff,e03d01a2f43b
b03c834954f5,ddaedd61780d
021f39a7a085,777abacd1429
2b6c657528f1,bb62912d0892
8fb05aaeea44,b5b1ac642e71
894827e1ac7d,bb2c90f49fb2
894827e1ac7d,b1b28c5387ad
894827e1ac7d,8bc17c6c1ea5
7efb399ceca7,d0f3542bc56b
7efb399ceca7,a1d8eb8bf8d0
a8bfdae89f26,28bb4b30a33b
a8bfdae89f26,a4cd066540bb
f02198c0e493,227ffd3225d5
fd5efc64b325,e2d815f545a2
fd5efc64b325,224bb39e0c40
fd5efc64b325,a3bc99d80491
fd5efc64b325,76f420b76af9
fca89f534a67,e37e16af9896
19d99e41c4a4,12614675b4b6
bd7ed2e6822c,90a30b2f9d90
93fc2330700f,c5c3e942b95b
39b283e86f12,cfc06b131859
cbdf4de7903b,617bfb1c8ec3
b0691704d4b0,67a805aa61ac
fae0ea1efe3e,28b0bff1952a
f9e993c5025b,644dcd3f8995
a10a03f98f5f,e1322952e2e3
2fe27f9a8f2d,22ba9a8f4db9
b7c67172e1fe,f073cc57245a
fa6a1ada6449,74a244732d8f
4cb59d2a081b,33c3ede7d6d5
2902161dceb5,ce4cf09a7552
2902161dceb5,8da0d403dc1a
2902161dceb5,55cadc25bf74
2902161dceb5,72320c7adb29
2902161dceb5,2982b51e92c9
1b255ab11d3b,4e49367ad590
54419d9b0393,78417940023e
c1378ee36280,36efcef05b23
c35b3b401195,13efc83a5c50
a117d324f27e,3d457bb6a8d6
842c630d0986,89af497b13ca
16029a22b161,69bf53445ee5
46d982b71d82,c2784c53f65d
d174c92711ff,b8a29b9f7480
fec3739622ae,230783151861
fec3739622ae,9ccf3a8725a9
b3027cfb5ef1,ffa0d6b3ff08
b3027cfb5ef1,5ac8a15ccf9b
2c7951986822,afb518dc964d
2c7951986822,a76c72a5b610
2a564b196488,ad26c0aa90c1
2a564b196488,b6e36f9351bd
06e35a47e2a7,c34995394666
4ff8134fdd6f,dfe280680fd9
e7629b028455,cc5be2394399
745a4b8aaf92,e5b97fd42c4a
745a4b8aaf92,dd657cdf3d3a
6ec0e39766e0,020baba231b7
fcb518ebc9ae,99e2b9cb9624
a32b2d804ed0,8c4c79a57674
5e3870ec2341,12b71473059d
512d6aa14570,10455d36a023
2c190d391dd2,ac16a793b351
562a3bfc8134,34e342c5feac
5c0f08b82131,353de0934e8e
25541e16c916,e11e7a107444
a02d272d1e7d,31b3d6a0f092
31b2445cdac8,3eaf539d3932
e878661d8f69,a5f4539ade4e
f881d1bc850e,b930c77d487d
ed4abed8dcaa,fbcca05ebd75
45369cfa94a5,a96d694afd74
8c19911989e7,cb86560b1516
687ddd961f3c,e99809b99ef2
5bf7ca62a5c0,e16221f9aa67
780d8f7986fb,3882470a9816
780d8f7986fb,d7d8f5533726
da9ecf26f0bb,99582cda6e1c
ac9b15855eb8,5f93087efede
ee5993c53301,28907a76a5a4
f17ebb4dfc98,59f9d2919712
d0a8e013d740,057a1d02fe8d
d0a8e013d740,e443c6743271
e7c78deb7b2b,75d8ea2c5f1a
b5d0859e7793,fdc44935b0de
96e53e693928,41461b155828
96e53e693928,d97cbd7a2f52
497faf931ff4,ae12464bfb45
497faf931ff4,d26adbfa8c45
a9fe3b20f7d7,2e982bc750ed
a9fe3b20f7d7,b6a38c929796
a9fe3b20f7d7,74d6221eda50
d90e9be869ad,a4c09d47dcdb
d90e9be869ad,eab19186b4c6
d90e9be869ad,d3dc7e9cee70
f3d2179e7d57,2eda4cb2276c
f3d2179e7d57,9ef4631f221a
0ec27f0693a5,c0c4e43da84a
0ec27f0693a5,15739d811d63
35126e348ff3,b9decac6b7c8
35126e348ff3,4d74a38fe6ba
546d7fb4d85a,c20f304913ec
546d7fb4d85a,f8bd7b0579e4
d2f9864d3e8f,1cabeb80de3f
1d154a47b547,d736967531bb
aee749469c9d,86d186f95636
0fa7663f1fda,3e92e1efa6d6
7177edcc7981,726eab2d47f4
d4866ac0b64d,7978eec91687
d4866ac0b64d,4f3c4dc3ae5c
09840fbb01e6,9e60f65fafe7
8b6a52acd38c,d869b9c6976a
8b6a52acd38c,3f89e1009a75
1855aab701d3,d55a069e82aa
0ccf011a9785,ca03c4c7ac51
0ccf011a9785,639804ff0a67
9a7c8a986f7d,5a08b7b27aa4
9a7c8a986f7d,91524d3205a2
21f13bb15820,487b9af2407e
ef0059d213fc,227bf234a40a
ef0059d213fc,9b6edc55b7ae
ef0059d213fc,9586d880bef2
93e7162f5cad,9c3a5e22d135
75c966747c5e,ba5ada0e3710
65a14fe7ed4a,b195f79e6fa3
34ee13757665,e668cd420aeb
5ddf45e624b7,b247d8b05612
521fb603fdf5,e3299365b6fb
803e29c415b0,fd68c536018e
5370406f7a12,e0feca6ccb5b
afa5230118f2,478dd0d60788
2b40dd5e221a,b6e26f8915b5
eb98db394965,e10d8b0082e3
eb98db394965,326bb353ca01
7e5920444c1b,0b0d8747a1d8
392db1f6995e,2321c0fb42ff
4057f3b7612a,4bac2dcb83cb
3abaa8dfb0ac,04974ac8493c
793424209f90,7498fe6187f3
355044673df3,d154f0aa45d6
822a8321e830,c592f7bc032b
1fe9c3cf90ab,0125ef86b3c1
2a0d83eb524d,dae9dd62fa1c
1d79f726b141,782065f5d8d7
a9a72e4a692e,f2d7acfe967a
abb3fc677a7f,8278763bd3f7
a9394548262a,0175d6c50c93
8f410cf0107a,1c42e9bdb49f
a71ba36f30cd,f05d0df6626a
ac82c57903ad,03470db319ed
75372b550ed5,c89898c6f1fe
14243387ab86,4ffdfafc6ca1
6c06e03350af,42a47b78beb7
4331e57e2a0e,0c51709d029a
620c87ba03a3,d72a5a6f7af7
1a51860540d3,a8389f9af426
3b146f7e6fa5,4e6301cf4ded
d90d63d363bc,2315f850229d
8fb796d4893e,4aac0ba16940
ef3dc6c989bf,2fa207b032ee
c74c79f51d9a,f0f01f9d1ebb
68fc262d1d85,8467386f5e22
bf3201899361,41fd3c725727
d013a7f443b0,4522e5044aeb
be96218ecef0,1cfb7080b74e
af85a56e3692,939319fb4b6d
cd1e781b7caa,90b820a1ab0d
9c48b3a8ce33,c5db8b796b59
ed857974913e,246a950f7ba4
aa2ad298e5fa,ddafcd1c089f
f9c5a72e4c0f,cc6f5909760e
226c0f73f227,5a25cc1a45f0
596c08990872,7993bf07aba1
060a1bda1685,bb7064ee55b6
24cf96f3d91f,b15773ea89e0
c3e192209526,379aea06e922
2841c2c368ca,624b6dfcd9cd
f93e66841936,2a25dd7b9e7c
b26b80cc8beb,0f76fb46b918
7f9864b06812,d685186e6598
a73e0a7b8098,64ef131c557f
4b80ef699f52,b1965f772a02
6b649e872e12,f8ac0f29d1ba
92fb665392a0,9d3c2834b61e
c71b8ebb4bc2,64ad5e3777fe
67fac3ba2d40,1f2a75d0ea58
5b3cdafb363f,2dd2157862b4
c59cce2b7b87,face5bc22b10
ad1b7c30ee60,23cde89b9b8e
0b13dae57025,127788768289
e22903f9eb3b,c023bc3e5447
adc933b3ef99,39fb82eaa316
bb9ea7adf83d,cc669f3d8dfb
4584b989ee53,fe942aa46123
07a9d337f2f1,607bc5148450
9bcffa967b1b,1d6c8cdd7105
612c06ae6d62,3445a386c284
0498849bbc7f,144ad0d64b93
17c9c09319a0,42b4fe4d065e
17c9c09319a0,102b52bec1ac
17c9c09319a0,376ce167c137
17c9c09319a0,00af41c9ed6c
bd66ed450cda,8cb03c6d15a2
bd66ed450cda,002ef2f3a073
bd66ed450cda,f88e900181e3
3c7119feb049,a9942c870f54
47fe620fd321,e09f6f81fca9
47fe620fd321,9958690d68b6
47fe620fd321,a9dac71815ad
be2bcc64037d,f672477ad10a
6d01b6cd2742,c6bfb1103050
6996de3be854,c7b256be505e
091551441a51,9e7ccef6805f
a4455cc06cb4,bfda842c16ef
39f026275d85,f68e1123e60f
ee03dd774609,7935be0d155b
f607f937c8e3,9edd383652ea
6ff26e97f450,f157aa5c7258
01a457ffa2af,8bd7c618f789
9792bdcd667c,4dd4d4cc4556
7e6dcc025161,9956ad8ba9f9
d4b530c14f7f,2937a7afd92e
9c08294ebaef,97e2c3dc4578
3e578545f0e7,e75404c12b06
f5fa8a5cfca9,8c110b79177e
3094ad908dc8,6be839dc1649
36e7af855d4f,75e4c25d739d
06e594bdac46,c3e9a6588827
49999e00a7c7,6ba0723be822
db08b848f5ee,84d289f725d8
a3ea0e5d8c78,5b165a329679
d118957d811e,d28ec07ecfc3
7b8c81fbe668,d7dd1059a7b9
af142b58cf63,89fbd2f77f5d
3bcc38add6d3,0d23ae580120
e5c7fb2f9368,cd95d22657f1
2f000ce9386b,c8f1f0f5d0c8
9aff62bd3114,70c19cecbe7c
4bb952a7c590,5ce2510379fa
812b1fc33fd3,b9c5f2411c4f
e8b941da0951,0c49c1b02462
a189a4ab6902,f520bc8dd94a
1371a57a2364,b934b39850a4
3e6f47de3d1b,eb4aa3ce12c5
147150b1dbe7,b9e2d06ab393
942bddac6857,ddc9c8416ed0
c2bf0bca82f4,f314b62388a3
c2bf0bca82f4,85126b8bc4bb
b427cbd43993,1fec0958a1e2
ec351b31c67e,3dcab77e05b9
f6e680a8ef75,fc8fc288afaa
ffe5530ed06f,b5d51444b011
01771c6d4900,6555405dfe67
8936196d75a7,5cd042b4d588
8a9a398c1664,5f6e345fdb03
e47b983a2089,dea8bf0e2175
ef744f75bf19,ffa259b56c1b
f3afac713642,e531247add3e
f3afac713642,ce1e5d3790ed
8d26bf7fd4fd,bec6171ca2d1
0bd14c1d9e0b,8ae8b6e21fa0
6e37c0decc5a,313268bede0d
0683bf5f5b1c,79258c69b335
2c9938f16cc2,c3e35f93edd6
56ec944dc49a,a250571f08c5
e992576557d7,635563fec9c6
e992576557d7,7d58100d27f9
31c8a5b9f221,d81baf8f3e65
ecdc6ef88555,6b7d6c863a10
ecdc6ef88555,b6fe49f7c760
8c4bc24c24f4,57afe5baaa1f
879aa91262e6,2e36906a9ce0
b0937a5cc050,d731d51de6d0
269b072f2ef7,db7d3ace720b
269b072f2ef7,56debc5c7476
e8960197fb3f,d972589072fe
e8960197fb3f,035d9b9d8cd4
6becc6334bce,d23e2a090fe0
ee15746f22a1,9c5eaeaceb0e
bf4add5dabb7,db7e5b181aba
6cfa0d82e7d4,dc0fa2819b36
6cfa0d82e7d4,b9d21ffd72bc
2fb1c22ffbf7,18bd7c4f88b9
2fb1c22ffbf7,b16ef2b5396c
15959b09bd0e,751e3bbc35b2
1349655c6128,588f687566c7
a2239799b610,f87f2e682fd7
d5fb26bb2f86,7ed4e3ba9f35
d5fb26bb2f86,1c011cc73a0a
65f017bc81fd,3d96d660e4bf
65f017bc81fd,9717e503ea31
fe73fdb3c513,1762b95e2b78
b84627e7e0a3,d38d29fe16b3
9ddf3f867750,d7784f5ee736
083ef7d8ab8f,2bf64ea01c51
083ef7d8ab8f,05e1b5772fd6
40d177419ae1,00a3f23d23c9
aa3901977b8c,ef22b492006a
770d1ac85b58,78a5a9f06387
770d1ac85b58,b76018053f9b
4e36158f2747,b1adea520392
884377784ffa,eeaac7c72b01
9c894df840e1,d519cce01565
bd4c3813683a,2d2c51d00694
8bc2a84c8189,095899c1c268
1042eadeb80c,e044c54a0025
1042eadeb80c,5975e00e4274
d74d572667ff,ec581783c5ad
743022115788,da59c96e747c
94b2bcf6608e,69109b9fc481
eb52f70c572d,8f94735fba32
10a28bc1b027,a629bf580271
0de58145a4ab,f5b39ac647d1
9d7c5aa10903,69d9199e64ac
054e6d72d2df,f995affe0edf
2d52fca6d146,283f837e090b
d3c733c5518d,e3f23a3ba1e6
475e5d3edaff,8caa6eb50f85
96186d219a6f,cc544030aebd
e535b89d06e5,d0f9fcd0aad7
89f46cb6b8e0,27fe127f2aa8
3c87ec792f84,258e824ac606
732484116131,20a8fd693c3f
7f2eb823b494,015994a04574
afcd14c54e14,4b3d2da80395
f6baed22026b,9879b325d47d
8fb70da354ef,3d1f06992c20
7dfd720d8c75,1b0208b06772
859ffa862e97,fbea1b809d2e
1e090d6df1c7,f02a9a76331d
436f428802f3,7e3737f9c718
43c67ec39eb8,67171e8c88a4
b532c09b86fb,e497f126a270
6f396df3469d,25637fe79eca
ac7fe1687c6a,db87155f2fcc
a78b3d78895c,68ff54a4b6b5
674af441103a,ba9cacd33ea3
a7b0c3ab80d1,803e0bd4cb0b
a7b0c3ab80d1,b3b76842137c
a7b0c3ab80d1,e29b85a45dbe
a7b0c3ab80d1,23a7225cc0e3
a7b0c3ab80d1,20c972de4830
91302a709499,97c875766815
2c0466477a02,4a8c31ed06c3
a1d53a13ac6b,882c84f48d47
3c760497d4f7,c282b4862788
29f49c0ba45a,d2c819906948
2ef9da33d563,9839ce6cbc7a
0c615173432e,385c1a351415
7386315a60b9,721940ebead6
f8c1edc221db,ef38c62aa182
e7be79be48ea,ae476a2d875f
44e0d0596db3,f27aaf196c6e
a1505e858f80,2c29d6831fac
72ce1b587df9,4cb15be2928f
9009f980670f,53866b3aad94
8525410aed45,db4c8aecbb28
812ce840dace,5ba95b274091
1eff6ce71fd4,f1bbbeb9fe86
99183138e0da,d50c0d0aa4e1
7b8c35e72f73,b64a029af40c
c9c9c605da47,c1d55ba29e3b
aca4269440fd,1a6c8cdd69e9
a265d77a48e6,ea7dee196675
b630ae419e09,5087fef10b59
242fbdf9cb87,2ae61460761b
70b1d3dabcc8,443db037d474
42abb87d74c3,d0012d01cd03
cf77979adce3,4f1293b81a62
ce87cd2023af,2226a4390f8d
52b82b7daa12,90273c53fda4
02197f2fe7d8,53d3eef8104c
ae02b4497ef2,724b693c572a
d6429ada78ed,dab62f2d484a
9a8df6cf2386,f9ef51d3dcd4
54a223c080e8,da32b884daab
c3c4a73869cc,ee61009c8712
2c58cad3ea16,5a07f1e08f6c
c1de4da06dba,c0516b9b06df
c042d5009910,b1a5b06b885a
d05c751ec5e1,cf1654f1353f
945dea6ab01a,2301f2f731a9
70e2a06cce7e,890e7ab91beb
715efbe7b34b,5db7801504d8
35565bba0810,25cff1f111c9
9b17d060771c,aad95eed574b
3c2c6459256d,0930574edc8a
34fa859dd3ab,c37084de1144
d326484ca02e,d7561d1c98c9
a6bc27190219,93dbad138c14
d3b19ad27a9e,b4902dfba4e4
a4761a8e3870,d834455fb7fd
b39d7c2de264,d71420e2b0d8
b8a79078e743,2e4715d14468
d8a607ad3f20,ac07e194b943
10059487d6cb,03f396e8b0c4
639cd932b53e,4f656e7d5370
0cfdf5cd0ec3,2a0a1d735add
5fb1fd4d2463,226fe2129a19
285237af8294,8cf728474191
536b5a67d18a,d1620a5ce80b
bbe3425211ef,0d4e72d58234
491eed57314b,08cb6fb1706c
7fa4ed7d397e,bfb42ea3be0a
d98ad814bbd5,469ef88d775b
00bbcba277f0,fe74c912fab6
5238f7fe42f9,f981b43ff4c2
3a055bb34d27,19bfd9c85bf0
de0030b449e3,f6085657e823
15497f7d6601,59ed3b6b2f67
ffc4a01acebc,0092487bde07
9ade556ef56a,09d11d218913
bb34f1abf890,23fc5c44477e
37ce27742701,f4795e8b37c1
ac3a5153eaf9,e457bd3c2e87
065b4238da0b,da9b4a2e2d2a
edcfba9098d8,6cb53904933b
a28480ab2230,a12dfde59c81
49d8a7dbf256,71729b002df8
05e2b7383a86,616c41e35831
4d78e1472497,a1f7b6aeb5c6
757333c8b26b,81eb56943b4c
31c4ffc102db,f45cd11f4c0b
31c4ffc102db,426b99de8145
08bbc1af1a02,ef9c8f3146af
08bbc1af1a02,2aca7a55876c
6a3f8f21bf42,91b6a7acc76f
e5c0ae1167b1,ccd2de0fad60
096ef0e40ec8,1f9eab6c6a89
a3f512f470d3,ad2c39d21379
e82993469b44,5d46bcc2fbe8
204fbed85c7d,162a21ae0b22
f3107f07410e,017ea5f07560
17cf9ecd8b76,8a349f2ab849
e973687e0ece,167bd4364240
fbb8e26ca39a,d8c670b14cc8
fbb8e26ca39a,aa505334eb37
b62490f2638e,8859932d1cab
b62490f2638e,eaa6c1f4c6e8
7e5fb6037f4d,f4725e5e44eb
d81a210b3d15,001f92336455
911e63feae59,e1eee6f4516e
1d5343a89ce6,71c4f63098a0
7a0db1369394,df491cef06e7
ff4ef55c8741,36cf7cdbdae8
ff4ef55c8741,f49c524bd2d0
2d18d6800d43,f6c17728d516
0ef297ce40cc,7dee2c4f69ab
249d6f3305bc,d7c2a374a966
249d6f3305bc,be5bb4d6ee90
27aea1a97cc5,60ada69094da
52d0424961bc,de85a9f5bafc
e8bfc6f67ff9,49ecdad4443c
caf57745ff38,aa17892ef785
a08bd3cd5ef2,1501f70f22a0
8ff9d88eefac,561208ab7006
8ff9d88eefac,fb45a908f0cb
8ff9d88eefac,0d6285561360
43889e54d149,44ee44272765
43889e54d149,89bc2010a1ea
b99d7a3218c6,4af601872016
b99d7a3218c6,d5876e5fa07d
6fbbec636ab9,c088dabf0397
6fbbec636ab9,7062f05f8fb3
1a5789a7d3df,85b7c7364520
1a5789a7d3df,1c38993ba8d0
d882dd1ae0f8,1f54564e4ada
918eccf03869,2205cd8ade57
3ebbb68ecaf7,21094cd70c59
aee7dd9f10ba,8452af46ced3
0353a0489f3f,cb698f0416f6
0c5e85380d6f,8ac91147e187
128cb0390754,3c461bbca97a
f108a4bfcf0d,5c4f729b739c
4b3daa610243,fbd1d1681ce3
17c7afe6697a,32559346c8b9
17c7afe6697a,f06c0932809c
58e1f3594eaa,731ca2cd87ce
e8f6c49fe7be,9fa3e2f2297d
a87ee81a96c3,a85fd6b18228
5b154b0bd73e,18cbae2cc3e3
b62b0a0dd6d9,b06c5e1590ca
b23d17648fb3,0e7f896204ad
5f249fc363bf,0e7f896204ad
0ca78f15acdc,9807b350d095
cae4929c1cad,f3bd1df353f2
37b251e8baff,92847cd65c1b
4d362d7e4b4d,1b0ca76cdfd4
4d362d7e4b4d,ccbf59b0d812
4d362d7e4b4d,fd99662fc01c
849fb23e1e6f,50822d3484b7
22c75ac7d3b7,b59afa20ede3
22c75ac7d3b7,d1bac5719f8a
0457d9764472,57bb40f696a6
baed2a384dfc,97b26b689594
3dfa9b3a9d30,c97847526d67
410fa9893bfb,75b2d53e33f6
189098839d86,a86974ce87a1
848dd0ff64a3,b4ff32d779a1
2ac6297b6e4d,7779374c2e45
da2b750ad27a,346beee9eb27
1f4c0e553ce6,6fe7bcb8a62a
e923f60a7e77,ecbf591cd171
98d25e713bd4,fc8d1cac4a10
6dd993470e0e,da8548e5167d
858774b14206,d7a12fbb2d3d
52fec3e865bf,75bbb4d571aa
916cada6e54d,87617dd6f490
2859d5b9bb93,1fabbe400a05
9a7dd5ad276d,f83b45333b46
81bed27629fa,2c995b9f913e
a7e7ab9221cc,813fc69ab5d4
df7ff472d84c,7142e73f031f
4d514f7225d7,bdc75ec97365
4d514f7225d7,d0092ce62b6f
ae28592f6ea4,8b9ba93805e4
3622ef7607cd,de2ba3739827
a7f9c1cb6deb,991e938205a8
3fd3244a3d08,357113afc45a
4afefa8fc03e,ea5bcb501f07
161a2c4875c8,cdd2692d314f
161a2c4875c8,26c143e103ef
3339e2af7fd5,b380287307bb
796d86a4c015,0d0c49480bd7
8896da95b628,5042bdebb2e0
951ba515a04d,abcd7bfa088d
f866416d5e26,7da080a7af03
f866416d5e26,9a4c4041177b
f866416d5e26,c42a02e133e4
f866416d5e26,0cad68fe3a4e
c388d79b3d17,0ebb615a1dba
c388d79b3d17,18375d50d823
7c6bdbf7cf9a,5b2cd8240b1f
7c6bdbf7cf9a,044b775afc33
7c6bdbf7cf9a,42c4421755fc
7c6bdbf7cf9a,62c476d2b82a
aa93704eb805,d67701ab1b50
aa93704eb805,5cbdbd1f26dd
aa93704eb805,6b19d191e73e
22d4243512de,0868c95568f9
22d4243512de,7c45a0b7de01
22d4243512de,a2587f981209
22d4243512de,5e26db5fb690
5287f18f728b,869e82b794ed
5287f18f728b,c0044148951d
5287f18f728b,346d183dcb29
5287f18f728b,ebb6bf23f093
43812207c784,8e5395e84e4a
4c8cf4e32f11,9e31af0e184b
dd8d55fb5c1b,dc4ee0d88bf4
7789562ff403,9601dc2d13f0
8c6634adf269,847aa19d6b23
8b8d68f68591,935eb44c4f43
71b81e5c1649,bf1ddda61d95
b86b7483646e,417a5576575b
9a07c2e2d5fa,2e060736a6a5
9a07c2e2d5fa,f25e69e25dab
ca796f8dc962,6bb726fcab00
47be6084c9fb,db4867991af6
e41eaf77e3d7,e3bef2d2f883
9ee40df37184,93e1c6b6f867
e62ab5f524e2,a4a5d7d1bf05
e62ab5f524e2,31c3a0794208
9f22c5d2c5de,1594f6cab16d
b7a48bd967aa,2171af5dcc14
31fe388063c4,058864ec2b7d
286766866025,e99719934dd1
a42f1d5a2ab2,4b9c07904a98
62cc6acfd171,4498fd335df4
00dfa5609311,832a7c12d0cd
e067dc6b191b,7f87f1b437aa
a59d7f2d4328,bc7fb7e63aa4
110a950599e9,d3eaf746e3cf
91fe049fa889,23b09c4dba6e
62ee9eb9879b,989220593cfc
f1878729c906,63780775a865
5fbe9f8de850,6780f73d6711
f0b01016ffa5,4c8e7ac6e5c0
4deb33bbdf2c,abae52619f00
49ce2fccf0dd,cd29c5feee0a
55b8dadb876d,36ac79e38c54
a586e3ccbe13,7e5176246b6c
8da15e0764d7,1702cb8963bd
e00276974109,75c0de1dafd0
d10cb0a9044f,9411bf33cda6
b2f87bfdba44,51bcc8b8fcc7
6fd2a8618278,e0e0b7aea6e3
8ea20a39d279,9c8f4adba8c6
e65da496ef38,5a7d215d1357
fc16be7cb831,0b31df298230
d19f170a4e38,66f0d96cdb2b
d33d5f9755d1,289636ecb3c3
f95a0c0a15c5,7315adb7f4b0
59741edf230e,6f0190d29289
14572032e534,c197d6afdb02
14572032e534,b0accb925eb7
14572032e534,ce5c0cdd4377
21ed03bc7e38,63ba9518d1d7
36af93ab2eb9,80ccb637a023
ee6738d8c9ed,b13811dc8ae1
f36591b06aeb,ed49a40d59c9
b43faca45dc2,b4415fbee1df
466ce870ae2e,cbf36b89e0a8
da9a59f2634f,1533bd24a7d0
5725693e9bb4,e5abeb661885
88dd75520412,ccb626df7f1a
d3c12aee0f34,0b1e7dcd3134
2672191d7bcf,86ca8a6a70d6
790b6ac543ba,070e8701df80
88c56fed328a,a0800ed59bc9
70a2879e536c,03b3ad3670bb
5dae0e49f6f1,e092541c96d8
8a85d3ced9a6,03abe86c9fa5
22e5c4f46cd9,5dd4db26703c
e225baac1726,a92d662b80b3
2aade679adfd,4c227aa01096
42c62765bb79,945e69703655
d15b64a8b751,085fce9ddac8
2f3792665e15,fb033269b385
61a7354dfbac,8326c60a074e
68982f0ce9f4,eb68766a0b8e
b612ed11a5cf,1299fb173cad
18c3b6da1611,07f68a06e4ee
55daac4e8f5e,e184fdeb8c85
6bd77f768721,15dab1892921
f61409cec431,2d882b5d69b1
530fae16cf07,4b3582eb96fa
705542c38a91,2b2f7f417dc1
467aec78b840,a579ec8c89d1
937bea89efa2,f93901023dd1
b69697a45d21,8e6e64e1e8a2
078b1b2a7219,37a3f1690add
bb0306418ae3,726bc81d9b25
3c3ceb81b680,a133ce038b0c
452bc064d202,b2559f8dc27e
fa9aa23cc518,f9fe48c85463
d913ccdc1ded,2243bbb874b0
3654bccd424c,a9c2318b6653
5b802dcb19a2,f25f293f9008
185de0242887,d8d1391afaab
c570091bd6ea,3ab151d2e678
810931a2812e,25c56f1e7875
810931a2812e,8ff09d2da3b9
935b0eefdb09,f43f4253d3e4
552e7b2b3bd1,3669c42a277f
9674818a66bf,9b946ddf584a
c87c03f56e19,437fd4f9b0e1
6ba7591eccc9,29ce6a03ed5c
3b53a0377713,809fa0fe23ac
a5e542bb3c4d,6b4184b4ca79
d9c8c34415e7,31036608c914
847b63fa56fa,e7a66119d38e
9252113397b7,69cda1754c46
cfa49b1f4388,f9506c4182aa
e2c9aea1adf3,1c3e50f09463
0cbbca305241,a46e7c616310
0cbbca305241,006ed935dda2
0bd6abcd16cd,7045261497c6
4efd9105d6d9,a654f7949b99
16025611d5ae,6dae17a6e792
d68acd15e35a,f5e960d488b9
bce5d8185171,f9d2c45bdfa1
bce5d8185171,60c1a6300f77
e318f483493f,22577dfcf5ef
f2fb5643ea4a,f95f08bb6f81
41a4cba7b77d,31e43e6c70c3
9885c6728048,b1e49a1090b6
8e6f91d46aea,1d27a3be51be
ecb210fa12b5,b6ff3b43fd78
b2407df07f4c,22ef74f5443e
40c86635f7dc,1bd8368ab8ee
dd46ea16cdec,0dd1dda83649
03e668f39398,90c1c4257012
5bf78c9c8727,7a1938f870ae
5fce06a6a455,9c68d826e542
d2c1adb7b065,330d6a6ea119
6dd7c688642e,009e607db92b
c00e45e1f6f6,65a9aea6a335
c00e45e1f6f6,06e208bfa940
6d645cf31967,6f19a14ddb27
38bf1ea58fe0,5321cbc08595
9ae6b9fa624c,ee05f80e7e78
e409f105758c,5b8e11435151
e409f105758c,9c1f0ee0059c
a32cf2d55ce9,fe58e978eabe
ce58ce36cb8d,2dd1efd48665
fcb0ae47efcc,84975d2d02e5
fcb0ae47efcc,dd6576e26383
fcb0ae47efcc,5b7a8d9f1418
4e2e99ef993b,ab406af9b4f1
473f454a8b8b,3c29172a8040
8c76ec6325ed,b4f62a8feb0f
c0cbb6181bbe,06da05c3d9bb
6d92373d5161,1b8ad841b039
5f84969be12f,0a137666b9b3
30752d594ee0,a83b94d765d9
30752d594ee0,2cf4346508a9
70cff0af9b10,ba1e6b01b059
266ce92f422d,8e52b055ca77
52eae4952fc3,6b8422efc9d9
aa6fd8b9e0bb,6a77e2547b74
0b74b5171e69,ed262ac1b07a
18689196a9f8,20211a2bde95
baf8483fbbb9,7c58926cc5b3
41918922b835,8632a6f5a3bd
15773303e754,88b502294004
dfa100eaa7fe,d1943de92e76
806f35a32a95,4d9a7fa25cec
f25e4c7977bd,c9903cb9a09c
cef4f5445e1b,9e757c1fa197
58281c2469bd,2f4df7e673b1
ea37f73e5447,ab75082dda51
031721beb636,0451deebd853
87e322b670f1,44e934f67df7
78844582c22a,ee23e544079b
f71601d6b7d1,aa1421ecff31
b57bb3ba29fa,57ca42d69326
d48aad2859c0,681eb75970ea
0d2cb6a52fb9,d652ff9aa723
4c3c8b05c29e,1924d56bb6c5
a13c9f261e3a,16f4832ae7c3
5f54ace7bed5,319399b51ff7
253ec284f704,fd37ea3d2dfc
0d91056a9de5,381bbb4217dc
9363b2bc3776,913e1d6164c0
52985c0a1bdf,3499cf422e4c
21fd5dc55e56,07ee8bce0886
ef9d90e9c832,53d97e5df7be
2826a1102540,502a4ee2ae67
9196b4cbd0b1,92df8f552eab
92591dcfb539,961df06296f1
f08fe1602d55,0d7f93b9ea83
a690e6fed383,4cac120ab4c9
b4e457f40e14,098fac5d6674
b44da6cb7f03,4ea51510338e
1e5c302cd4fb,a20fd4ee9fc1
dba457a528e7,38c43561c12a
36f9349e9d76,8d1aba12945c
7767a281b4e1,f24847b2eda4
8f528d4ee60d,205503442d90
731145379949,14eea63a4af1
a91b238440cd,ff667fb798f5
f2dcdaab6726,6ed5f267758a
aaba4c3cbcea,966b87a5aeea
a023a59a2865,b62dd43ce4de
a023a59a2865,a2b1c241973a
cc2371eb5015,b606e493adfe
3b3f62967b7c,5edb9415cb3a
98bc29d92a58,5f473025afd0
668ddbab138c,4d2b4196e91e
986653e84b83,f5ca268475c7
986653e84b83,750b653f35e2
1e42050eaf00,20fe76888e27
57a39745f908,27cb8f5f7bb4
ae233eb7f6f4,ead2f3c781dc
8fde0b4d770c,f4e65c5b439b
623d88841e02,dc64cecce505
93b500c1ce68,a4400736a100
a3565101df3a,5cf40a96c13e
6677eb8377ef,ddbcfa880108
db0402a52f18,37172ec41cf0
ef7d828378d0,9a5fd6f4e752
52dce9c4bcb2,fb7f2e71b79d
80b879d12a27,eaa66247fc4b
0e61ff340ef0,01ee34b4ab12
9d7050b7b429,ed7b2d9f9a68
26c688785c51,64424db49dfd
f79effd94f9f,6f0c0147b87a
1f081f40f91d,e99f9e21837b
f27a3863a8c5,99924ceea56a
5ac7683f5a62,49b8a54ecc6f
474109f7980c,b8b539b3ad73
f0545560db01,e96561a5e155
ec4c18dae6e5,9e0e548becc8
3e61ea751235,54dc2548ba3c
d8ba0b4e0c70,d6d1a7282dcb
4a0a934631a4,fef5757ad903
3a0aa860b232,d1c3c017abfa
70f135e29b35,7fd1510d4b3d
39b459745b5a,79915320b3d5
2b6e707e6f3c,139f028add4f
024749df2fbe,d004a18db29e
8c609b272034,fbef629bec0a
37a9b3f86f89,af51da6ef0f9
006558ab32a8,1f1e3052850f
006558ab32a8,7427f7638fc9
bf4334606d02,8bf2b18afa35
f1f4e23871eb,4bb86d14dcdb
c0c3e30e30d0,587c42cc434f
0c2b76a54a77,0a86280fddf2
e107b553c356,fed0539a14f3
fa9ee1f0c235,39cf30b13143
90ceba2044fb,8224ee53abed
a983ae05687f,d017a4ca2ab2
f8097bbb264e,05ab0473557f
54b35bbafbcd,8bffdae887c9
311a7874a936,c64e3749573c
f00866d84d86,ee05b3c79345
a12f5aadf2d7,6c4e2ac2046e
f448b5fe15fd,22a0743a13b2
f002cad6349e,498fc3c2e0cc
1a53f6647fb5,d63f6b6907ab
53f275131ddb,778a8ff9462b
de1a9acb9a75,b07545400366
bffb17949e58,04151d489df5
d869b8be7fec,693c92e22524
4bb0353a278c,27dcc60d03ba
dce76da25923,a1c2dde1d5d0
aa04b2357245,077e01024482
a243554d4972,50c5594c5683
3c068ddd3263,140fe8522735
dfac1d5f5a58,cf4064393091
c94b3c20df5f,59d682a06d70
792983c7877e,2fa6beaec124
b8cd60b03cc4,6023ccd927ad
5953e231902b,e1d33fc8825d
81fae11f3c09,1fe2ff0cd1ba
d59f4a153967,0f0384636994
48d443d7bc3e,7bf7a7be190e
b2e797f117e8,750cc4338667
5df1aa7f4747,05718642a5f4
f8ae7a760f7f,25737dd4b7ba
8e3b7d889fdf,764c3a1b67a9
12ab89a60050,ae1e5a8b6df4
12ab89a60050,bb647a1ec624
12ab89a60050,1ca7bbfaeac5
17f5c07dff73,b8e9c94f2d71
edb5e3f19368,7bf624a8e625
431e26dbcae2,a897aeaede8f
7b0549280997,7879d9308e92
031259e962d7,fef8799c17af
0de319576a37,cecb2293d9c7
9bf069bc9b33,3b53c4de5e2e
0c7b336b117e,0174efc1ae69
7d22699198db,f6dfdf24e624
44806a7a36d6,d82199aeec70
5d88bb2852d5,9ec4705e4fa8
9a9766d61bf1,e64be86983ff
6816a0a34b9f,0bf1bc144fd6
ab8e60855a4a,c4d4aff78938
9f7c163a9cdc,52971c878ac8
3a66edf02160,338a6e473655
cd3b5447e09e,ce5ab6031984
ed9700326c76,651adc00cfea
a329de10916c,c8c8793f2011
19daf1303ef2,8326c2d122db
19daf1303ef2,d8c2a4b46ae9
349dc795a753,72c5d9fe4289
e6eb7afa3d03,d8cedb62953c
f59489dbe626,0f58df36b75c
5451dbbf78ac,e750df95f9a5
279d635972bf,9b8d16d6eee1
a31dadadab26,e75c7f800d33
7d53ab7750de,8af88e091bea
c036c210dc6f,ea74122afb37
b676cbfd5768,9130f05b72ea
11da34bcacaf,80e8bf1f68fb
c1059a131cd7,fece81e4bfcc
1903e4b7eecc,696a3e0eb5e2
7cf2f2dd6068,4945da2e6a6a
da10c5308790,27b7ae85d6d8
97cebee47d79,7842dc531719
1ec328807b96,13e6402bd68a
eefea476ddf0,2a99c787d824
7d864c34f76b,46ae71099d25
ccbe35cc915d,d07e187ab32d
560c18fd20d1,a3c4c9dec37a
c782b98bc1cf,0764dc336108
0c272ef6dda6,d53634c00ea3
b92c0238df80,b06b72419cea
3dee6485252b,461abd88f5ce
5603989c4df6,be947d16b5ac
a74710800077,6b7407039af2
4033766a77fa,500ad95d8f29
58e352fe00d3,0f04b9ff7a98
e2e5d1838ea2,79b7e3d6d8fc
5988776eaa98,7f4c217efa7a
bd51e38e69a5,2e5c44ecd6b3
d14b8442ef2d,033ea0868932
8b7ebfa308fa,dd0a2733ede3
f990df5b9a61,1b2111208530
5b170eaec1e2,b7d14098e5b3
c006e1061fbd,4ef20d9f818d
9acdcc91646e,f2de1716ff87
6d4c651aae31,fe2d73b47cf5
339f2dbc6203,b7ca9e3656d2
c9e240bcbd8b,9ccfbd1216fd
733a1982f783,aae08be839e5
98f237930feb,d0f28eae0446
097e674e8cd3,c055ac8795fa
db60194a2bf0,8d64676d6ec8
e2eef3390cfd,e524b77ce7e2
494039bb47f4,c859d831e679
8d4f9967b914,2f77b6cf265b
2cc81be148cf,f5a3aeaacb6c
9a31165389cf,d5d70a9fa07e
19f81916ceb3,23dbef955ea2
3aaec9cf00c1,508e7226fb96
cc69a8660db4,0a02f9d99150
5ef24ecb3f4f,5712a987f3c3
56620e4be833,96b1a69476d6
ade3c8b44ed3,f547d301dc7f
4765fe4332ca,b3e22bb86379
1e751010520b,39037211cf05
9407fb2c1738,cede67c81fee
e0a2fc151408,0fd6015c40fe
4569df351d12,a6e3c477a6a1
52ccc9052a88,47fd6779870e
6090d45045c1,7ab96a7146ef
abe61e0a88fb,650e04a0f7ed
a4ef40695f83,68f6a928f922
577771e85bae,2ef3308340dc
a04a6c2e9683,ed4c22e62814
829f11041d8c,c0927760610c
7ea0389f7d78,22854359d504
01c1b678fed6,c9370d177422
8b690df69aef,994992928d99
70397956351a,fd2e4cbd58ec
3d7b628d62e0,a71abd433173
e2369f3d07a2,625ba16d0981
d2ef88d2e900,d18c6cc6ae11
c4fe880bd2dc,fd019710066c
5a5f932328d8,f7ae2638d857
46b93335a29e,4d37417d984e
783b826c4a60,27ab898e0ef5
cd6383f696bb,964e19003dea
62b38fecf9b9,769a2265387c
e89537503f5a,67f883aae9df
ca8804ed9055,a0c40200a5d0
40c7061abf55,3e9ecc7932a1
40c7061abf55,e8188bfd6f39
875908dfb699,bdef45149673
acf3633cd61d,c4b84effdd6e
acf3633cd61d,25556da3cab7
7087b79673a0,a1d85086993f
67cdebc5b415,b8c7f0023e8a
ecf583a9a888,1d94d184855d
6f8770f4eb6c,6e286cfc230a
017bc9ef5b0b,739b48c7994a
992e0896064f,286e13ce04aa
992e0896064f,1a8d72ff7c25
cdf9c8c7ac53,1c20caa8c982
16fba4621a77,1ffea9eda6d5
16fba4621a77,24bf85ecf408
16fba4621a77,f5b1527b674b
92f0e16ce077,3a972f174662
6fc03e6b4d66,013667555221
a6802aa78862,f73638a9687b
c6ec4ccd5cb5,f96917a631fc
b95ae2a1b4db,8a3748f29f08
eede9602415e,25d9e769e2e3
41f0f239ed83,3528f0b99ad8
ef262fa60d16,d3cfaaad1962
66d46cd6c641,ea98ea753909
487f6c4eb248,0188e86e9168
b0a7022c285c,41a73629f77e
55478f5784a1,8ceb08d07cde
4c643aa0bae9,8d954a8dff7d
7642c3856b33,1a6c23154614
e02a7446af0e,bcbccae5a990
0ccdf5248de4,4ed415d3d399
9427cc2d063d,a660d6935175
9427cc2d063d,89013d548b68
f52c4b44d439,73d3100ea2ab
70fd254dd65e,91390f31b1d2
c1edf9616e57,55737804fca3
8281594555ec,2334510c5b50
2a90f6e58f35,ca6409c9c382
da41e61ccf65,31c3f2390ed2
ca3a67a970f3,a48ed6071bad
06c09d24539c,ccdc313acec1
a2ee4f7b3476,06392997ffe6
0d7ff1fc4711,04aa36beb574
33bcb8ca297a,f3c79e46715f
13e989026cb7,2a56b1f7c037
acc0a8d568f2,19e4f30afc94
c1dd4bfc0032,cdb15f42dc96
f4062c86f677,43c22b67e581
f4062c86f677,69aa0d94d50d
fe99959735a4,0db25e5bd1b3
fe99959735a4,953249340896
ceb3b25faeb0,9163a0d50930
3c862cb4cd85,ab2c085e5ac0
389f495cf250,fa3eeacd81bb
dc0b3550d651,3fabef524029
dd623fce47f4,f797c3b49fcf
be373049e234,bfe71050f3c9
296eae95dd6a,7ac438820209
b7fc9859d086,88385a12d11e
009ee537fad1,92049ef97547
d457488bb1f4,de9dd1b13c64
28a33a19230c,82195abc1ec3
40feda68f8e2,558aa1a13514
4a7ffebd4222,2820e7bc94aa
b1634f557734,e495cef1328c
22cb6e59db5a,1968b815c6bc
464446286200,3b3c814cae31
3141bd09d382,cb06c8404278
94aee785fd91,6da862c4e069
2c08a9aedc02,e3bb07bdb244
e7aec09aea4e,b99ae5c82d07
dd1858f85578,798597eb62e8
d88b4713a2f0,92da9dd5caf9
78ee8ef728d4,345926b03953
8db4eadb4a78,b1601174712e
abffe2792c6f,d206096c2bed
abffe2792c6f,a4a7517ff3aa
0253bd2c3c5c,80d2fcae2e8c
eacb3b5dfaeb,fb175c12e2ce
f40062d6a6f7,7cb0fa53a401
190f8903e144,9dccd3dca5c7
4c8716c7c22c,038700de7904
63653660b004,42171025539c
faceb83b4646,232691a11975
c71be98c24ee,e6e7a8612aea
228318ebc738,a513a5f1780f
de65101a447c,82738307909f
aaed4ab63fe5,af7b1c6b7944
69eaf0ddf8d7,1d3ac7b41d3e
7ce8dff5e6c2,933bc9c2f649
5e0abda87c5a,e3e05d2bcfe1
e7f608c2c7d1,9a3ce5947588
c542cd0bd13d,73b3fe6e9a9d
a1bb7935e035,6e2aa26a446e
b448bd5b70c0,6f2042e27c64
b9fc63f68b19,9b4e340ee68e
c7c65a5fc617,43defcd5a11c
dbd8852012bd,6ee3d08f66f9
e73d45646805,9ae8d313ba33
11565b4d0632,b14c9fb67e9b
f2b1bb264fc8,2d132891f45b
e917574d1420,38c4d461a348
f47d6ede5c6f,0264c7ee0b14
f47d6ede5c6f,9c841c4e6d65
55daad38b3d5,4c91c2469acf
55daad38b3d5,448e36d6c9bd
5796af30b0cb,c3b708a50a13
91c2603f58c4,a7fda9910d1b
cee14dfa6fcb,f8461d636013
5790a627e547,939d73719969
ea5c5667d2a9,9b13bb270f5d
19ebd5d68dd9,7ed93115eb1e
685ece5e8d51,5c2e5c4e7904
46d4a6bb488c,b8c71f1cf21e
ee83048cefb0,514c88f0f01e
e5fc6c1bd39b,e3eb2bf096c9
9a1fbf9ff5e4,590969dd0c14
18174240eb7f,dd2c462db30e
7fe196b1bbc9,cc38d0a29c2b
50d94a635054,b127d5c98012
31c3f812fc97,410baaed4a30
697202ab88b2,f4ac086041b5
68b3bf175acb,c095d455f40a
d4607932e7ed,acc9801ec9da
56ea3cf34ec1,d08160440017
1fc1c05d9275,03e67734989c
65ef525093d7,508476878f98
410cbc038e85,e4f8e5351ae4
21da08164e12,c0677d050dbe
5a516015bfb4,8963b2e60b74
cb931b565d39,ce6cfec4bdc1
89fcb7c60988,83dc441aee70
86600db27cf1,2f117156fdea
4c8d77221996,c854a437b6b1
22cf40700dc4,5e8bcc1a64ba
4810b50e4275,9f45d97aa636
b3cd72f1c348,f8a62131d4e9
7ae6a343ebaf,3d13e35e4dc7
233dc9399d6f,d2f8e9815f74
233dc9399d6f,fd7c8e1123c6
8404f2b0e9d4,67576bb19a20
7b2c2cbe9762,287fdfb450fc
bd4382271e39,ea9927a7c7be
743bfc9b5d47,b0d5f1aae443
ad61c959e39a,8555a82cbfbf
abe96695a363,a69e97d56347
17b843e60d7e,5b2342d25596
9800416a5e24,0ce0d525f350
de88e354f52a,7c95b21347f8
07846fbaddae,bb1b08d330ca
f029a6f97a6a,f9828ccd86eb
213f4e9f410e,2be84f0739c2
9fab053bb1a3,4e93c89370ec
c29360468902,54ce6468536c
85e202fcff85,bb6383a42af9
290b787970b9,246806313fdc
7efb6358fda6,af2dae33289e
f2ed2ede63e3,055771ec8cfd
d1153653ccb3,399c26b9976e
3822e056ccd3,5eefa9e4ab29
c7ebcf9b34b5,e1d2e71e3942
9f10a2b0c0e0,ed4ac635b63b
e58197cb1681,3232efefdfcf
beb4d45be622,c9751fbc7a82
72201cee0ad1,986e14c5ba54
12fc7b0db7d5,d4d9a040b7c3
967e243ab68c,7927eb963017
ea98d6d6fba7,10e3b10d9946
0c0acf2bfa5c,eba3d1c40dd6
8e7a3c0de0ae,b3be9691e799
b00d5d652a95,c89a8ccfe5d0
8b90429fed22,bef79e60d921
5650a97f4410,7c52ebe0a3b9
e137434cf2da,fd3151191bba
8eae24bf56bf,95126a49076f
56fbf607141f,4262298c9ac7
d39bcb6fe13c,cf77af41a8a4
4240b3329db0,c2e98c014140
60dae9a8be3f,2368fc7a06c5
f277f88bcfa8,66a1d0833ed8
4c2e4deba5bd,5776f8b3fee7
a16e4ac542f1,9859fe09e6df
c058e39d4b4c,f2154e10fd0d
b5208d50bdb0,5fbe35735315
9d47ad033a30,054e379878f6
8866336f1b04,146d166da963
f55e4890f4fa,51420cc6ae30
e071a580d9e2,ec17e710119a
e9efd7bbaec3,d662320c413c
a0e443f518bb,1f64df85ee4e
ffc6bcac13ac,e4e45e06a488
8671507d056d,796ddd6560d8
507bfa2c3038,ef768803ef8a
8e1537a0d5b6,9084fcf8179e
c12d0aa67a1b,74cb2ea4a4a1
dee1d2368fef,857936b9f1e5
767648b13669,5683603b1d22
4667d73f7368,acaaf3503197
9f96445c0bbb,bad7415f87d8
9f96445c0bbb,7fbadb0eb84f
50d2f124a41c,5272090e42c4
50d2f124a41c,b90e2f897252
e8ae80ecfaa3,95192962cd08
3b38ef997fc6,86a0c10e3100
3b38ef997fc6,a2b2588b8fc8
c10c2bd72ce0,559e134d4b91
c10c2bd72ce0,3b5947a80677
09155d82ef4b,bd35b04d07e1
09155d82ef4b,fbf10a271bc4
23ebabaf8b57,de03f9332910
17c01da71126,abf504c56d57
1fa0d6fdcb09,bc058746c9c8
3d4ba33d85ff,03f0760dee36
01841b2d2654,2fe744db9bcc
a7631e0fba2a,c720eb6a0c9e
e09eccf2e8f0,f080a6d087a3
2f0d44fbd17d,b42dd98af239
8f404b77d4b3,23bf204b3203
0ea3f6a8a014,621848628c31
0ea3f6a8a014,5ac339318b5a
1b27abbadf25,4efd9eb0d1cd
1b27abbadf25,2b415ff99b30
41037ae06cb6,d94e94f438f0
41037ae06cb6,633fd0e9dc45
a8cf2cccb5dd,88466b38be4e
c6b9df54c40c,1e7398626c84
76b41a43726a,46bac72b7eb0
ba6643c483e4,9638fb5adbe8
ba6643c483e4,94701789c26b
ce054e570b6e,d8457453885b
d35883c41dac,71790a22daa9
ff7a9130ade6,6e89562b26a4
605057476bf2,4bdd6a7dcbe2
b1a19f829030,099f8d015fa1
2e89b7b231d3,4c336ee6091e
649a393d2347,a633014ae762
649a393d2347,caa094c3d033
a0a78aa5f4de,5dbb6d25936e
ba758703e947,ac4ead17caff
967f85659179,703aec1eec3b
ba640bc00e27,535fc5847623
617c50c93f2a,d573af34e1e9
14ce698f3efd,a44f4aae6491
901e69328560,f3e0ae67f726
851e2290374b,f06e229de85c
31123e2bb6a3,02e49a5688db
31123e2bb6a3,74e9efcdf469
6d9d3da6d5c8,182059f4454f
ff516e2dfc3e,88c2c694358f
9040b129aea3,3e23a42c6010
ff8565a410b0,ae63b31e3e61
446748782a70,78d99950eff3
40c2575b8a30,7c7e24e73b50
0b3c6bf84b9f,79bd38cafb8d
e908833f075f,9a9e4d88d958
c718ccd6a1d1,974b3c50cf7c
ccf36b707472,bd30d3637ca3
3f9cf18661b8,7cffc28d73b4
60fd082f1247,597db8e920cd
573a03571c59,8f54d20e1c5b
4fbfca04ec11,d7aa830f56c0
02b225c7600d,b98b5c75109e
1bca4f2ebb62,5500d6f742a7
5f471ac7250f,a1717ec0ebac
fe9deb149ee6,69c5f2e126ef
f663f8e71cd8,605a7a5710eb
7422eff1a362,53b70506dbb6
698fa9921bfa,7a2223ad6319
193fe3d6977f,7db5311d084c
2c3537ab3ec7,68d37c6420cd
cd048c93d272,77605892c5d5
e926ba337607,dc499589884b
34299e622f01,ce38918ee5b1
5be13c185315,3cbc02eb3c79
fdc48534a32b,3fb02387db85
f5312ed3526b,1692ddcd36a5
eec0b53cbf8a,2b8f77170846
693ecc8bd9c4,0f246e807f1e
7114f134016e,f0f759ed149f
e218af7782c7,619a1a257def
243d06a09adb,0cc1c5df730f
2c8287db0ec4,f18841ee8252
2c8287db0ec4,416bd592583d
2c8287db0ec4,caa1cda0b3f0
08b96dfd4c19,df2f78a44e3a
c97522585154,7b5964a2b17e
5abd81714f85,040f508e608a
1be565c71e63,ccec82eb85c5
1b1a10892c4b,8af614603b05
7a2c7f9cc057,a9dad80235d6
79dd4ac48d03,8fe6d6360197
9f42e77e6ce1,85d6f222b11f
675d9086493b,e558497ccabc
721a53ac606c,ee6546a606ff
f88d9ddb4979,102411ddab34
fa5b046cf13e,1e80cefbb606
43ca8f7fb36b,4456d2e2a094
f28e1473dfe9,552a24a9b0b4
6eedf92d32fb,58f1292df167
556367b10a0c,4a6b20c85c94
b443a928b430,f64d8bf707ab
410469f90fa9,23f9e472ae8a
6721368408f8,0e22d60181d4
7896dc0b6cf4,1c63c9a6f7ac
645eb32db214,55bfdaf82124
4171797b7f79,a543226bbe36
ff1354e52900,86b859cdb642
9d1f75c44ab2,80ed98b539b7
ad709e839384,95138c79f167
649dab278a90,fd89cb83d595
cc5275405cad,eed5bb205ff8
38ef5e6acdb9,37cb4039c86f
ca5f0d1f5ff7,91798a764cf6
ca5f0d1f5ff7,3bbd3bb1e4c5
1c0b7d6707cb,6e39142f3a47
94291175a50d,1ad37cebb24a
8c60ea3fb94d,a16099e8dbe3
8eb53871c6ec,db93012a9c34
0c7e10a15dbc,6f1e0fdcbcc6
f36dde953a57,8b4d14ee21b6
4a853094ce5c,92369ebe0053
429ad2bbc11d,529ae173a930
a5592ceadded,e2e78b60a501
17ac5939e553,d3b60fdd962e
f06b4adb9569,48d126c16e74
1257c64c3dbc,bfaee6229b6b
2c7e0fb01ca9,2b19f7b0929f
56fcc0979ed2,6b85726143a4
d09e59199e7a,32d6b2a3e013
22b8d6781832,8be4caaf0775
d1ed0b9db5c7,68016fb79623
2dfa6f348d1a,b385fd14095a
89c06b79480c,f247df25cef6
65e78d8d5c30,b57dd8a85060
cc0c99cf20c8,70cc28008036
ef8542249635,e80ed2db3971
e8edf5e9a271,4ad0a8a25743
62262a010aae,3f22a16f5ba0
9283cfc75108,d4820f8fc72b
290ae7667be9,344471548c4b
43e1ba07e113,0d717b5319ab
716439854c1f,6a9533f91494
634406b04a78,d560565badfa
c3258ec77709,f9464dca185b
189f9472c68f,850726a0fc94
f006e6b07c1c,ecbe4f8b02dc
ad76ca29ef24,b477127e204c
ca9f4e9b2188,bb241cdc88df
a5f658845e5c,004267ba53b9
b90d25905b58,a1c94156e126
a8c70a136c1e,99616498139d
7dce83383b30,3368f9bcd5e6
fe6c96acfd7d,dbecb41e70da
c16f6c59506f,50e215b81f85
d86140ec4f17,0d7f29eb5f12
6019fc3575cc,c24c595a4afa
4b4f1b3437da,2ef6c2a5750c
84ac5c4302d2,e4f1eb413ef7
7dd555df7b9e,6db7e6d34654
cdcdf25cfef0,46e9fac910d6
cdcdf25cfef0,14d01f0d94f5
3030a880802d,4e7c48cb182a
8c21c49c7ebf,54000bafcff8
d20535bda96e,7c18caf9ae4d
d20535bda96e,88c61c42ae9f
057d698c4a6f,666bf7754ab9
057d698c4a6f,772f018fb7ca
bc5b0862ba4f,10d9a7f94830
bc5b0862ba4f,61cda971e4ca
1988d7d808e0,4fc3cc69af3a
1988d7d808e0,27e64e481c5b
3715faf8b3b2,25baa103e366
3715faf8b3b2,b18e013dd29b
4b3d5493fb33,2013c9cf268d
92a8be8284c9,ed3ab62a6a93
92a8be8284c9,26c5fe6b3743
8bfe87ffd036,71b45e9fcc07
d2b138f9c68a,0796cc38b9ec
c21aaad659e4,975549321f3f
dd9e9ddee378,993591c97127
fe7b89bfe669,6e5473921e3c
011fc65ae9f3,37653d81ba05
98576a0a20e0,e3efc19eb161
4c07c8578882,4869114123e9
a340c0413fb1,2e8a29b42b97
238da04c162f,a956f5c0e642
31439ae46f2b,85372bbcbc16
a671b9057fa2,69a04d7bc938
38f43a583448,bc2bb9ef14ac
6979c75fa63a,ccd83127c506
9a3199206fd4,b653e70ee7ba
c31a52f4e266,81dbcaa96b0a
5f9a53c0447c,0ea2831d9f1e
98f9833d04ae,3b5a7baf406e
9133795e7cc5,8b0ac6a18760
6b10cabd3295,704dddc58a4e
0271eddc4461,2ecbe6c36d01
79f1d4bfc30e,32813712cbe8
5600f8a02085,25da0b737288
f359afe88f82,ff53460a4464
391b0467e86b,7ffb76533bd9
4549dfd03c36,8a6e221c8eca
729026ae98c7,6b9b431d0abe
74b541e609e8,488e35c85857
9cedb101130c,ea2df6f425f0
628268fe75dd,b8c668d803ec
89b9f3e08355,308fa81a7f07
e1d077606642,c9df851dce09
35d5c88690f2,bd8f86bc21ff
38ad99f2eb29,16904dc7ede2
38ad99f2eb29,8b122fa13bdf
9bee1f6ccd1d,d0b0021c5601
9bee1f6ccd1d,6b7363a17869
40355f73c978,36f2c9314513
40355f73c978,787984fc176e
c6a392093af7,906695726002
c6a392093af7,b6128a1281e2
a3ff043df407,09735a05bff9
ed4684262380,1b9164f4f870
ed4684262380,5dd29758b712
70aef10c5c32,dd737b238c3f
70aef10c5c32,6d89edc3ef2a
3e2c7c2fc391,09787ff606d5
3e2c7c2fc391,fe4b4a4325f3
22f85794d88f,ec333951a262
ac85502a2d98,2f6105a797cd
4be1a302e896,38794551b3d2
4be1a302e896,8d629c548e52
8aaf1e762ab6,4c32957fad85
8aaf1e762ab6,bf18c227b036
82107148b999,2959a3f4453a
82107148b999,fa8acb554569
311d218fb21e,a3efabc5d4a4
238858eddd1a,2d1eab362c2f
1de6e1a1599d,a1e73446f08f
d61d403f24ed,d5bd551ba9aa
ef0ab1c294ca,af059c88cd52
7077a2f0773f,a76dabe7912e
35aa5b0b43bc,d30f8d165cec
4c408c8e7391,fefdaeaa0647
1f0d9b22539a,467ead1f423d
c7d177a7e868,2f1b7a5b516f
6826c3f11a18,14ced7ed26af
63da4f992427,db69b4ce6928
41e0961d426d,4378d3b3d768
f054eeac1d78,3d9bad7a20f1
c476b34f6d2a,d3fcd0a49614
c9920bfd7c41,d9cd61045022
2ae3c888518e,c7ffc22f5ee0
8cc9a38ca738,0f06ca6da5a0
ead2e2aa79ee,8407f816dc53
12fc81c4184c,a74e0f13c313
2d5c2a2620fd,91bd1c392a43
4a242e34262a,5a4641a4e5dc
92b86cbbd511,e0808a29e6fa
8d61cfe73fd3,2643997226be
b91cb3eca720,41ba9e8acd29
62fee027d6b1,3732412d221e
95bdbd90a824,9a196ef7e805
4eaa867e2c96,cf574008eb12
5a1e62e32841,990e950337d6
f1176eff2982,ab3bbcbcf703
da57f60bceb0,ae85d12f91c6
3bb918c73e61,77c705cd34aa
3bc5e806f501,3d2c36dcf606
87eccbd73445,6affc99cd1f8
c8c17048b9c8,d248a2ce86c0
b278a8982e09,064b9d64e3db
ac7577ad6181,4c8c8f510d0a
57c382d8dc4f,2286dd3a5dd2
bef6b5df378a,dd08ed696bc8
d3f61a360b9d,559a5ca3c32e
c082dd4ad4dc,d3009c0f12f5
d6fb405ac0bc,7964a72dd165
664020de50e7,22b55d32ac1c
cd4ecf0df4ca,70aabafbe1e5
3a862b1220fb,ed5673f8419c
ec15d8e5baa0,b2597d4f1646
4c455d4dbbe0,c2b12cba7bce
895135e30185,0f115449c631
ae757a22c7ca,9e8529b2f2f0
38dd84cecb39,a99251333b1b
f3a4026ac9c4,296f338d997f
c92b58b37b45,1def1386889d
c007b2b8b0b6,5b64b3f35eac
a95a14134d32,c9637f9a1351
8f26444e138f,38760b1b5c30
366c8975cb04,2ccf83f68271
01e716bbf310,f04009fd3318
b4c83f4af606,11ae85820902
f9ed22aea0f4,5c2166fe664e
00138c8e414a,e4e3b3370a2e
73d647c00330,0613ea9ed3ff
b74912cab443,dd90d0393c72
094355f27264,7ed552a81e0a
54b49a7510b7,9c600ef9af8d
291c15f77737,e90c48fcb76f
b03942219862,afb66f6602b3
6faf4a883be3,bb1ac935489b
72cd00127832,22384bcb09a9
e64a6a0986fc,3819c50029fc
23e707eb2fcd,b3491adf2126
f40b5241a3ff,82787ad4e56a
5c60faa2b545,8fb4955bf1e6
a60c0547fc1a,7d66b7a5c694
028b4d6893be,ae7578d052b2
67ed9d0fc76e,a5ebd5023d83
d353423dba8a,4a3fd5460511
78dc2355dee2,731220b980ac
7320d1213104,5ee67e52f0ce
cd4b1488ec81,2ab96349266b
7d2da2714d8e,d77e7f5ad26d
dbaf490d93f1,bf56407a6910
731d24d2e216,58974953b542
3628dc07f253,dc7b4f189a5e
6f070b3500ad,3a91155ff9d8
82fa204cfa4e,18b8927f3459
0cc5c89fbe74,6dcb0440d212
01c795c71124,2caf81ab287e
efa27515096b,2c24b7e6f4db
c45acc10ae50,8fa35e3fc94b
ac0da15d4a6e,d3c0f1554b4f
fff7d60ee400,66cf8f5a043f
77004a156e24,859b1b5fb8c8
99e5ec4b8084,737c00c6c2b6
e87c71119e35,5ca27a1860d0
cda00a9d2668,7d515bb18d8d
88e138b99e58,059158672446
01bf85e17d8a,9d9a49ba7ff5
79f0aaa9b183,d4d5f4118386
