episode_id,sector,pt_name,utility,cause_class,slip_count,estimated_restore,posted_ts,restored_ts,hit
b5b980bf343a,1,1 Turda,ACC,breakdown,0,2026-07-01T23:30,2026-07-01T07:06:36,2026-07-03T02:33:38,0
b5b980bf343a,1,1 Turda,ACC,breakdown,1,2026-07-03T23:30,2026-07-01T19:34:35,2026-07-03T02:33:38,1
f8efd35c0602,1,10-1 Mai,ACC,breakdown,0,2026-07-01T23:30,2026-07-01T07:06:36,2026-07-03T00:04:33,0
f8efd35c0602,1,10-1 Mai,ACC,breakdown,1,2026-07-03T23:30,2026-07-01T19:34:35,2026-07-03T00:04:33,1
aa1c61954867,1,126-1 Mai,ACC,breakdown,0,2026-07-01T23:30,2026-07-01T07:06:36,2026-07-03T02:33:38,0
aa1c61954867,1,126-1 Mai,ACC,breakdown,1,2026-07-03T23:30,2026-07-01T13:19:54,2026-07-03T02:33:38,1
9d4a935aba15,1,140 – 1 Mai,ACC,breakdown,0,2026-07-01T23:30,2026-07-01T07:06:36,2026-07-03T00:04:33,0
9d4a935aba15,1,140 – 1 Mai,ACC,breakdown,1,2026-07-03T23:30,2026-07-01T13:19:54,2026-07-03T00:04:33,1
4c05b5188a81,1,2 Prefabricate,ACC,breakdown,0,2026-07-01T23:30,2026-07-01T07:06:36,2026-07-01T08:49:10,1
f42127a7ab5e,1,2 Turda,ACC,breakdown,0,2026-07-01T23:30,2026-07-01T07:06:36,2026-07-03T02:33:38,0
f42127a7ab5e,1,2 Turda,ACC,breakdown,1,2026-07-03T23:30,2026-07-01T19:34:35,2026-07-03T02:33:38,1
6f4bb6a1f87d,1,2-1 Mai,ACC,breakdown,0,2026-07-01T23:30,2026-07-01T07:06:36,2026-07-03T02:33:38,0
6f4bb6a1f87d,1,2-1 Mai,ACC,breakdown,1,2026-07-03T23:30,2026-07-01T19:34:35,2026-07-03T02:33:38,1
b19f45311d18,1,3 Turda,ACC,breakdown,0,2026-07-01T23:30,2026-07-01T07:06:36,2026-07-03T02:33:38,0
b19f45311d18,1,3 Turda,ACC,breakdown,1,2026-07-03T23:30,2026-07-01T19:34:35,2026-07-03T02:33:38,1
be283984b2ee,1,4 Turda,ACC,breakdown,0,2026-07-01T23:30,2026-07-01T07:06:36,2026-07-03T01:17:04,0
be283984b2ee,1,4 Turda,ACC,breakdown,1,2026-07-03T23:30,2026-07-01T19:34:35,2026-07-03T01:17:04,1
42abc763cfa2,1,5-1 Mai,ACC,breakdown,0,2026-07-01T23:30,2026-07-01T07:06:36,2026-07-03T00:04:33,0
42abc763cfa2,1,5-1 Mai,ACC,breakdown,1,2026-07-03T23:30,2026-07-01T19:34:35,2026-07-03T00:04:33,1
877271a5bc9a,1,6 ACM,ACC,breakdown,0,2026-07-01T23:30,2026-07-01T07:06:36,2026-07-01T08:49:10,1
c91ace4696e7,1,6-1 Mai,ACC,breakdown,0,2026-07-01T23:30,2026-07-01T07:06:36,2026-07-03T00:04:33,0
c91ace4696e7,1,6-1 Mai,ACC,breakdown,1,2026-07-03T23:30,2026-07-01T19:34:35,2026-07-03T00:04:33,1
542b3e572e98,1,7 Clucerului,ACC,breakdown,0,2026-07-01T23:30,2026-07-01T07:06:36,2026-07-03T00:04:33,0
542b3e572e98,1,7 Clucerului,ACC,breakdown,1,2026-07-03T23:30,2026-07-01T19:34:35,2026-07-03T00:04:33,1
306db9c2bc6e,1,7-1 Mai,ACC,breakdown,0,2026-07-01T23:30,2026-07-01T07:06:36,2026-07-03T00:04:33,0
306db9c2bc6e,1,7-1 Mai,ACC,breakdown,1,2026-07-03T23:30,2026-07-01T13:19:54,2026-07-03T00:04:33,1
d572954948dc,1,8-1 Mai,ACC,breakdown,0,2026-07-01T23:30,2026-07-01T07:06:36,2026-07-03T00:04:33,0
d572954948dc,1,8-1 Mai,ACC,breakdown,1,2026-07-03T23:30,2026-07-01T19:34:35,2026-07-03T00:04:33,1
7e15eb51bbd3,1,9-1 Mai,ACC,breakdown,0,2026-07-01T23:30,2026-07-01T07:06:36,2026-07-03T00:04:33,0
7e15eb51bbd3,1,9-1 Mai,ACC,breakdown,1,2026-07-03T23:30,2026-07-01T19:34:35,2026-07-03T00:04:33,1
8c76b61a3f33,1,A Grant,ACC,breakdown,0,2026-07-01T23:30,2026-07-01T07:06:36,2026-07-03T02:33:38,0
8c76b61a3f33,1,A Grant,ACC,breakdown,1,2026-07-03T23:30,2026-07-01T19:34:35,2026-07-03T02:33:38,1
fce6560096e9,1,Av. Sanatescu,ACC,breakdown,0,2026-07-01T23:30,2026-07-01T07:06:36,2026-07-03T02:33:38,0
fce6560096e9,1,Av. Sanatescu,ACC,breakdown,1,2026-07-03T23:30,2026-07-01T13:19:54,2026-07-03T02:33:38,1
f392b8173726,1,Creşa Popişteanu,ACC,breakdown,0,2026-07-01T23:30,2026-07-01T07:06:36,2026-07-03T00:04:33,0
f392b8173726,1,Creşa Popişteanu,ACC,breakdown,1,2026-07-03T23:30,2026-07-01T13:19:54,2026-07-03T00:04:33,1
8656cd307ed7,1,I Grivita,ACC,breakdown,0,2026-07-01T23:30,2026-07-01T07:06:36,2026-07-03T07:57:27,0
8656cd307ed7,1,I Grivita,ACC,breakdown,1,2026-07-03T23:30,2026-07-01T19:34:35,2026-07-03T07:57:27,1
a6a77d3e1cfd,1,J Grivita,ACC,breakdown,0,2026-07-01T23:30,2026-07-01T07:06:36,2026-07-03T02:33:38,0
a6a77d3e1cfd,1,J Grivita,ACC,breakdown,1,2026-07-03T23:30,2026-07-01T19:34:35,2026-07-03T02:33:38,1
1b4540bf5607,1,K Grivita,ACC,breakdown,0,2026-07-01T23:30,2026-07-01T07:06:36,2026-07-03T02:33:38,0
1b4540bf5607,1,K Grivita,ACC,breakdown,1,2026-07-03T23:30,2026-07-01T19:34:35,2026-07-03T02:33:38,1
fda36056c031,1,Locuinţe Steaua,ACC,breakdown,0,2026-07-01T23:30,2026-07-01T07:06:36,2026-07-03T00:04:33,0
fda36056c031,1,Locuinţe Steaua,ACC,breakdown,1,2026-07-03T23:30,2026-07-01T19:34:35,2026-07-03T00:04:33,1
cff9de32995e,1,Miciurin,ACC,breakdown,0,2026-07-01T23:30,2026-07-01T07:06:36,2026-07-03T00:04:33,0
cff9de32995e,1,Miciurin,ACC,breakdown,1,2026-07-03T23:30,2026-07-01T19:34:35,2026-07-03T00:04:33,1
4d3e0c1f6c69,1,N Chibrit,ACC,breakdown,0,2026-07-01T23:30,2026-07-01T07:06:36,2026-07-01T08:49:10,1
cfa137e49ee7,1,Nicolae Racotă,ACC,breakdown,0,2026-07-01T23:30,2026-07-01T07:06:36,2026-07-03T00:04:33,0
cfa137e49ee7,1,Nicolae Racotă,ACC,breakdown,1,2026-07-03T23:30,2026-07-01T19:34:35,2026-07-03T00:04:33,1
999500dac0d1,1,O Chibrit,ACC,breakdown,0,2026-07-01T23:30,2026-07-01T07:06:36,2026-07-01T08:49:10,1
e140013786bb,1,Palazul Mare,ACC,breakdown,0,2026-07-01T23:30,2026-07-01T07:06:36,2026-07-03T01:17:04,0
e140013786bb,1,Palazul Mare,ACC,breakdown,1,2026-07-03T23:30,2026-07-01T13:19:54,2026-07-03T01:17:04,1
a66a1691b3ca,1,Popişteanu,ACC,breakdown,0,2026-07-01T23:30,2026-07-01T07:06:36,2026-07-03T00:04:33,0
a66a1691b3ca,1,Popişteanu,ACC,breakdown,1,2026-07-03T23:30,2026-07-01T13:19:54,2026-07-03T00:04:33,1
67600c253d5c,1,R Grivita,ACC,breakdown,0,2026-07-01T23:30,2026-07-01T07:06:36,2026-07-03T02:33:38,0
67600c253d5c,1,R Grivita,ACC,breakdown,1,2026-07-03T23:30,2026-07-01T19:34:35,2026-07-03T02:33:38,1
82f0dbe3df58,1,Spitalul Elias,ACC,breakdown,0,2026-07-01T23:30,2026-07-01T07:06:36,2026-07-03T00:04:33,0
82f0dbe3df58,1,Spitalul Elias,ACC,breakdown,1,2026-07-03T23:30,2026-07-01T19:34:35,2026-07-03T00:04:33,1
9d97bb16309d,4,Ct Marasesti 11,ACC,other,0,2026-07-01T11:00,2026-07-01T07:06:36,2026-07-01T11:45:51,0
489fcfe07f46,6,1 Roșu,ACC,breakdown,0,2026-07-01T15:30,2026-07-01T08:49:10,2026-07-01T16:36:07,0
66a3503ba6be,6,15 Păcii,ACC,breakdown,0,2026-07-01T15:30,2026-07-01T08:49:10,2026-07-01T14:34:07,1
b7d32158e061,6,2/7',ACC,breakdown,0,2026-07-01T14:00,2026-07-01T08:49:10,2026-07-01T13:19:54,1
4f6b89e71e45,6,SC 2/3 - MODULE TERMICE - Partial,ACC,other,0,2026-07-01T14:00,2026-07-01T08:49:10,2026-07-02T15:31:02,0
4f6b89e71e45,6,SC 2/3 - MODULE TERMICE - Partial,ACC,breakdown,1,2026-07-02T14:00,2026-07-02T10:56:57,2026-07-02T15:31:02,0
922b1205f2af,2,4 Colentina Socului,ACC,breakdown,0,2026-07-01T15:00,2026-07-01T10:24:57,2026-07-03T22:45:59,0
922b1205f2af,2,4 Colentina Socului,ACC,other,1,2026-07-04T23:30,2026-07-01T16:36:07,2026-07-03T22:45:59,1
413638ecaeaa,3,5Placare-T,ACC,planned_works,0,2026-07-01T12:30,2026-07-01T10:24:57,2026-07-01T13:19:54,0
574a9516a6ef,5,5 Chirigiu,ACC,planned_works,0,2026-07-01T13:00,2026-07-01T10:24:57,2026-07-01T14:34:07,0
d39833ab4178,6,3/7',ACC,breakdown,0,2026-07-01T13:00,2026-07-01T10:24:57,2026-07-01T13:19:54,0
21a7e2476f39,3,12Tomis - Partial,ACC,breakdown,0,2026-07-01T15:30,2026-07-01T11:45:51,2026-07-02T21:21:48,0
21a7e2476f39,3,12Tomis - Partial,ACC,breakdown,1,2026-07-02T15:30,2026-07-01T16:36:07,2026-07-02T21:21:48,0
21a7e2476f39,3,12Tomis - Partial,ACC,breakdown,2,2026-07-02T19:30,2026-07-02T15:31:02,2026-07-02T21:21:48,0
884991241a78,1,Agronom Seminţe,ACC,breakdown,0,2026-07-03T23:30,2026-07-01T13:19:54,2026-07-03T01:17:04,1
2ab7d8e43694,1,Depozit Medicamente,ACC,breakdown,0,2026-07-03T23:30,2026-07-01T13:19:54,2026-07-03T00:04:33,1
78e107256449,2,19 Pantelimon,ACC,breakdown,0,2026-07-01T15:30,2026-07-01T13:19:54,2026-07-01T14:34:07,1
babd69a2453e,6,1 Roșu - Partial,ACC,breakdown,0,2026-07-01T19:30,2026-07-01T15:36:21,2026-07-02T15:31:02,0
babd69a2453e,6,1 Roșu - Partial,ACC,breakdown,1,2026-07-02T15:30,2026-07-01T19:34:35,2026-07-02T15:31:02,0
828a9a3b0462,2,1 Carei,ACC,other,0,2026-07-04T23:30,2026-07-01T16:36:07,2026-07-03T22:45:59,1
26b3624bd80e,2,1 Colentina Socului,ACC,other,0,2026-07-04T23:30,2026-07-01T16:36:07,2026-07-03T22:45:59,1
99ae40816397,2,1 Socului,ACC,other,0,2026-07-04T23:30,2026-07-01T16:36:07,2026-07-03T22:45:59,1
726481db8304,2,1 Teiul Doamnei,ACC,other,0,2026-07-04T23:30,2026-07-01T16:36:07,2026-07-04T06:58:35,1
1191934812f7,2,2 Colentina 2,ACC,other,0,2026-07-04T23:30,2026-07-01T16:36:07,2026-07-04T06:58:35,1
542fd16537fd,2,2 Colentina Socului,ACC,other,0,2026-07-04T23:30,2026-07-01T16:36:07,2026-07-03T22:45:59,1
3bd34eead217,2,2 Teiul Doamnei,ACC,other,0,2026-07-04T23:30,2026-07-01T16:36:07,2026-07-04T06:58:35,1
9c30b993cc35,2,2 Voiniceni,ACC,other,0,2026-07-04T23:30,2026-07-01T16:36:07,2026-07-03T22:45:59,1
06dea23ace13,2,24 Delfinului,ACC,other,0,2026-07-04T23:30,2026-07-01T16:36:07,2026-07-03T22:45:59,1
aa07d6678dd7,2,3 Colentina Socului,ACC,other,0,2026-07-04T23:30,2026-07-01T16:36:07,2026-07-03T22:45:59,1
e2eabf4d71c6,2,3 Petricani,ACC,other,0,2026-07-04T23:30,2026-07-01T16:36:07,2026-07-04T06:58:35,1
30cc5656318e,2,3 Socului,ACC,other,0,2026-07-04T23:30,2026-07-01T16:36:07,2026-07-03T22:45:59,1
3deaeabc46ab,2,4 Colentina,ACC,other,0,2026-07-04T23:30,2026-07-01T16:36:07,2026-07-04T06:58:35,1
1cba9533870f,2,4 Socului,ACC,other,0,2026-07-04T23:30,2026-07-01T16:36:07,2026-07-03T22:45:59,1
018e97d1b2e1,2,5 Doamna Ghica,ACC,other,0,2026-07-04T23:30,2026-07-01T16:36:07,2026-07-04T06:58:35,1
7b1b43f5d723,2,5 Socului,ACC,other,0,2026-07-04T23:30,2026-07-01T16:36:07,2026-07-03T22:45:59,1
8eecbff1a64d,2,6 Colentina,ACC,other,0,2026-07-04T23:30,2026-07-01T16:36:07,2026-07-04T06:58:35,1
59766e5b36fd,2,6 Doamna Ghica,ACC,other,0,2026-07-04T23:30,2026-07-01T16:36:07,2026-07-04T06:58:35,1
41f5f0f4288d,2,6 Pantelimon,ACC,other,0,2026-07-04T23:30,2026-07-01T16:36:07,2026-07-03T22:45:59,1
9a20d32848fd,2,64 Colentina,ACC,other,0,2026-07-04T23:30,2026-07-01T16:36:07,2026-07-04T06:58:35,1
fc679606611d,2,7 Colentina,ACC,other,0,2026-07-04T23:30,2026-07-01T16:36:07,2026-07-04T06:58:35,1
ae37b5662f5a,2,7 Doamna Ghica,ACC,other,0,2026-07-04T23:30,2026-07-01T16:36:07,2026-07-04T06:58:35,1
419bbd983d03,2,8 Doamna Ghica,ACC,other,0,2026-07-04T23:30,2026-07-01T16:36:07,2026-07-04T06:58:35,1
ff2e19288e9f,2,Nada Florilor,ACC,other,0,2026-07-04T23:30,2026-07-01T16:36:07,2026-07-04T06:58:35,1
b330d46f9df7,2,1 Cheile Zanoagei,ACC,balancing,0,2026-07-01T23:30,2026-07-01T17:37:01,2026-07-02T21:21:48,0
b330d46f9df7,2,1 Cheile Zanoagei,ACC,breakdown,1,2026-07-02T23:30,2026-07-01T20:25:44,2026-07-02T21:21:48,1
2594566580c3,2,3 Colentina,ACC,balancing,0,2026-07-01T23:30,2026-07-01T17:37:01,2026-07-02T21:21:48,0
2594566580c3,2,3 Colentina,ACC,breakdown,1,2026-07-02T23:30,2026-07-01T20:25:44,2026-07-02T21:21:48,1
583ea3f4f147,2,30 Stefan cel Mare,ACC,balancing,0,2026-07-01T23:30,2026-07-01T17:37:01,2026-07-02T21:21:48,0
583ea3f4f147,2,30 Stefan cel Mare,ACC,breakdown,1,2026-07-02T23:30,2026-07-01T20:25:44,2026-07-02T21:21:48,1
47e697fcdf41,2,5 Colentina,ACC,other,0,2026-07-04T23:30,2026-07-01T17:37:01,2026-07-04T06:58:35,1
815195e558d7,2,ALMO,ACC,balancing,0,2026-07-01T23:30,2026-07-01T17:37:01,2026-07-02T21:21:48,0
815195e558d7,2,ALMO,ACC,breakdown,1,2026-07-02T23:30,2026-07-01T20:25:44,2026-07-02T21:21:48,1
8d9100366d47,2,Aleea Circului,ACC,balancing,0,2026-07-01T23:30,2026-07-01T17:37:01,2026-07-02T21:21:48,0
8d9100366d47,2,Aleea Circului,ACC,breakdown,1,2026-07-02T23:30,2026-07-01T20:25:44,2026-07-02T21:21:48,1
cb4a8ffbceec,2,Ziduri Mosi,ACC,balancing,0,2026-07-01T23:30,2026-07-01T17:37:01,2026-07-02T21:21:48,0
cb4a8ffbceec,2,Ziduri Mosi,ACC,breakdown,1,2026-07-02T23:30,2026-07-01T20:25:44,2026-07-02T21:21:48,1
0e5e3f0439ac,3,C4,ACC,other,0,2026-07-04T23:30,2026-07-01T17:37:01,2026-07-03T18:01:13,1
c1b8ef16b747,3,D 16,ACC,other,0,2026-07-04T23:30,2026-07-01T17:37:01,2026-07-03T18:01:13,1
e15be18a5dad,3,SC.3C3/1 - Module Termice,ACC,other,0,2026-07-04T23:30,2026-07-01T17:37:01,2026-07-03T18:01:13,1
30ac9b709a8e,2,17-18 Petricani,ACC,balancing,0,2026-07-01T23:30,2026-07-01T18:37:52,2026-07-03T13:48:34,0
30ac9b709a8e,2,17-18 Petricani,ACC,breakdown,1,2026-07-02T23:30,2026-07-01T20:25:44,2026-07-03T13:48:34,0
30ac9b709a8e,2,17-18 Petricani,ACC,other,2,2026-07-03T23:30,2026-07-03T11:06:23,2026-07-03T13:48:34,1
8d60019eb0b6,2,C1 Vatra Luminoasa,ACC,breakdown,0,2026-07-03T23:30,2026-07-01T18:37:52,2026-07-04T18:19:50,0
8d60019eb0b6,2,C1 Vatra Luminoasa,ACC,breakdown,1,2026-07-04T23:30,2026-07-03T22:45:59,2026-07-04T18:19:50,1
40046eb444e8,2,E2 Vatra Luminoasa,ACC,breakdown,0,2026-07-03T23:30,2026-07-01T18:37:52,2026-07-04T18:19:50,0
40046eb444e8,2,E2 Vatra Luminoasa,ACC,breakdown,1,2026-07-04T23:30,2026-07-03T22:45:59,2026-07-04T18:19:50,1
6830981a56a3,2,H1 Victor Manu,ACC,breakdown,0,2026-07-03T23:30,2026-07-01T18:37:52,2026-07-04T18:19:50,0
6830981a56a3,2,H1 Victor Manu,ACC,breakdown,1,2026-07-04T23:30,2026-07-03T22:45:59,2026-07-04T18:19:50,1
c913cec84001,2,Luncsoara,ACC,balancing,0,2026-07-01T23:30,2026-07-01T18:37:52,2026-07-02T21:21:48,0
c913cec84001,2,Luncsoara,ACC,breakdown,1,2026-07-02T23:30,2026-07-01T20:25:44,2026-07-02T21:21:48,1
c5e103d9f927,2,Modul Bl.20,ACC,other,0,2026-07-04T23:30,2026-07-01T18:37:52,2026-07-04T06:58:35,1
6c282e75852e,2,Vila 71A,ACC,breakdown,0,2026-07-03T23:30,2026-07-01T18:37:52,2026-07-04T18:19:50,0
6c282e75852e,2,Vila 71A,ACC,breakdown,1,2026-07-04T23:30,2026-07-03T22:45:59,2026-07-04T18:19:50,1
47d89ba3bf9b,3,1Muncii,ACC,other,0,2026-07-04T23:30,2026-07-01T18:37:52,2026-07-02T17:57:31,1
9f6750d4df00,1,DTM,ACC,breakdown,0,2026-07-03T23:30,2026-07-01T19:34:35,2026-07-03T00:04:33,1
476c36de147f,2,1 Dimitrov,ACC,breakdown,0,2026-07-02T23:30,2026-07-01T19:34:35,2026-07-02T17:57:31,1
f2d8f55c478b,2,1 Republicii,ACC,breakdown,0,2026-07-02T23:30,2026-07-01T19:34:35,2026-07-02T17:57:31,1
2623effb694b,2,3 Vaselor,ACC,breakdown,0,2026-07-02T23:30,2026-07-01T19:34:35,2026-07-02T17:57:31,1
9d84ef7bc37c,2,C16 Mihai Bravu,ACC,breakdown,0,2026-07-02T23:30,2026-07-01T19:34:35,2026-07-02T17:57:31,1
6dfde3cfeb4c,2,Chiristigii,ACC,breakdown,0,2026-07-02T23:30,2026-07-01T19:34:35,2026-07-02T17:57:31,1
5cd7ccc69d75,2,Mecanica Fina,ACC,breakdown,0,2026-07-02T23:30,2026-07-01T19:34:35,2026-07-01T20:25:44,1
5ff9549a1519,2,U1 Avrig,ACC,breakdown,0,2026-07-02T23:30,2026-07-01T19:34:35,2026-07-02T17:57:31,1
8b07939a9548,2,U2 Avrig,ACC,breakdown,0,2026-07-02T23:30,2026-07-01T19:34:35,2026-07-02T17:57:31,1
ce27bdd6171a,3,2 Baia de Arama,ACC,missing_params,0,2026-07-04T23:30,2026-07-01T19:34:35,2026-07-03T18:01:13,1
8b13ffcad00f,3,3X,ACC,missing_params,0,2026-07-04T23:30,2026-07-01T19:34:35,2026-07-02T07:45:01,1
4722c5a235eb,3,IOR,ACC,missing_params,0,2026-07-04T23:30,2026-07-01T19:34:35,2026-07-02T07:45:01,1
2dd921bfdf5b,2,1 Colentina,ACC,breakdown,0,2026-07-02T23:30,2026-07-01T20:25:44,2026-07-02T21:21:48,1
98ab16e0dddd,2,2 Cheile Zanoagei,ACC,breakdown,0,2026-07-02T23:30,2026-07-01T20:25:44,2026-07-02T21:21:48,1
cf3fb5f2a5f6,2,2 Colentina,ACC,breakdown,0,2026-07-02T23:30,2026-07-01T20:25:44,2026-07-02T21:21:48,1
339439f73766,2,29 Stefan cel Mare,ACC,breakdown,0,2026-07-02T23:30,2026-07-01T20:25:44,2026-07-02T21:21:48,1
77a5cf984076,2,3 Cheile Zanoagei,ACC,breakdown,0,2026-07-02T23:30,2026-07-01T20:25:44,2026-07-02T21:21:48,1
d2392c6916bd,2,3 Stefan cel Mare,ACC,breakdown,0,2026-07-02T23:30,2026-07-01T20:25:44,2026-07-02T21:21:48,1
b6b865cb56fb,2,4 Cheile Zanoagei,ACC,breakdown,0,2026-07-02T23:30,2026-07-01T20:25:44,2026-07-02T21:21:48,1
86fd4e40342b,2,4 Stefan cel Mare,ACC,breakdown,0,2026-07-02T23:30,2026-07-01T20:25:44,2026-07-02T21:21:48,1
90e8de048d95,2,5 Lacul Tei,ACC,breakdown,0,2026-07-02T23:30,2026-07-01T20:25:44,2026-07-02T21:21:48,1
719cbec4ef0a,2,5 Mosilor,ACC,breakdown,0,2026-07-02T23:30,2026-07-01T20:25:44,2026-07-02T21:21:48,1
1772a7bbd431,2,7 IRTA,ACC,breakdown,0,2026-07-02T23:30,2026-07-01T20:25:44,2026-07-04T09:46:25,0
1772a7bbd431,2,7 IRTA,ACC,other,1,2026-07-04T23:30,2026-07-02T21:21:48,2026-07-04T09:46:25,1
d674c9804c43,2,Barbu Vacarescu,ACC,breakdown,0,2026-07-02T23:30,2026-07-01T20:25:44,2026-07-02T21:21:48,1
77fe0eea9ade,2,ICB,ACC,breakdown,0,2026-07-02T23:30,2026-07-01T20:25:44,2026-07-10T18:18:11,0
77fe0eea9ade,2,ICB,ACC,other,1,2026-07-03T12:00,2026-07-02T21:21:48,2026-07-10T18:18:11,0
77fe0eea9ade,2,ICB,ACC,other,2,2026-07-03T23:30,2026-07-03T13:48:34,2026-07-10T18:18:11,0
77fe0eea9ade,2,ICB,ACC,other,3,2026-07-04T23:30,2026-07-03T22:45:59,2026-07-10T18:18:11,0
77fe0eea9ade,2,ICB,ACC,other,4,2026-07-05T23:30,2026-07-04T22:51:38,2026-07-10T18:18:11,0
77fe0eea9ade,2,ICB,ACC,other,5,2026-07-06T10:00,2026-07-05T22:58:14,2026-07-10T18:18:11,0
77fe0eea9ade,2,ICB,ACC,breakdown,6,2026-07-10T23:00,2026-07-07T10:52:28,2026-07-10T18:18:11,1
497ee4134eea,2,Liceul Iulia Hasdeu,ACC,breakdown,0,2026-07-02T23:30,2026-07-01T20:25:44,2026-07-02T21:21:48,1
0cd4c4e142f8,2,P10 Foisor,ACC,breakdown,0,2026-07-02T23:30,2026-07-01T20:25:44,2026-07-02T21:21:48,1
3672e35fc905,2,P16 Mihai Bravu,ACC,breakdown,0,2026-07-02T23:30,2026-07-01T20:25:44,2026-07-02T17:57:31,1
005663662ddd,2,P7 Foisor,ACC,breakdown,0,2026-07-02T23:30,2026-07-01T20:25:44,2026-07-02T21:21:48,1
4d8ca31e3b29,2,P7A Foisor,ACC,breakdown,0,2026-07-02T23:30,2026-07-01T20:25:44,2026-07-02T21:21:48,1
ccbe8b2a1492,2,P8 Foisor,ACC,breakdown,0,2026-07-02T23:30,2026-07-01T20:25:44,2026-07-02T21:21:48,1
c41b71684b80,2,4' Pantelimon,ACC,other,0,2026-07-04T23:30,2026-07-01T21:10:05,2026-07-02T07:45:01,1
4f376ae729bb,2,7 Muncii,ACC,other,0,2026-07-04T23:30,2026-07-01T21:10:05,2026-07-03T15:51:16,1
9fa73d1a1e2d,2,Modul Bl. 23,ACC,breakdown,0,2026-07-02T23:30,2026-07-01T21:10:05,2026-07-02T21:21:48,1
e0a96b437045,2,Spitalul Clinic Colentina,ACC,breakdown,0,2026-07-02T23:30,2026-07-01T21:10:05,2026-07-02T21:21:48,1
d12b0d414ac6,4,1 Zona V,ACC,missing_params,0,2026-07-01T23:00,2026-07-01T21:10:05,2026-07-01T23:22:26,0
5c7f9471d6b9,4,2 Vifornita,ACC,missing_params,0,2026-07-01T23:00,2026-07-01T21:10:05,2026-07-01T23:22:26,0
fc5fbe87f864,4,3 Zona V,ACC,missing_params,0,2026-07-01T23:00,2026-07-01T21:10:05,2026-07-01T23:22:26,0
ffcae8c4844b,4,Spinis,ACC,missing_params,0,2026-07-01T23:00,2026-07-01T21:10:05,2026-07-01T23:22:26,0
da6e799726eb,2,A4 Basarabia,ACC,other,0,2026-07-04T23:30,2026-07-01T21:54:03,2026-07-02T07:45:01,1
729be5c09db3,4,3 Zona II,ACC,missing_params,0,2026-07-01T23:00,2026-07-01T21:54:03,2026-07-01T23:22:26,0
c3a69461bfe7,4,6 Zona II,ACC,missing_params,0,2026-07-01T23:00,2026-07-01T21:54:03,2026-07-01T23:22:26,0
42f2f7c9c0cb,2,33 Muncii,ACC,other,0,2026-07-04T23:30,2026-07-01T22:31:43,2026-07-02T07:45:01,1
2c51f1bbe4b7,2,A2 Basarabia,ACC,other,0,2026-07-04T23:30,2026-07-01T22:31:43,2026-07-02T07:45:01,1
a47ee18d5cea,3,MY,ACC,missing_params,0,2026-07-04T23:30,2026-07-02T00:00:49,2026-07-03T21:01:34,1
c0b0e13624ee,1,1 Aviatiei,ACC,breakdown,0,2026-07-04T23:30,2026-07-02T07:45:01,2026-07-02T10:56:57,1
e043545c0f39,1,1 Ilie Pintilie,ACC,breakdown,0,2026-07-04T23:30,2026-07-02T07:45:01,2026-07-02T10:56:57,1
61c78b11abbb,1,11 Dorobanti,ACC,breakdown,0,2026-07-04T23:30,2026-07-02T07:45:01,2026-07-02T10:56:57,1
fe159cceba2f,1,12 Gostat,ACC,breakdown,0,2026-07-04T23:30,2026-07-02T07:45:01,2026-07-02T10:56:57,1
29e1e59a3460,1,2 Aviatiei,ACC,breakdown,0,2026-07-04T23:30,2026-07-02T07:45:01,2026-07-02T10:56:57,1
50f1d2cc8233,1,2 Dorobanti,ACC,breakdown,0,2026-07-04T23:30,2026-07-02T07:45:01,2026-07-02T10:56:57,1
bcd114d1944e,1,2 Ilie Pintilie,ACC,breakdown,0,2026-07-04T23:30,2026-07-02T07:45:01,2026-07-06T07:39:21,0
bcd114d1944e,1,2 Ilie Pintilie,ACC,balancing,1,2026-07-04T09:00,2026-07-04T06:58:35,2026-07-06T07:39:21,0
bcd114d1944e,1,2 Ilie Pintilie,ACC,balancing,2,2026-07-04T16:00,2026-07-04T09:46:25,2026-07-06T07:39:21,0
bcd114d1944e,1,2 Ilie Pintilie,ACC,balancing,3,2026-07-05T23:30,2026-07-04T23:43:06,2026-07-06T07:39:21,0
bcd114d1944e,1,2 Ilie Pintilie,ACC,missing_params,4,2026-07-06T10:00,2026-07-05T22:58:14,2026-07-06T07:39:21,1
67fa4ccc5a25,1,2 P-ta Victoriei,ACC,breakdown,0,2026-07-04T23:30,2026-07-02T07:45:01,2026-07-04T09:46:25,1
67fa4ccc5a25,1,2 P-ta Victoriei,ACC,balancing,1,2026-07-04T09:00,2026-07-04T06:58:35,2026-07-04T09:46:25,0
fde5c0129a05,1,3 Aviatiei,ACC,breakdown,0,2026-07-04T23:30,2026-07-02T07:45:01,2026-07-02T10:56:57,1
430a7e21de33,1,3 P-Ţa Victoriei,ACC,breakdown,0,2026-07-04T23:30,2026-07-02T07:45:01,2026-07-04T09:46:25,1
430a7e21de33,1,3 P-Ţa Victoriei,ACC,balancing,1,2026-07-04T09:00,2026-07-04T06:58:35,2026-07-04T09:46:25,0
368164fec792,1,4 Aviatiei,ACC,breakdown,0,2026-07-04T23:30,2026-07-02T07:45:01,2026-07-02T10:56:57,1
6c6ab224ec70,1,5 Aviatiei,ACC,breakdown,0,2026-07-04T23:30,2026-07-02T07:45:01,2026-07-02T10:56:57,1
363b085e4a94,1,6 Aviatiei,ACC,breakdown,0,2026-07-04T23:30,2026-07-02T07:45:01,2026-07-02T10:56:57,1
2bdb2e9f19af,1,61-63 Dorobanti,ACC,breakdown,0,2026-07-04T23:30,2026-07-02T07:45:01,2026-07-02T10:56:57,1
e2c2c27dd9b3,1,Atelier Vicarb,ACC,breakdown,0,2026-07-04T23:30,2026-07-02T07:45:01,2026-07-04T09:46:25,1
e2c2c27dd9b3,1,Atelier Vicarb,ACC,balancing,1,2026-07-04T09:00,2026-07-04T06:58:35,2026-07-04T09:46:25,0
0a0e13a03c07,1,Beller Bitolia,ACC,breakdown,0,2026-07-04T23:30,2026-07-02T07:45:01,2026-07-02T10:56:57,1
3e38cbac3193,1,Casata,ACC,breakdown,0,2026-07-04T23:30,2026-07-02T07:45:01,2026-07-02T10:56:57,1
72bc64b31850,1,Cosmonautilor,ACC,breakdown,0,2026-07-04T23:30,2026-07-02T07:45:01,2026-07-02T10:56:57,1
43ddfa374c68,1,Floreasca,ACC,breakdown,0,2026-07-04T23:30,2026-07-02T07:45:01,2026-07-02T10:56:57,1
6e6ca7a4c6f8,1,Perla,ACC,breakdown,0,2026-07-04T23:30,2026-07-02T07:45:01,2026-07-02T10:56:57,1
30b4eb8a2309,1,Radu Beller,ACC,breakdown,0,2026-07-04T23:30,2026-07-02T07:45:01,2026-07-02T10:56:57,1
365f634eba37,2,2 Stefan cel Mare,ACC,breakdown,0,2026-07-02T23:30,2026-07-02T07:45:01,2026-07-02T21:21:48,1
58f59efbb3c4,2,Modul Bl. 6 Stefan cel Mare,ACC,breakdown,0,2026-07-02T23:30,2026-07-02T07:45:01,2026-07-02T21:21:48,1
d91441af9235,3,14 Foișor,ACC,breakdown,0,2026-07-02T14:30,2026-07-02T10:56:57,2026-07-02T15:31:02,0
25bc12a160dd,3,2 Călăraşi,ACC,breakdown,0,2026-07-02T15:30,2026-07-02T10:56:57,2026-07-02T17:57:31,0
25bc12a160dd,3,2 Călăraşi,ACC,breakdown,1,2026-07-02T17:30,2026-07-02T15:31:02,2026-07-02T17:57:31,0
f9a9a9005c89,3,E6,ACC,breakdown,0,2026-07-02T15:30,2026-07-02T10:56:57,2026-07-02T15:31:02,0
a910578c29f3,6,3 Dreptății - Partial,ACC,breakdown,0,2026-07-02T14:30,2026-07-02T10:56:57,2026-07-02T15:31:02,0
8fc222a9498b,6,MILITARI - 3 Placare - Partial,ACC,breakdown,0,2026-07-02T13:30,2026-07-02T10:56:57,2026-07-02T15:31:02,0
614d22f38d30,6,SC 14,ACC,breakdown,0,2026-07-02T15:30,2026-07-02T10:56:57,2026-07-02T15:31:02,0
8a9cba190e32,2,5 Lacul Tei - Partial,ACC,breakdown,0,2026-07-08T15:30,2026-07-02T21:21:48,2026-07-04T09:46:25,1
61e0cac8f88a,1,1 Aviatiei,ACC,balancing,0,2026-07-03T18:00,2026-07-03T11:06:23,2026-07-03T13:48:34,1
e1ef0a3310e8,1,Radu Beller,ACC,balancing,0,2026-07-03T18:00,2026-07-03T11:06:23,2026-07-03T13:48:34,1
3a1c8f438412,3,SC.1Baba Novac - Partial,ACC,planned_works,0,2026-07-03T13:30,2026-07-03T11:06:23,2026-07-03T13:48:34,0
90940a3887dc,5,2 Drumul Sarii,ACC,planned_works,0,2026-07-03T12:00,2026-07-03T11:06:23,2026-07-03T13:48:34,0
f5c1f8cc3290,6,Prunaru,ACC,planned_works,0,2026-07-03T13:30,2026-07-03T11:06:23,2026-07-03T13:48:34,0
fd5056dadbb7,6,Razoare,ACC,planned_works,0,2026-07-03T14:00,2026-07-03T11:06:23,2026-07-03T18:01:13,0
970c7385ade8,3,12 Foișor,ACC,planned_works,0,2026-07-03T14:30,2026-07-03T13:48:34,2026-07-03T15:51:16,0
ed3ead7a000d,3,9 Placare-T,ACC,breakdown,0,2026-07-03T15:30,2026-07-03T13:48:34,2026-07-03T19:43:43,0
ed3ead7a000d,3,9 Placare-T,ACC,breakdown,1,2026-07-03T18:30,2026-07-03T18:01:13,2026-07-03T19:43:43,0
5ab650085dab,5,Intrarea Drumul Taberei - Partial,ACC,breakdown,0,2026-07-03T15:30,2026-07-03T13:48:34,2026-07-03T15:51:16,0
185a03d181c1,6,1 Roșu,ACC,missing_params,0,2026-07-03T16:00,2026-07-03T13:48:34,2026-07-03T15:51:16,1
b3dd3f933bb3,6,1 Veteranilor,ACC,missing_params,0,2026-07-03T16:00,2026-07-03T13:48:34,2026-07-03T15:51:16,1
07e12b8221ae,6,10 Aragonitului,ACC,missing_params,0,2026-07-03T16:00,2026-07-03T13:48:34,2026-07-03T15:51:16,1
5f6f5bb7e81b,6,10 Liniei,ACC,missing_params,0,2026-07-03T16:00,2026-07-03T13:48:34,2026-07-03T15:51:16,1
c80db2c1a1a9,6,11 Liniei,ACC,missing_params,0,2026-07-03T16:00,2026-07-03T13:48:34,2026-07-03T15:51:16,1
44c8737607c5,6,11 Mărgelelor,ACC,missing_params,0,2026-07-03T16:00,2026-07-03T13:48:34,2026-07-03T15:51:16,1
d7e3f9d69f17,6,12 Maratonului,ACC,missing_params,0,2026-07-03T16:00,2026-07-03T13:48:34,2026-07-03T15:51:16,1
6916f875e78f,6,14 Păcii,ACC,missing_params,0,2026-07-03T16:00,2026-07-03T13:48:34,2026-07-03T15:51:16,1
3249db91cf99,6,2 Îndesirii,ACC,missing_params,0,2026-07-03T16:00,2026-07-03T13:48:34,2026-07-03T15:51:16,1
de0cb701f387,6,MILITARI - 1 Placare,ACC,missing_params,0,2026-07-03T16:00,2026-07-03T13:48:34,2026-07-03T15:51:16,1
9144bc7ae8bb,6,MILITARI - 4 Placare,ACC,missing_params,0,2026-07-03T16:00,2026-07-03T13:48:34,2026-07-03T15:51:16,1
1960d1d46934,6,MILITARI - 7 Placare,ACC,missing_params,0,2026-07-03T16:00,2026-07-03T13:48:34,2026-07-03T15:51:16,1
24ca4cb385e7,6,MILITARI - 8 Placare,ACC,missing_params,0,2026-07-03T16:00,2026-07-03T13:48:34,2026-07-03T15:51:16,1
02b43264c50b,6,MILITARI - 9 Placare,ACC,missing_params,0,2026-07-03T16:00,2026-07-03T13:48:34,2026-07-03T15:51:16,1
0e18f4ac7594,1,1 Aviatiei,ACC,missing_params,0,2026-07-03T21:00,2026-07-03T18:01:13,2026-07-05T08:28:59,0
0e18f4ac7594,1,1 Aviatiei,ACC,balancing,1,2026-07-03T23:30,2026-07-03T21:01:34,2026-07-05T08:28:59,0
0e18f4ac7594,1,1 Aviatiei,ACC,balancing,2,2026-07-04T01:00,2026-07-03T23:52:51,2026-07-05T08:28:59,0
0e18f4ac7594,1,1 Aviatiei,ACC,balancing,3,2026-07-04T09:00,2026-07-04T06:58:35,2026-07-05T08:28:59,0
0e18f4ac7594,1,1 Aviatiei,ACC,balancing,4,2026-07-04T16:00,2026-07-04T09:46:25,2026-07-05T08:28:59,0
0e18f4ac7594,1,1 Aviatiei,ACC,balancing,5,2026-07-04T23:30,2026-07-04T17:06:06,2026-07-05T08:28:59,0
0e18f4ac7594,1,1 Aviatiei,ACC,balancing,6,2026-07-05T23:30,2026-07-04T23:43:06,2026-07-05T08:28:59,1
1b2599c0bfe3,1,6 Aviatiei,ACC,missing_params,0,2026-07-03T21:00,2026-07-03T18:01:13,2026-07-05T08:28:59,0
1b2599c0bfe3,1,6 Aviatiei,ACC,balancing,1,2026-07-03T23:30,2026-07-03T21:01:34,2026-07-05T08:28:59,0
1b2599c0bfe3,1,6 Aviatiei,ACC,balancing,2,2026-07-04T01:00,2026-07-03T23:52:51,2026-07-05T08:28:59,0
1b2599c0bfe3,1,6 Aviatiei,ACC,balancing,3,2026-07-04T09:00,2026-07-04T06:58:35,2026-07-05T08:28:59,0
1b2599c0bfe3,1,6 Aviatiei,ACC,balancing,4,2026-07-04T16:00,2026-07-04T09:46:25,2026-07-05T08:28:59,0
1b2599c0bfe3,1,6 Aviatiei,ACC,balancing,5,2026-07-04T23:30,2026-07-04T17:06:06,2026-07-05T08:28:59,0
1b2599c0bfe3,1,6 Aviatiei,ACC,balancing,6,2026-07-05T23:30,2026-07-04T23:43:06,2026-07-05T08:28:59,1
a589d995d94e,4,1 Stoian Militaru - Partial,ACC,breakdown,0,2026-07-03T19:30,2026-07-03T18:01:13,2026-07-03T21:01:34,0
629e25e91394,6,SC 6/2 - MODULE TERMICE - Partial,ACC,planned_works,0,2026-07-07T23:00,2026-07-03T18:01:13,2026-07-07T20:51:30,1
9415597a22d2,1,5 Aviatiei,ACC,balancing,0,2026-07-03T23:30,2026-07-03T21:01:34,2026-07-05T08:28:59,0
9415597a22d2,1,5 Aviatiei,ACC,balancing,1,2026-07-04T01:00,2026-07-03T23:52:51,2026-07-05T08:28:59,0
9415597a22d2,1,5 Aviatiei,ACC,balancing,2,2026-07-04T09:00,2026-07-04T06:58:35,2026-07-05T08:28:59,0
9415597a22d2,1,5 Aviatiei,ACC,balancing,3,2026-07-04T16:00,2026-07-04T09:46:25,2026-07-05T08:28:59,0
9415597a22d2,1,5 Aviatiei,ACC,balancing,4,2026-07-04T23:30,2026-07-04T17:06:06,2026-07-05T08:28:59,0
9415597a22d2,1,5 Aviatiei,ACC,balancing,5,2026-07-05T23:30,2026-07-04T23:43:06,2026-07-05T08:28:59,1
693efc346f5e,6,13 Liniei,ACC,missing_params,0,2026-07-03T23:30,2026-07-03T22:45:59,2026-07-03T23:52:51,0
1f09d44324ad,6,MILITARI - 3 Placare,ACC,missing_params,0,2026-07-03T23:30,2026-07-03T22:45:59,2026-07-03T23:52:51,0
b2ad2a7a7fa9,6,MILITARI - 3A Placare,ACC,missing_params,0,2026-07-03T23:30,2026-07-03T22:45:59,2026-07-03T23:52:51,0
e9a90c5d5cdb,6,MILITARI - 5 Placare,ACC,missing_params,0,2026-07-03T23:30,2026-07-03T22:45:59,2026-07-03T23:52:51,0
4eb9a87b6b3d,6,MILITARI - 5A Placare,ACC,missing_params,0,2026-07-03T23:30,2026-07-03T22:45:59,2026-07-03T23:52:51,0
dc2c0e6d4b95,1,4 Aviatiei,ACC,balancing,0,2026-07-04T09:00,2026-07-04T06:58:35,2026-07-05T08:28:59,0
dc2c0e6d4b95,1,4 Aviatiei,ACC,balancing,1,2026-07-04T16:00,2026-07-04T09:46:25,2026-07-05T08:28:59,0
dc2c0e6d4b95,1,4 Aviatiei,ACC,balancing,2,2026-07-04T23:30,2026-07-04T17:06:06,2026-07-05T08:28:59,0
dc2c0e6d4b95,1,4 Aviatiei,ACC,balancing,3,2026-07-05T23:30,2026-07-04T23:43:06,2026-07-05T08:28:59,1
6b12ffebcc58,4,Posta,ACC,missing_params,0,2026-07-04T10:00,2026-07-04T06:58:35,2026-07-04T12:13:45,0
ce3a1d265545,4,Sabaoani,ACC,missing_params,0,2026-07-04T10:00,2026-07-04T06:58:35,2026-07-04T19:30:20,0
ce3a1d265545,4,Sabaoani,ACC,missing_params,1,2026-07-04T23:00,2026-07-04T12:13:45,2026-07-04T19:30:20,1
36aff67d745e,1,2 Aviatiei,ACC,balancing,0,2026-07-04T16:00,2026-07-04T09:46:25,2026-07-05T08:28:59,0
36aff67d745e,1,2 Aviatiei,ACC,balancing,1,2026-07-04T23:30,2026-07-04T17:06:06,2026-07-05T08:28:59,0
36aff67d745e,1,2 Aviatiei,ACC,balancing,2,2026-07-05T23:30,2026-07-04T23:43:06,2026-07-05T08:28:59,1
ebc41a28ad45,1,Radu Beller,ACC,balancing,0,2026-07-04T16:00,2026-07-04T09:46:25,2026-07-05T08:28:59,0
ebc41a28ad45,1,Radu Beller,ACC,balancing,1,2026-07-04T23:30,2026-07-04T17:06:06,2026-07-05T08:28:59,0
ebc41a28ad45,1,Radu Beller,ACC,balancing,2,2026-07-05T23:30,2026-07-04T23:43:06,2026-07-05T08:28:59,1
30a1fda219a0,6,13 Liniei,ACC,missing_params,0,2026-07-04T12:00,2026-07-04T09:46:25,2026-07-04T15:15:57,0
30a1fda219a0,6,13 Liniei,ACC,missing_params,1,2026-07-04T23:30,2026-07-04T12:13:45,2026-07-04T15:15:57,1
69157bc8788b,6,MILITARI - 3 Placare,ACC,missing_params,0,2026-07-04T12:00,2026-07-04T09:46:25,2026-07-04T15:15:57,0
69157bc8788b,6,MILITARI - 3 Placare,ACC,missing_params,1,2026-07-04T23:30,2026-07-04T12:13:45,2026-07-04T15:15:57,1
bdd9d1997fcb,6,MILITARI - 3A Placare,ACC,missing_params,0,2026-07-04T12:00,2026-07-04T09:46:25,2026-07-04T15:15:57,0
bdd9d1997fcb,6,MILITARI - 3A Placare,ACC,missing_params,1,2026-07-04T23:30,2026-07-04T12:13:45,2026-07-04T15:15:57,1
16448dda6c3b,6,MILITARI - 5 Placare,ACC,missing_params,0,2026-07-04T12:00,2026-07-04T09:46:25,2026-07-05T08:28:59,0
16448dda6c3b,6,MILITARI - 5 Placare,ACC,missing_params,1,2026-07-04T23:30,2026-07-04T12:13:45,2026-07-05T08:28:59,0
16448dda6c3b,6,MILITARI - 5 Placare,ACC,missing_params,2,2026-07-05T08:00,2026-07-04T23:43:06,2026-07-05T08:28:59,0
006c75ec5226,6,MILITARI - 5A Placare,ACC,missing_params,0,2026-07-04T12:00,2026-07-04T09:46:25,2026-07-05T08:28:59,0
006c75ec5226,6,MILITARI - 5A Placare,ACC,missing_params,1,2026-07-04T23:30,2026-07-04T12:13:45,2026-07-05T08:28:59,0
006c75ec5226,6,MILITARI - 5A Placare,ACC,missing_params,2,2026-07-05T08:00,2026-07-04T23:43:06,2026-07-05T08:28:59,0
ab8d0e8e1259,3,SC.1Baba Novac,ACC,missing_params,0,2026-07-04T23:00,2026-07-04T12:13:45,2026-07-04T22:51:38,1
c502b2f37f3f,4,Ct Marasesti 9-10 - Partial,ACC,breakdown,0,2026-07-04T20:00,2026-07-04T12:13:45,2026-07-04T15:15:57,1
cd79df1b482e,1,3 Aviatiei,ACC,balancing,0,2026-07-04T16:00,2026-07-04T14:00:20,2026-07-05T08:28:59,0
cd79df1b482e,1,3 Aviatiei,ACC,balancing,1,2026-07-04T23:30,2026-07-04T17:06:06,2026-07-05T08:28:59,0
cd79df1b482e,1,3 Aviatiei,ACC,balancing,2,2026-07-05T23:30,2026-07-04T23:43:06,2026-07-05T08:28:59,1
a9a81bde13b9,2,Chiristigii,ACC,breakdown,0,2026-07-04T16:00,2026-07-04T15:15:57,2026-07-06T11:49:11,0
a9a81bde13b9,2,Chiristigii,ACC,breakdown,1,2026-07-04T19:00,2026-07-04T17:06:06,2026-07-06T11:49:11,0
a9a81bde13b9,2,Chiristigii,ACC,breakdown,2,2026-07-04T22:30,2026-07-04T19:30:20,2026-07-06T11:49:11,0
a9a81bde13b9,2,Chiristigii,ACC,breakdown,3,2026-07-05T08:00,2026-07-04T23:43:06,2026-07-06T11:49:11,0
a9a81bde13b9,2,Chiristigii,ACC,breakdown,4,2026-07-05T23:00,2026-07-05T08:28:59,2026-07-06T11:49:11,0
a9a81bde13b9,2,Chiristigii,ACC,breakdown,5,2026-07-06T15:30,2026-07-05T23:58:14,2026-07-06T11:49:11,1
65dd199b9629,6,2 Crivina - Partial,ACC,breakdown,0,2026-07-04T17:00,2026-07-04T15:15:57,2026-07-04T17:06:06,0
0d9710c6578d,6,MILITARI - 3 Placare,ACC,missing_params,0,2026-07-04T23:30,2026-07-04T18:19:50,2026-07-04T23:43:06,0
5906cf692d88,1,1 Aviatiei,ACC,missing_params,0,2026-07-05T23:30,2026-07-05T13:34:57,2026-07-06T07:39:21,0
5906cf692d88,1,1 Aviatiei,ACC,missing_params,1,2026-07-06T10:00,2026-07-05T22:58:14,2026-07-06T07:39:21,1
601dfe7589dc,1,2 Aviatiei,ACC,missing_params,0,2026-07-05T23:30,2026-07-05T13:34:57,2026-07-06T07:39:21,0
601dfe7589dc,1,2 Aviatiei,ACC,missing_params,1,2026-07-06T10:00,2026-07-05T22:58:14,2026-07-06T07:39:21,1
896a32944ea8,1,3 Aviatiei,ACC,missing_params,0,2026-07-05T23:30,2026-07-05T13:34:57,2026-07-06T07:39:21,0
896a32944ea8,1,3 Aviatiei,ACC,missing_params,1,2026-07-06T10:00,2026-07-05T22:58:14,2026-07-06T07:39:21,1
75fdc5744cca,1,4 Aviatiei,ACC,missing_params,0,2026-07-05T23:30,2026-07-05T13:34:57,2026-07-06T07:39:21,0
75fdc5744cca,1,4 Aviatiei,ACC,missing_params,1,2026-07-06T10:00,2026-07-05T22:58:14,2026-07-06T07:39:21,1
b1bcc02684ac,1,Radu Beller,ACC,missing_params,0,2026-07-05T23:30,2026-07-05T13:34:57,2026-07-06T15:36:08,0
b1bcc02684ac,1,Radu Beller,ACC,missing_params,1,2026-07-06T10:00,2026-07-05T22:58:14,2026-07-06T15:36:08,0
b1bcc02684ac,1,Radu Beller,ACC,missing_params,2,2026-07-06T14:00,2026-07-06T11:49:11,2026-07-06T15:36:08,0
b34175b262bd,6,MILITARI - 3 Placare,ACC,missing_params,0,2026-07-05T23:30,2026-07-05T13:34:57,2026-07-06T11:49:11,0
b34175b262bd,6,MILITARI - 3 Placare,ACC,missing_params,1,2026-07-06T08:00,2026-07-05T23:58:14,2026-07-06T11:49:11,0
3fe49eb40365,6,MILITARI - 5 Placare,ACC,missing_params,0,2026-07-05T23:30,2026-07-05T13:34:57,2026-07-06T15:36:08,0
3fe49eb40365,6,MILITARI - 5 Placare,ACC,missing_params,1,2026-07-06T08:00,2026-07-05T23:58:14,2026-07-06T15:36:08,0
3fe49eb40365,6,MILITARI - 5 Placare,ACC,missing_params,2,2026-07-06T12:00,2026-07-06T11:49:11,2026-07-06T15:36:08,0
b530a51d1ce7,6,MILITARI - 5A Placare,ACC,missing_params,0,2026-07-05T23:30,2026-07-05T13:34:57,2026-07-06T15:36:08,0
b530a51d1ce7,6,MILITARI - 5A Placare,ACC,missing_params,1,2026-07-06T08:00,2026-07-05T23:58:14,2026-07-06T15:36:08,0
b530a51d1ce7,6,MILITARI - 5A Placare,ACC,missing_params,2,2026-07-06T12:00,2026-07-06T11:49:11,2026-07-06T15:36:08,0
e24df9ad0336,4,1 Stoian Militaru,ACC,missing_params,0,2026-07-05T23:30,2026-07-05T15:02:35,2026-07-05T23:58:14,0
f47bb123eadb,4,3 Nitu Vasile,ACC,missing_params,0,2026-07-05T23:30,2026-07-05T15:02:35,2026-07-05T23:58:14,0
bbbf996d088f,6,12/4,ACC,missing_params,0,2026-07-05T23:30,2026-07-05T17:06:00,2026-07-06T01:00:06,0
aa8ca7cc051a,2,1 Teiul Doamnei,ACC,missing_params,0,2026-07-05T23:00,2026-07-05T18:35:36,2026-07-05T20:43:07,1
7e50a47aa655,6,13 Liniei,ACC,missing_params,0,2026-07-05T23:30,2026-07-05T20:43:07,2026-07-06T11:49:11,0
7e50a47aa655,6,13 Liniei,ACC,missing_params,1,2026-07-06T08:00,2026-07-05T23:58:14,2026-07-06T11:49:11,0
4d9ab900c70e,6,2/8,ACC,missing_params,0,2026-07-05T23:30,2026-07-05T20:43:07,2026-07-06T01:00:06,0
b9ac8cef4eaf,6,3/6,ACC,missing_params,0,2026-07-05T23:30,2026-07-05T20:43:07,2026-07-06T01:00:06,0
42f800d4fd0b,6,4/10,ACC,missing_params,0,2026-07-05T23:30,2026-07-05T20:43:07,2026-07-06T01:00:06,0
bf06f31e43ef,6,4/8,ACC,missing_params,0,2026-07-05T23:30,2026-07-05T20:43:07,2026-07-06T01:00:06,0
ff7f9b64cd87,6,5/5,ACC,missing_params,0,2026-07-05T23:30,2026-07-05T20:43:07,2026-07-06T01:00:06,0
ab782c761f24,6,6/8,ACC,missing_params,0,2026-07-05T23:30,2026-07-05T20:43:07,2026-07-06T01:00:06,0
8692dca2b77b,6,7/5,ACC,missing_params,0,2026-07-05T23:30,2026-07-05T20:43:07,2026-07-06T01:00:06,0
7fb6e6bd1f8e,6,8/5,ACC,missing_params,0,2026-07-05T23:30,2026-07-05T20:43:07,2026-07-06T01:00:06,0
182f88752316,6,9/4,ACC,missing_params,0,2026-07-05T23:30,2026-07-05T20:43:07,2026-07-06T01:00:06,0
fbc4198a49b5,6,MILITARI - 3A Placare,ACC,missing_params,0,2026-07-05T23:30,2026-07-05T20:43:07,2026-07-06T11:49:11,0
fbc4198a49b5,6,MILITARI - 3A Placare,ACC,missing_params,1,2026-07-06T08:00,2026-07-05T23:58:14,2026-07-06T11:49:11,0
0d0f3a428e4e,6,NEFAMILISTI,ACC,missing_params,0,2026-07-05T23:30,2026-07-05T20:43:07,2026-07-06T01:00:06,0
ed8bffe837db,4,1 Zona V,ACC,missing_params,0,2026-07-05T23:30,2026-07-05T21:44:30,2026-07-05T23:58:14,0
d9edd8105242,4,2 Stoian Militaru,ACC,missing_params,0,2026-07-05T23:30,2026-07-05T21:44:30,2026-07-05T23:58:14,0
43f661ccfcc7,4,2 Zona V,ACC,missing_params,0,2026-07-05T23:30,2026-07-05T21:44:30,2026-07-05T23:58:14,0
36477ba711a7,4,3 Zona II,ACC,missing_params,0,2026-07-05T23:30,2026-07-05T21:44:30,2026-07-05T23:58:14,0
ab583e44313d,4,4 Oltenita Placare,ACC,missing_params,0,2026-07-05T23:30,2026-07-05T21:44:30,2026-07-05T23:58:14,0
f53ecd3ee48e,4,5 Brancoveanu,ACC,missing_params,0,2026-07-05T23:30,2026-07-05T21:44:30,2026-07-05T23:58:14,0
09eec556ea8d,4,6 Brancoveanu,ACC,missing_params,0,2026-07-05T23:30,2026-07-05T21:44:30,2026-07-05T23:58:14,0
fe43cf9f21de,1,5 Aviatiei,ACC,missing_params,0,2026-07-06T10:00,2026-07-05T22:58:14,2026-07-06T07:39:21,1
d27a6a7bafed,1,6 Aviatiei,ACC,missing_params,0,2026-07-06T10:00,2026-07-05T22:58:14,2026-07-06T07:39:21,1
ea56e175b285,4,2 Oltenita Placare,ACC,missing_params,0,2026-07-05T23:30,2026-07-05T22:58:14,2026-07-05T23:58:14,0
a4408e5b1553,4,1 Stoian Militaru,ACC,missing_params,0,2026-07-06T10:00,2026-07-06T07:39:21,2026-07-07T00:52:11,0
a4408e5b1553,4,1 Stoian Militaru,ACC,missing_params,1,2026-07-06T12:00,2026-07-06T11:49:11,2026-07-07T00:52:11,0
a4408e5b1553,4,1 Stoian Militaru,ACC,missing_params,2,2026-07-06T23:30,2026-07-06T15:36:08,2026-07-07T00:52:11,0
3499ab2fd9cb,4,2 Oltenita Placare,ACC,missing_params,0,2026-07-06T10:00,2026-07-06T07:39:21,2026-07-06T11:49:11,0
1f8887c7b0f1,4,3 Nitu Vasile,ACC,missing_params,0,2026-07-06T10:00,2026-07-06T07:39:21,2026-07-06T11:49:11,0
a493b045a89f,4,3 Oltenita Placare,ACC,missing_params,0,2026-07-06T10:00,2026-07-06T07:39:21,2026-07-06T11:49:11,0
bd68e3fa2611,4,4 Oltenita Placare,ACC,missing_params,0,2026-07-06T10:00,2026-07-06T07:39:21,2026-07-06T11:49:11,0
ceb7ce556df8,4,6 Brancoveanu,ACC,missing_params,0,2026-07-06T10:00,2026-07-06T07:39:21,2026-07-06T11:49:11,0
92245db3fc57,4,9 Brâncoveanu,ACC,missing_params,0,2026-07-06T10:00,2026-07-06T07:39:21,2026-07-06T11:49:11,0
b09956f255f2,4,Metalurgiei,ACC,missing_params,0,2026-07-06T10:00,2026-07-06T07:39:21,2026-07-06T11:49:11,0
b3c790f76451,1,1 Aviatiei,ACC,missing_params,0,2026-07-06T14:00,2026-07-06T11:49:11,2026-07-06T15:36:08,0
46e67b6efd7a,1,2 Aviatiei,ACC,missing_params,0,2026-07-06T14:00,2026-07-06T11:49:11,2026-07-06T15:36:08,0
dace2e73a4f9,1,2 Prefabricate,ACC,breakdown,0,2026-07-09T23:30,2026-07-06T11:49:11,2026-07-11T18:12:53,0
dace2e73a4f9,1,2 Prefabricate,ACC,breakdown,1,2026-07-10T00:00,2026-07-08T14:15:40,2026-07-11T18:12:53,0
dace2e73a4f9,1,2 Prefabricate,ACC,breakdown,2,2026-07-10T23:30,2026-07-08T15:57:02,2026-07-11T18:12:53,0
dace2e73a4f9,1,2 Prefabricate,ACC,breakdown,3,2026-07-12T08:00,2026-07-11T00:19:51,2026-07-11T18:12:53,1
5798aed7b7aa,1,3 Aviatiei,ACC,missing_params,0,2026-07-06T14:00,2026-07-06T11:49:11,2026-07-06T15:36:08,0
1b3c4d69ca4f,1,3 Dinicu Golescu,ACC,planned_works,0,2026-07-06T23:30,2026-07-06T11:49:11,2026-07-07T20:51:30,0
1b3c4d69ca4f,1,3 Dinicu Golescu,ACC,planned_works,1,2026-07-07T23:30,2026-07-06T23:19:33,2026-07-07T20:51:30,1
579cccac93cc,1,4 Aviatiei,ACC,missing_params,0,2026-07-06T14:00,2026-07-06T11:49:11,2026-07-06T15:36:08,0
3e743ef651d7,1,5 Aviatiei,ACC,missing_params,0,2026-07-06T14:00,2026-07-06T11:49:11,2026-07-06T15:36:08,0
74394f63d13b,1,6 ACM,ACC,breakdown,0,2026-07-09T23:30,2026-07-06T11:49:11,2026-07-11T18:12:53,0
74394f63d13b,1,6 ACM,ACC,breakdown,1,2026-07-10T00:00,2026-07-08T14:15:40,2026-07-11T18:12:53,0
74394f63d13b,1,6 ACM,ACC,breakdown,2,2026-07-10T23:30,2026-07-08T15:57:02,2026-07-11T18:12:53,0
74394f63d13b,1,6 ACM,ACC,breakdown,3,2026-07-12T08:00,2026-07-11T00:19:51,2026-07-11T18:12:53,1
a0e96c355740,1,6 Aviatiei,ACC,missing_params,0,2026-07-06T14:00,2026-07-06T11:49:11,2026-07-06T15:36:08,0
d6e60457d174,1,Ct Baneasa 1 - Partial,ACC,breakdown,0,2026-07-06T14:00,2026-07-06T11:49:11,2026-07-06T15:36:08,0
6b1669a4c81c,1,Garnizoana,ACC,planned_works,0,2026-07-06T23:30,2026-07-06T11:49:11,2026-07-07T20:51:30,0
6b1669a4c81c,1,Garnizoana,ACC,planned_works,1,2026-07-07T23:30,2026-07-06T23:19:33,2026-07-07T20:51:30,1
5c7835ea80b3,2,1 Teiul Doamnei,ACC,other,0,2026-07-10T23:00,2026-07-06T11:49:11,2026-07-15T02:24:50,0
5c7835ea80b3,2,1 Teiul Doamnei,ACC,other,1,2026-07-13T23:00,2026-07-10T13:28:50,2026-07-15T02:24:50,0
5c7835ea80b3,2,1 Teiul Doamnei,ACC,other,2,2026-07-14T23:00,2026-07-13T15:43:16,2026-07-15T02:24:50,0
5c7835ea80b3,2,1 Teiul Doamnei,ACC,other,3,2026-07-15T08:00,2026-07-14T23:20:42,2026-07-15T02:24:50,1
dec4e0e9c235,2,2 Teiul Doamnei,ACC,other,0,2026-07-10T23:00,2026-07-06T11:49:11,2026-07-15T02:24:50,0
dec4e0e9c235,2,2 Teiul Doamnei,ACC,other,1,2026-07-13T23:00,2026-07-10T13:28:50,2026-07-15T02:24:50,0
dec4e0e9c235,2,2 Teiul Doamnei,ACC,other,2,2026-07-14T23:00,2026-07-13T15:43:16,2026-07-15T02:24:50,0
dec4e0e9c235,2,2 Teiul Doamnei,ACC,other,3,2026-07-15T08:00,2026-07-14T23:20:42,2026-07-15T02:24:50,1
6bd0383f9481,2,23 Baicului,ACC,planned_works,0,2026-07-06T14:00,2026-07-06T11:49:11,2026-07-06T15:36:08,0
2bda26763960,2,4 Colentina,ACC,other,0,2026-07-10T23:00,2026-07-06T11:49:11,2026-07-16T21:17:27,0
2bda26763960,2,4 Colentina,ACC,other,1,2026-07-13T23:00,2026-07-10T13:28:50,2026-07-16T21:17:27,0
2bda26763960,2,4 Colentina,ACC,other,2,2026-07-14T23:00,2026-07-13T15:43:16,2026-07-16T21:17:27,0
2bda26763960,2,4 Colentina,ACC,other,3,2026-07-15T08:00,2026-07-14T23:20:42,2026-07-16T21:17:27,0
2bda26763960,2,4 Colentina,ACC,breakdown,4,2026-07-15T18:00,2026-07-15T16:12:56,2026-07-16T21:17:27,0
2bda26763960,2,4 Colentina,ACC,breakdown,5,2026-07-16T23:00,2026-07-15T18:00:57,2026-07-16T21:17:27,1
cd9c5b5846e4,2,4 Colentina Socului - Partial,ACC,breakdown,0,2026-07-06T12:30,2026-07-06T11:49:11,2026-07-06T15:36:08,0
04df55055364,2,5 Colentina,ACC,other,0,2026-07-10T23:00,2026-07-06T11:49:11,2026-07-15T02:24:50,0
04df55055364,2,5 Colentina,ACC,other,1,2026-07-13T23:00,2026-07-10T13:28:50,2026-07-15T02:24:50,0
04df55055364,2,5 Colentina,ACC,other,2,2026-07-14T23:00,2026-07-13T15:43:16,2026-07-15T02:24:50,0
04df55055364,2,5 Colentina,ACC,other,3,2026-07-15T08:00,2026-07-14T23:20:42,2026-07-15T02:24:50,1
f7717d66828c,2,7 Colentina,ACC,other,0,2026-07-10T23:00,2026-07-06T11:49:11,2026-07-15T02:24:50,0
f7717d66828c,2,7 Colentina,ACC,other,1,2026-07-13T23:00,2026-07-10T13:28:50,2026-07-15T02:24:50,0
f7717d66828c,2,7 Colentina,ACC,other,2,2026-07-14T23:00,2026-07-13T15:43:16,2026-07-15T02:24:50,0
f7717d66828c,2,7 Colentina,ACC,other,3,2026-07-15T08:00,2026-07-14T23:20:42,2026-07-15T02:24:50,1
71380e6ecd1b,2,7 IRTA,ACC,other,0,2026-07-10T23:00,2026-07-06T11:49:11,2026-07-15T02:24:50,0
71380e6ecd1b,2,7 IRTA,ACC,other,1,2026-07-13T23:00,2026-07-10T13:28:50,2026-07-15T02:24:50,0
71380e6ecd1b,2,7 IRTA,ACC,other,2,2026-07-14T23:00,2026-07-13T15:43:16,2026-07-15T02:24:50,0
71380e6ecd1b,2,7 IRTA,ACC,other,3,2026-07-15T08:00,2026-07-14T23:20:42,2026-07-15T02:24:50,1
d71d241d03ff,2,U1 Avrig,ACC,breakdown,0,2026-07-06T14:00,2026-07-06T11:49:11,2026-07-08T12:11:41,0
d71d241d03ff,2,U1 Avrig,ACC,breakdown,1,2026-07-10T23:30,2026-07-06T15:36:08,2026-07-08T12:11:41,1
42777dfafe41,2,U2 Avrig,ACC,breakdown,0,2026-07-06T14:00,2026-07-06T11:49:11,2026-07-08T12:11:41,0
42777dfafe41,2,U2 Avrig,ACC,breakdown,1,2026-07-10T23:30,2026-07-06T15:36:08,2026-07-08T12:11:41,1
c21fa4fa0d43,3,1 Vitan,ACC,other,0,2026-07-06T16:00,2026-07-06T11:49:11,2026-07-06T15:36:08,1
4bb858187ecc,3,2 Călăraşi,ACC,breakdown,0,2026-07-06T13:30,2026-07-06T11:49:11,2026-07-06T15:36:08,0
58a05fe10a25,3,3 Mărăşeşti,ACC,breakdown,0,2026-07-06T13:30,2026-07-06T11:49:11,2026-07-06T15:36:08,0
0d1be00c97af,3,SC.1Baba Novac - Partial,ACC,planned_works,0,2026-07-06T15:30,2026-07-06T11:49:11,2026-07-07T18:49:33,0
0d1be00c97af,3,SC.1Baba Novac - Partial,ACC,planned_works,1,2026-07-06T16:30,2026-07-06T11:49:11,2026-07-07T18:49:33,0
0d1be00c97af,3,SC.1Baba Novac - Partial,ACC,planned_works,2,2026-07-07T15:30,2026-07-07T10:52:28,2026-07-07T18:49:33,0
0d1be00c97af,3,SC.1Baba Novac - Partial,ACC,planned_works,3,2026-07-07T17:30,2026-07-07T16:10:43,2026-07-07T18:49:33,0
3503cfa85d44,4,2 Stoian Militaru,ACC,missing_params,0,2026-07-06T12:00,2026-07-06T11:49:11,2026-07-07T00:52:11,0
3503cfa85d44,4,2 Stoian Militaru,ACC,missing_params,1,2026-07-06T23:30,2026-07-06T15:36:08,2026-07-07T00:52:11,0
63c8da1851d8,5,1 Alexandria,ACC,breakdown,0,2026-07-08T23:00,2026-07-06T11:49:11,2026-07-08T19:54:22,1
742de25b812f,5,103A,ACC,planned_works,0,2026-07-06T12:30,2026-07-06T11:49:11,2026-07-06T15:36:08,0
a6aae55eea65,5,2 Alexandria,ACC,breakdown,0,2026-07-08T23:00,2026-07-06T11:49:11,2026-07-08T19:54:22,1
4f7efcb642f0,5,5 Margeanului,ACC,breakdown,0,2026-07-08T23:00,2026-07-06T11:49:11,2026-07-08T19:54:22,1
7d261dec7e22,5,6 Margeanului,ACC,breakdown,0,2026-07-08T23:00,2026-07-06T11:49:11,2026-07-08T19:54:22,1
7ddfb2b9a6e4,5,7 Margeanului,ACC,breakdown,0,2026-07-08T23:00,2026-07-06T11:49:11,2026-07-08T19:54:22,1
e5834f3fe041,5,8 Alexandria,ACC,breakdown,0,2026-07-08T23:00,2026-07-06T11:49:11,2026-07-10T18:18:11,0
e5834f3fe041,5,8 Alexandria,ACC,breakdown,1,2026-07-09T23:00,2026-07-08T19:54:22,2026-07-10T18:18:11,0
e5834f3fe041,5,8 Alexandria,ACC,breakdown,2,2026-07-10T10:00,2026-07-09T21:24:31,2026-07-10T18:18:11,0
e5834f3fe041,5,8 Alexandria,ACC,breakdown,3,2026-07-10T16:00,2026-07-10T10:02:55,2026-07-10T18:18:11,0
55862652488e,5,8 Margeanului,ACC,breakdown,0,2026-07-08T23:00,2026-07-06T11:49:11,2026-07-08T19:54:22,1
9a001b9bad6f,5,9 Margeanului,ACC,breakdown,0,2026-07-08T23:00,2026-07-06T11:49:11,2026-07-08T19:54:22,1
a5fd735f4904,5,Garoafei,ACC,breakdown,0,2026-07-08T23:00,2026-07-06T11:49:11,2026-07-08T19:54:22,1
27940defa470,5,Soldat Croitoru,ACC,breakdown,0,2026-07-08T23:00,2026-07-06T11:49:11,2026-07-08T19:54:22,1
d907e21457ba,5,Teiuş,ACC,breakdown,0,2026-07-08T23:00,2026-07-06T11:49:11,2026-07-08T19:54:22,1
ec2d8e0c8102,5,VSNord - Partial,ACC,breakdown,0,2026-07-06T15:30,2026-07-06T11:49:11,2026-07-06T21:19:46,0
ec2d8e0c8102,5,VSNord - Partial,ACC,breakdown,1,2026-07-06T20:30,2026-07-06T15:36:08,2026-07-06T21:19:46,0
ec76084b21af,6,1 Uverturii,ACC,planned_works,0,2026-07-06T12:30,2026-07-06T11:49:11,2026-07-06T15:36:08,0
6a0cfc33f614,6,4/7,ACC,breakdown,0,2026-07-06T15:30,2026-07-06T11:49:11,2026-07-06T19:04:50,0
8129bd0d86ef,6,SC 3/3 -MODULE TERMICE - Partial,ACC,planned_works,0,2026-07-06T14:00,2026-07-06T11:49:11,2026-07-06T15:36:08,0
2a5f5297c0b4,4,2 Giurgiu,ACC,missing_params,0,2026-07-06T23:30,2026-07-06T15:36:08,2026-07-06T21:19:46,1
141a4430e197,4,2 Oltenita Placare,ACC,missing_params,0,2026-07-06T23:30,2026-07-06T15:36:08,2026-07-07T00:52:11,0
569c56a90ceb,4,4 Oltenita Placare,ACC,missing_params,0,2026-07-06T23:30,2026-07-06T15:36:08,2026-07-07T00:52:11,0
9b036cbf846c,6,Loc ICPB,ACC,breakdown,0,2026-07-13T23:30,2026-07-06T15:36:08,2026-07-08T18:16:19,1
8969930af812,1,B Dinicu Golescu,ACC,breakdown,0,2026-07-06T23:30,2026-07-06T19:04:50,2026-07-06T21:19:46,1
b0ab6707ae98,1,Club Steaua,ACC,breakdown,0,2026-07-06T23:30,2026-07-06T19:04:50,2026-07-06T21:19:46,1
afdbe21fa4e7,1,Muzeul Militar,ACC,breakdown,0,2026-07-06T23:30,2026-07-06T19:04:50,2026-07-06T21:19:46,1
bb97554f97e1,1,Spitalul Militar Central,ACC,breakdown,0,2026-07-06T23:30,2026-07-06T19:04:50,2026-07-06T21:19:46,1
c4dcaffe05c3,4,2 Nitu Vasile,ACC,missing_params,0,2026-07-06T23:30,2026-07-06T21:19:46,2026-07-07T00:52:11,0
ca5fa7f6ed49,4,3 Nitu Vasile,ACC,missing_params,0,2026-07-06T23:30,2026-07-06T21:19:46,2026-07-07T00:52:11,0
b2eebf8eb473,4,6 Brancoveanu,ACC,missing_params,0,2026-07-06T23:30,2026-07-06T21:19:46,2026-07-07T00:52:11,0
8a9d31fd2dda,4,Pieptanari,ACC,missing_params,0,2026-07-06T23:30,2026-07-06T21:19:46,2026-07-07T00:52:11,0
d84a28c40bc6,4,Urziceni,ACC,missing_params,0,2026-07-06T23:30,2026-07-06T21:19:46,2026-07-07T00:52:11,0
06eeb029fad2,6,SC 5/2 - MODULE TERMICE - Partial,ACC,planned_works,0,2026-07-07T23:00,2026-07-06T21:19:46,2026-07-07T20:51:30,1
61583f800be5,1,3 Turda,ACC,breakdown,0,2026-07-07T12:00,2026-07-07T10:52:28,2026-07-07T13:45:33,0
d59b9397f410,1,Ct Luterana,ACC,breakdown,0,2026-07-07T13:30,2026-07-07T10:52:28,2026-07-07T16:10:43,0
063a20840a0d,2,17-18 Petricani,ACC,breakdown,0,2026-07-10T23:00,2026-07-07T10:52:28,2026-07-08T15:57:02,1
5f11a28c35c8,2,3 Petricani - Partial,ACC,breakdown,0,2026-07-07T15:00,2026-07-07T10:52:28,2026-07-07T13:45:33,1
77d828f7829a,2,5 Lacul Tei,ACC,breakdown,0,2026-07-10T23:00,2026-07-07T10:52:28,2026-07-10T18:18:11,1
e37d3f27aaeb,2,6 Pantelimon,ACC,breakdown,0,2026-07-07T14:00,2026-07-07T10:52:28,2026-07-07T16:10:43,0
27bdb3cf2fef,2,7 Doamna Ghica,ACC,breakdown,0,2026-07-07T15:30,2026-07-07T10:52:28,2026-07-07T16:10:43,0
6c9d3ca21b41,2,C1 Vatra Luminoasa,ACC,breakdown,0,2026-07-10T23:30,2026-07-07T10:52:28,2026-07-08T15:57:02,1
ef19ca47c9c9,2,Ct B1 Dimitrov,ACC,breakdown,0,2026-07-07T13:00,2026-07-07T10:52:28,2026-07-07T13:45:33,0
ba8b3e14b23b,2,E2 Vatra Luminoasa,ACC,breakdown,0,2026-07-10T23:30,2026-07-07T10:52:28,2026-07-08T15:57:02,1
9b19e9214fed,2,H1 Victor Manu,ACC,breakdown,0,2026-07-10T23:30,2026-07-07T10:52:28,2026-07-09T19:40:19,1
7c57a9d36a03,2,Vila 71A,ACC,breakdown,0,2026-07-10T23:30,2026-07-07T10:52:28,2026-07-08T15:57:02,1
81e2ec15c9e6,3,1 C5/1,ACC,breakdown,0,2026-07-08T23:00,2026-07-07T10:52:28,2026-07-08T21:12:38,1
a6b9ea6f2df7,3,2 Placare-T,ACC,breakdown,0,2026-07-07T10:00,2026-07-07T10:52:28,2026-07-07T13:45:33,0
731935e1687f,3,4Placare-T - Partial,ACC,breakdown,0,2026-07-07T15:00,2026-07-07T10:52:28,2026-07-07T13:45:33,1
facef546768b,3,6Placare-T - Partial,ACC,breakdown,0,2026-07-07T14:00,2026-07-07T10:52:28,2026-07-07T13:45:33,1
d239af6b4521,3,SC.6C3/2 - Module Termice - Partial,ACC,planned_works,0,2026-07-07T12:00,2026-07-07T10:52:28,2026-07-07T13:45:33,0
bf7d3374544c,5,2 din 13 Septembrie,ACC,other,0,2026-07-08T18:00,2026-07-07T10:52:28,2026-07-08T19:54:22,0
62514669a089,5,6 Rahova - Partial,ACC,breakdown,0,2026-07-07T15:00,2026-07-07T10:52:28,2026-07-07T13:45:33,1
17c9ba28019a,5,Vicina - Partial,ACC,breakdown,0,2026-07-07T14:00,2026-07-07T10:52:28,2026-07-07T13:45:33,1
a4781ba4c76d,6,1 Crivina,ACC,planned_works,0,2026-07-07T11:30,2026-07-07T10:52:28,2026-07-07T13:45:33,0
4316a9eea225,6,10 Aragonitului,ACC,breakdown,0,2026-07-07T15:30,2026-07-07T10:52:28,2026-07-07T13:45:33,1
3bb64af0c350,6,2 Veteranilor - Partial,ACC,breakdown,0,2026-07-07T13:30,2026-07-07T10:52:28,2026-07-07T13:45:33,0
c5f0105090c7,6,6 Roșia Montană,ACC,planned_works,0,2026-07-07T14:30,2026-07-07T10:52:28,2026-07-07T13:45:33,1
43e262eeaef6,6,6/8,ACC,planned_works,0,2026-07-07T15:00,2026-07-07T10:52:28,2026-07-07T16:10:43,0
b3004010e398,2,29 Stefan cel Mare,ACC,breakdown,0,2026-07-07T15:00,2026-07-07T13:45:33,2026-07-08T12:11:41,0
b3004010e398,2,29 Stefan cel Mare,ACC,breakdown,1,2026-07-08T12:00,2026-07-08T09:37:32,2026-07-08T12:11:41,0
7d59560088ed,2,3 Petricani,ACC,breakdown,0,2026-07-07T15:00,2026-07-07T13:45:33,2026-07-07T16:10:43,0
cc1c0e085add,3,21 Foișor,ACC,breakdown,0,2026-07-10T12:00,2026-07-07T13:45:33,2026-07-09T14:33:16,1
cc1c0e085add,3,21 Foișor,ACC,breakdown,1,2026-07-10T23:00,2026-07-07T16:10:43,2026-07-09T14:33:16,1
a8ade716e610,4,2 Nitu Vasile - Partial,ACC,breakdown,0,2026-07-07T14:00,2026-07-07T13:45:33,2026-07-07T20:51:30,0
a8ade716e610,4,2 Nitu Vasile - Partial,ACC,breakdown,1,2026-07-07T19:30,2026-07-07T16:10:43,2026-07-07T20:51:30,0
18cddf8c4f04,4,2 Vacaresti,ACC,breakdown,0,2026-07-09T20:00,2026-07-07T13:45:33,2026-07-09T23:14:26,0
18cddf8c4f04,4,2 Vacaresti,ACC,breakdown,1,2026-07-10T10:00,2026-07-09T19:40:19,2026-07-09T23:14:26,1
0676fc727d46,5,Ct Scoala Ferentari,ACC,breakdown,0,2026-07-07T15:30,2026-07-07T13:45:33,2026-07-07T16:10:43,0
5a3c178990fe,2,6 Colentina,ACC,breakdown,0,2026-07-09T23:00,2026-07-07T16:10:43,2026-07-09T19:40:19,1
e41dcf7f6246,4,1 Stoian Militaru - Partial,ACC,breakdown,0,2026-07-07T20:30,2026-07-07T18:49:33,2026-07-07T22:41:30,0
7952d0edfc23,4,3 Berceni Oltenița,ACC,breakdown,0,2026-07-07T19:30,2026-07-07T18:49:33,2026-07-07T20:51:30,0
9558aea738a3,5,Marinescu,ACC,breakdown,0,2026-07-08T14:00,2026-07-07T18:49:33,2026-07-16T17:51:39,0
9558aea738a3,5,Marinescu,ACC,breakdown,1,2026-07-18T23:00,2026-07-08T15:57:02,2026-07-16T17:51:39,1
ee160e81e42a,5,Turnescu,ACC,breakdown,0,2026-07-08T14:00,2026-07-07T18:49:33,2026-07-16T19:47:01,0
ee160e81e42a,5,Turnescu,ACC,breakdown,1,2026-07-18T23:00,2026-07-08T15:57:02,2026-07-16T19:47:01,1
a989dcf7b085,1,1 Aviatiei,ACC,balancing,0,2026-07-07T23:30,2026-07-07T22:41:30,2026-07-08T00:09:41,0
c3e5259264e2,1,2 Aviatiei,ACC,balancing,0,2026-07-07T23:30,2026-07-07T22:41:30,2026-07-08T00:09:41,0
51f0920192af,1,2 Ilie Pintilie,ACC,balancing,0,2026-07-07T23:30,2026-07-07T22:41:30,2026-07-08T00:09:41,0
bc97e495cb77,1,3 Aviatiei,ACC,balancing,0,2026-07-07T23:30,2026-07-07T22:41:30,2026-07-08T00:09:41,0
3daa458302a5,1,4 Aviatiei,ACC,balancing,0,2026-07-07T23:30,2026-07-07T22:41:30,2026-07-08T00:09:41,0
23ec72a6a8c8,1,5 Aviatiei,ACC,balancing,0,2026-07-07T23:30,2026-07-07T22:41:30,2026-07-08T00:09:41,0
58d8eb197ce4,1,6 Aviatiei,ACC,balancing,0,2026-07-07T23:30,2026-07-07T22:41:30,2026-07-08T00:09:41,0
2e2de107df29,1,Radu Beller,ACC,balancing,0,2026-07-07T23:30,2026-07-07T22:41:30,2026-07-08T00:09:41,0
9366153837c5,2,5 Pantelimon,ACC,breakdown,0,2026-07-08T14:00,2026-07-08T09:37:32,2026-07-08T14:15:40,0
95d05ede2542,3,1 Matei Ambrozie,ACC,breakdown,0,2026-07-08T17:00,2026-07-08T09:37:32,2026-07-09T19:40:19,0
95d05ede2542,3,1 Matei Ambrozie,ACC,breakdown,1,2026-07-09T17:30,2026-07-09T11:46:12,2026-07-09T19:40:19,0
8fb7e5a214b6,3,8A,ACC,breakdown,0,2026-07-08T15:30,2026-07-08T09:37:32,2026-07-08T15:57:02,0
185f2e0e3e23,4,1 Vacaresti,ACC,breakdown,0,2026-07-09T20:00,2026-07-08T09:37:32,2026-07-09T23:14:26,0
185f2e0e3e23,4,1 Vacaresti,ACC,breakdown,1,2026-07-10T10:00,2026-07-09T19:40:19,2026-07-09T23:14:26,1
5c60d4ac1c52,4,4 Tineretului,ACC,breakdown,0,2026-07-09T20:00,2026-07-08T09:37:32,2026-07-09T23:14:26,0
5c60d4ac1c52,4,4 Tineretului,ACC,breakdown,1,2026-07-10T10:00,2026-07-09T19:40:19,2026-07-09T23:14:26,1
2f54e39ef9ba,4,Palatul National al Copiilor,ACC,breakdown,0,2026-07-09T20:00,2026-07-08T09:37:32,2026-07-09T23:14:26,0
2f54e39ef9ba,4,Palatul National al Copiilor,ACC,breakdown,1,2026-07-10T10:00,2026-07-09T19:40:19,2026-07-09T23:14:26,1
9a42dd7f75f1,5,103A,ACC,other,0,2026-07-09T22:00,2026-07-08T09:37:32,2026-07-10T21:45:37,0
9a42dd7f75f1,5,103A,ACC,breakdown,1,2026-07-10T23:00,2026-07-09T14:33:16,2026-07-10T21:45:37,1
bf32a2d6472a,5,2 Ferentari - Partial,ACC,breakdown,0,2026-07-08T15:00,2026-07-08T09:37:32,2026-07-08T14:15:40,1
c1d9f7bad87e,6,1 Crivina - Partial,ACC,breakdown,0,2026-07-08T13:30,2026-07-08T09:37:32,2026-07-08T14:15:40,0
cf5e9630ee3e,6,1 Virtuții - Partial,ACC,breakdown,0,2026-07-08T14:30,2026-07-08T09:37:32,2026-07-08T14:15:40,1
67873033debd,1,13-1 Mai,ACC,breakdown,0,2026-07-08T13:30,2026-07-08T12:11:41,2026-07-08T14:15:40,0
41fb384ea843,1,Ct Dorobanti - Partial,ACC,other,0,2026-07-08T15:30,2026-07-08T12:11:41,2026-07-08T15:57:02,0
62341fffb35a,2,2 Iancului - Partial,ACC,breakdown,0,2026-07-08T15:00,2026-07-08T12:11:41,2026-07-08T15:57:02,0
5487b35b5116,4,Propriu 2,ACC,breakdown,0,2026-07-08T12:00,2026-07-08T12:11:41,2026-07-08T14:15:40,0
699a34209a45,6,3/7 - Partial,ACC,breakdown,0,2026-07-08T15:00,2026-07-08T12:11:41,2026-07-08T14:15:40,1
0368fc28210c,6,4/6 - Partial,ACC,breakdown,0,2026-07-08T15:00,2026-07-08T12:11:41,2026-07-08T15:57:02,0
ca0a824c9089,3,7 Călăraşi,ACC,breakdown,0,2026-07-08T17:30,2026-07-08T15:57:02,2026-07-08T18:16:19,0
7ce83d664be0,4,2 Vifornita - Partial,ACC,breakdown,0,2026-07-08T21:30,2026-07-08T15:57:02,2026-07-08T22:54:37,0
0c024fd1edab,4,3 Tineretului,ACC,missing_params,0,2026-07-08T23:00,2026-07-08T18:16:19,2026-07-08T22:54:37,1
8a421f79883b,4,9 Brâncoveanu,ACC,missing_params,0,2026-07-08T23:00,2026-07-08T18:16:19,2026-07-08T22:54:37,1
bdc3403a6cee,4,Pieptanari,ACC,missing_params,0,2026-07-08T23:00,2026-07-08T18:16:19,2026-07-08T22:54:37,1
c1d95a4df325,4,3 Nitu Vasile,ACC,missing_params,0,2026-07-08T23:00,2026-07-08T19:54:22,2026-07-08T22:54:37,1
08d393d27f14,4,Plugarilor,ACC,missing_params,0,2026-07-08T23:00,2026-07-08T19:54:22,2026-07-09T01:00:55,0
08d393d27f14,4,Plugarilor,ACC,missing_params,1,2026-07-09T23:30,2026-07-08T22:54:37,2026-07-09T01:00:55,1
4cd85ee90a42,6,Ansamblul QUADRA PLACE I,ACC,breakdown,0,2026-07-09T23:30,2026-07-08T19:54:22,2026-07-09T23:14:26,1
4cd85ee90a42,6,Ansamblul QUADRA PLACE I,ACC,breakdown,1,2026-07-10T23:30,2026-07-09T11:46:12,2026-07-09T23:14:26,1
d9b714cc504b,6,Liceul Mircea Eliade,ACC,breakdown,0,2026-07-09T23:30,2026-07-08T19:54:22,2026-07-09T23:14:26,1
d9b714cc504b,6,Liceul Mircea Eliade,ACC,breakdown,1,2026-07-10T23:30,2026-07-09T11:46:12,2026-07-09T23:14:26,1
77662eea7688,4,Norilor,ACC,missing_params,0,2026-07-09T23:30,2026-07-09T08:03:35,2026-07-09T11:46:12,1
c9f4a266b1bf,1,146 Grivita,ACC,breakdown,0,2026-07-09T12:30,2026-07-09T11:46:12,2026-07-09T14:33:16,0
ff981a84b4e2,2,A2 Basarabia,ACC,planned_works,0,2026-07-09T12:00,2026-07-09T11:46:12,2026-07-09T19:40:19,0
ff981a84b4e2,2,A2 Basarabia,ACC,missing_params,1,2026-07-09T23:30,2026-07-09T17:13:23,2026-07-09T19:40:19,1
2e3bfea24f10,3,11 C5/2,ACC,breakdown,0,2026-07-09T15:30,2026-07-09T11:46:12,2026-07-09T17:13:23,0
3ffc10468bba,3,6 Mărășești - Partial,ACC,other,0,2026-07-09T15:30,2026-07-09T11:46:12,2026-07-09T19:40:19,0
3ffc10468bba,3,6 Mărășești - Partial,ACC,other,1,2026-07-09T17:30,2026-07-09T17:13:23,2026-07-09T19:40:19,0
08ce52189a05,3,SC.1Dudesti - Partial,ACC,planned_works,0,2026-07-09T17:30,2026-07-09T11:46:12,2026-07-09T14:33:16,1
8d796dca3360,3,SC.4Catelu,ACC,other,0,2026-07-09T15:30,2026-07-09T11:46:12,2026-07-09T14:33:16,1
0b90e5686a86,4,1 Bis Zona I,ACC,planned_works,0,2026-07-10T16:00,2026-07-09T11:46:12,2026-07-10T15:40:18,1
e4771e785230,4,1 Zona I,ACC,planned_works,0,2026-07-10T16:00,2026-07-09T11:46:12,2026-07-10T15:40:18,1
f047203faa35,4,V.S.Sud,ACC,other,0,2026-07-09T15:30,2026-07-09T11:46:12,2026-07-10T21:45:37,0
f047203faa35,4,V.S.Sud,ACC,breakdown,1,2026-07-10T23:00,2026-07-09T14:33:16,2026-07-10T21:45:37,1
b83e3ba786bb,5,4 Chirigiu,ACC,breakdown,0,2026-07-09T15:00,2026-07-09T11:46:12,2026-07-09T17:13:23,0
e91c3a355249,6,3/7,ACC,breakdown,0,2026-07-09T15:30,2026-07-09T11:46:12,2026-07-09T14:33:16,1
231b4430046a,6,4 Roșia Montană,ACC,planned_works,0,2026-07-09T13:30,2026-07-09T11:46:12,2026-07-09T14:33:16,0
efea3a161aa2,6,4 Roșia Montană - Partial,ACC,breakdown,0,2026-07-09T13:30,2026-07-09T11:46:12,2026-07-09T14:33:16,0
a4b1ddd365e3,6,SC 1/3 - MODULE TERMICE,ACC,breakdown,0,2026-07-10T23:00,2026-07-09T11:46:12,2026-07-09T17:13:23,1
63350cb6ea74,2,U1 Avrig,ACC,breakdown,0,2026-07-10T23:30,2026-07-09T14:33:16,2026-07-10T13:28:50,1
5263b059d727,2,U2 Avrig,ACC,breakdown,0,2026-07-10T23:30,2026-07-09T14:33:16,2026-07-10T13:28:50,1
1b205b7728df,4,P 5 A,ACC,breakdown,0,2026-07-10T23:00,2026-07-09T14:33:16,2026-07-10T21:45:37,1
63b7e9000312,5,Facultatea de Medicină Veterinară,ACC,breakdown,0,2026-07-10T23:00,2026-07-09T14:33:16,2026-07-10T21:45:37,1
5333bc23351e,5,Garajul Parlamentului,ACC,breakdown,0,2026-07-10T23:00,2026-07-09T14:33:16,2026-07-10T21:45:37,1
0cd22ebee318,5,Gioconda,ACC,breakdown,0,2026-07-10T23:00,2026-07-09T14:33:16,2026-07-10T21:45:37,1
81631eb16c2c,5,Hotel CONTINENTAL,ACC,breakdown,0,2026-07-10T23:00,2026-07-09T14:33:16,2026-07-10T21:45:37,1
d1804cdb80cf,5,Ministerul Finanţelor,ACC,breakdown,0,2026-07-10T23:00,2026-07-09T14:33:16,2026-07-10T21:45:37,1
864f1a8fb67d,5,Palatul Parlamentului,ACC,breakdown,0,2026-07-10T23:00,2026-07-09T14:33:16,2026-07-10T21:45:37,1
b03e4dc4195f,5,Tribunal,ACC,breakdown,0,2026-07-10T23:00,2026-07-09T14:33:16,2026-07-10T21:45:37,1
8bc8902d7a85,5,VSNord,ACC,breakdown,0,2026-07-10T23:00,2026-07-09T14:33:16,2026-07-10T21:45:37,1
3d329b469eed,6,5 Virtuții,ACC,breakdown,0,2026-07-09T18:30,2026-07-09T14:33:16,2026-07-09T19:40:19,0
089968c75e7d,2,A4 Basarabia,ACC,missing_params,0,2026-07-09T23:30,2026-07-09T17:13:23,2026-07-09T19:40:19,1
9063706bffa9,4,2 Nitu Vasile,ACC,missing_params,0,2026-07-09T23:30,2026-07-09T17:13:23,2026-07-10T00:45:13,0
bad278c2dc47,4,2 Oltenita Placare,ACC,missing_params,0,2026-07-09T23:30,2026-07-09T17:13:23,2026-07-09T21:24:31,1
1ac6d4697c1d,4,2 Stoian Militaru,ACC,missing_params,0,2026-07-09T23:30,2026-07-09T17:13:23,2026-07-10T00:45:13,0
adf8bd5000f7,4,1 Stoian Militaru,ACC,missing_params,0,2026-07-09T23:30,2026-07-09T19:40:19,2026-07-10T00:45:13,0
23d30e17c942,4,2 Serban Voda,ACC,missing_params,0,2026-07-09T23:30,2026-07-09T19:40:19,2026-07-10T13:28:50,0
23d30e17c942,4,2 Serban Voda,ACC,missing_params,1,2026-07-10T12:00,2026-07-10T00:45:13,2026-07-10T13:28:50,0
1119cfe49743,4,4 Oltenita Placare,ACC,missing_params,0,2026-07-09T23:30,2026-07-09T19:40:19,2026-07-09T21:24:31,1
a4e9f7cbed45,4,1 Tineretului,ACC,missing_params,0,2026-07-09T23:30,2026-07-09T21:24:31,2026-07-10T00:45:13,0
956558f2b122,4,4 Zona II,ACC,missing_params,0,2026-07-09T23:30,2026-07-09T21:24:31,2026-07-10T00:45:13,0
e4899c9f4cca,4,Norilor,ACC,missing_params,0,2026-07-09T23:30,2026-07-09T21:24:31,2026-07-10T00:45:13,0
b0b9b3093725,5,1 Alexandria,ACC,breakdown,0,2026-07-10T10:00,2026-07-09T21:24:31,2026-07-10T18:18:11,0
b0b9b3093725,5,1 Alexandria,ACC,breakdown,1,2026-07-10T16:00,2026-07-10T10:02:55,2026-07-10T18:18:11,0
c1b9b2363967,5,2 Alexandria,ACC,breakdown,0,2026-07-10T10:00,2026-07-09T21:24:31,2026-07-10T18:18:11,0
c1b9b2363967,5,2 Alexandria,ACC,breakdown,1,2026-07-10T16:00,2026-07-10T10:02:55,2026-07-10T18:18:11,0
22854e65c348,5,5 Margeanului,ACC,breakdown,0,2026-07-10T10:00,2026-07-09T21:24:31,2026-07-10T18:18:11,0
22854e65c348,5,5 Margeanului,ACC,breakdown,1,2026-07-10T16:00,2026-07-10T10:02:55,2026-07-10T18:18:11,0
6abe2d832dcc,5,6 Margeanului,ACC,breakdown,0,2026-07-10T10:00,2026-07-09T21:24:31,2026-07-10T18:18:11,0
6abe2d832dcc,5,6 Margeanului,ACC,breakdown,1,2026-07-10T16:00,2026-07-10T10:02:55,2026-07-10T18:18:11,0
353adfb93fb9,5,7 Margeanului,ACC,breakdown,0,2026-07-10T10:00,2026-07-09T21:24:31,2026-07-10T18:18:11,0
353adfb93fb9,5,7 Margeanului,ACC,breakdown,1,2026-07-10T16:00,2026-07-10T10:02:55,2026-07-10T18:18:11,0
cde9294d90f0,5,8 Margeanului,ACC,breakdown,0,2026-07-10T10:00,2026-07-09T21:24:31,2026-07-10T18:18:11,0
cde9294d90f0,5,8 Margeanului,ACC,breakdown,1,2026-07-10T16:00,2026-07-10T10:02:55,2026-07-10T18:18:11,0
eb22c188a498,5,9 Margeanului,ACC,breakdown,0,2026-07-10T10:00,2026-07-09T21:24:31,2026-07-10T18:18:11,0
eb22c188a498,5,9 Margeanului,ACC,breakdown,1,2026-07-10T16:00,2026-07-10T10:02:55,2026-07-10T18:18:11,0
bfc515aac552,5,Garoafei,ACC,breakdown,0,2026-07-10T10:00,2026-07-09T21:24:31,2026-07-10T18:18:11,0
bfc515aac552,5,Garoafei,ACC,breakdown,1,2026-07-10T16:00,2026-07-10T10:02:55,2026-07-10T18:18:11,0
82e4b335fb0d,5,Soldat Croitoru,ACC,breakdown,0,2026-07-10T10:00,2026-07-09T21:24:31,2026-07-10T18:18:11,0
82e4b335fb0d,5,Soldat Croitoru,ACC,breakdown,1,2026-07-10T16:00,2026-07-10T10:02:55,2026-07-10T18:18:11,0
7f69c1b0ca14,5,Teiuş,ACC,breakdown,0,2026-07-10T10:00,2026-07-09T21:24:31,2026-07-10T18:18:11,0
7f69c1b0ca14,5,Teiuş,ACC,breakdown,1,2026-07-10T16:00,2026-07-10T10:02:55,2026-07-10T18:18:11,0
7c788848237f,3,IOR - Partial,ACC,breakdown,0,2026-07-10T10:00,2026-07-09T23:14:26,2026-07-10T13:28:50,0
7c788848237f,3,IOR - Partial,ACC,breakdown,1,2026-07-10T14:00,2026-07-10T10:02:55,2026-07-10T13:28:50,1
e95fc4cf3132,4,1 Stoian Militaru,ACC,missing_params,0,2026-07-10T12:00,2026-07-10T06:34:25,2026-07-10T10:02:55,1
437ef12c2123,4,2 Nitu Vasile,ACC,missing_params,0,2026-07-10T12:00,2026-07-10T06:34:25,2026-07-10T10:02:55,1
cafc13b84a87,4,2 Oltenita Placare,ACC,missing_params,0,2026-07-10T12:00,2026-07-10T06:34:25,2026-07-10T10:02:55,1
51205c7f1697,1,7 Dinicu Golescu,ACC,breakdown,0,2026-07-10T12:00,2026-07-10T10:02:55,2026-07-10T13:28:50,0
bfc4f35e675a,2,3 Stefan cel Mare,ACC,breakdown,0,2026-07-10T12:00,2026-07-10T10:02:55,2026-07-10T13:28:50,0
b44e51a0b4ff,2,4 Pantelimon,ACC,planned_works,0,2026-07-10T13:00,2026-07-10T10:02:55,2026-07-10T13:28:50,0
ca4ad93fd221,3,10 Vitan - Partial,ACC,breakdown,0,2026-07-10T19:00,2026-07-10T10:02:55,2026-07-10T20:15:09,0
ca4ad93fd221,3,10 Vitan - Partial,ACC,breakdown,1,2026-07-10T20:00,2026-07-10T15:40:18,2026-07-10T20:15:09,0
8d32928f2baf,3,12Tomis - Partial,ACC,breakdown,0,2026-07-10T16:00,2026-07-10T10:02:55,2026-07-10T15:40:18,1
7b2037709341,3,4 Labirint - Partial,ACC,other,0,2026-07-10T09:30,2026-07-10T10:02:55,2026-07-10T13:28:50,0
caac13216d5d,4,8 Brancoveanu - Partial,ACC,planned_works,0,2026-07-10T12:30,2026-07-10T10:02:55,2026-07-10T20:15:09,0
caac13216d5d,4,8 Brancoveanu - Partial,ACC,planned_works,1,2026-07-10T15:30,2026-07-10T13:28:50,2026-07-10T20:15:09,0
caac13216d5d,4,8 Brancoveanu - Partial,ACC,planned_works,2,2026-07-10T19:30,2026-07-10T15:40:18,2026-07-10T20:15:09,0
708ff96f878c,6,3/10 - Partial,ACC,breakdown,0,2026-07-10T19:30,2026-07-10T10:02:55,2026-07-10T20:15:09,0
3ff33419a4c3,6,4/7',ACC,breakdown,0,2026-07-10T14:00,2026-07-10T10:02:55,2026-07-10T15:40:18,0
0f9e7bc50052,6,6/2,ACC,breakdown,0,2026-07-10T11:00,2026-07-10T10:02:55,2026-07-10T13:28:50,0
dc95b7b93f36,6,7 Giulești,ACC,planned_works,0,2026-07-10T13:30,2026-07-10T10:02:55,2026-07-10T13:28:50,1
417280ea49aa,6,ISCH,ACC,planned_works,0,2026-07-11T10:00,2026-07-10T10:02:55,2026-07-10T23:13:53,1
6ad8349c2057,6,MAN,ACC,breakdown,0,2026-07-10T23:00,2026-07-10T10:02:55,2026-07-10T15:40:18,1
886f42c91182,6,MILITARI - 8 Placare - Partial,ACC,breakdown,0,2026-07-10T13:30,2026-07-10T10:02:55,2026-07-10T15:40:18,0
400f18097dfd,6,REGIE 3,ACC,planned_works,0,2026-07-11T10:00,2026-07-10T10:02:55,2026-07-10T23:13:53,1
87e54c566047,6,REGIE 4,ACC,planned_works,0,2026-07-11T10:00,2026-07-10T10:02:55,2026-07-10T23:13:53,1
48ff37bbd218,6,SC 6/7 - Partial,ACC,breakdown,0,2026-07-10T14:30,2026-07-10T10:02:55,2026-07-10T13:28:50,1
ead6f54aace6,6,STUDENTI 2,ACC,planned_works,0,2026-07-11T10:00,2026-07-10T10:02:55,2026-07-10T23:13:53,1
6c1d578cb43c,6,ZAGANESCU,ACC,planned_works,0,2026-07-11T10:00,2026-07-10T10:02:55,2026-07-10T23:13:53,1
439ed6243ba9,2,33 Muncii,ACC,breakdown,0,2026-07-15T23:30,2026-07-10T13:28:50,2026-07-14T18:01:32,1
af69d97bac67,6,1 Roșu - Partial,ACC,breakdown,0,2026-07-10T18:30,2026-07-10T13:28:50,2026-07-10T20:15:09,0
481661d143f8,6,4 Virtuții - Partial,ACC,breakdown,0,2026-07-10T14:30,2026-07-10T13:28:50,2026-07-10T20:15:09,0
481661d143f8,6,4 Virtuții - Partial,ACC,breakdown,1,2026-07-10T18:30,2026-07-10T15:40:18,2026-07-10T20:15:09,0
7c57f54cf2dd,6,J Giulești - Partial,ACC,breakdown,0,2026-07-10T18:30,2026-07-10T18:18:11,2026-07-10T20:15:09,0
a3db2b5f32ee,3,3 Tomis,ACC,breakdown,0,2026-07-11T15:30,2026-07-11T09:31:50,2026-07-11T12:55:00,1
a4aab1ef7ec3,4,2 Serban Voda,ACC,missing_params,0,2026-07-12T10:00,2026-07-12T06:52:54,2026-07-12T09:26:14,1
797086070e87,6,2/8,ACC,other,0,2026-07-12T23:30,2026-07-12T22:21:48,2026-07-13T06:56:14,0
e61b41e98ce4,6,3/6,ACC,other,0,2026-07-12T23:30,2026-07-12T22:21:48,2026-07-13T06:56:14,0
44ed394e474e,6,3/7,ACC,other,0,2026-07-12T23:30,2026-07-12T22:21:48,2026-07-13T06:56:14,0
50d4a25b276d,6,3/8,ACC,other,0,2026-07-12T23:30,2026-07-12T22:21:48,2026-07-13T06:56:14,0
2189cf1aa53b,6,NEFAMILISTI,ACC,other,0,2026-07-12T23:30,2026-07-12T22:21:48,2026-07-13T06:56:14,0
94224c033d4a,6,1 Veteranilor,ACC,breakdown,0,2026-07-13T10:00,2026-07-13T01:05:08,2026-07-13T13:15:41,0
94224c033d4a,6,1 Veteranilor,ACC,breakdown,1,2026-07-13T14:00,2026-07-13T09:47:04,2026-07-13T13:15:41,1
21c3b5028d47,6,2 Veteranilor,ACC,breakdown,0,2026-07-13T10:00,2026-07-13T01:05:08,2026-07-13T09:47:04,1
d89a73640468,2,13 Lacul Tei,ACC,breakdown,0,2026-07-15T23:00,2026-07-13T09:47:04,2026-07-13T13:15:41,1
ad867aaf63a6,2,2 Colentina 3 - Partial,ACC,breakdown,0,2026-07-13T15:30,2026-07-13T09:47:04,2026-07-13T15:43:16,0
86eb27df409d,2,3 Stefan cel Mare,ACC,breakdown,0,2026-07-15T23:00,2026-07-13T09:47:04,2026-07-15T20:52:59,1
09f19a8babbb,2,4 Stefan cel Mare,ACC,breakdown,0,2026-07-15T23:00,2026-07-13T09:47:04,2026-07-13T18:34:13,1
737f610330fb,2,Aleea Circului,ACC,breakdown,0,2026-07-15T23:00,2026-07-13T09:47:04,2026-07-15T20:52:59,1
43f43e9eb622,2,Chiristigii,ACC,breakdown,0,2026-07-13T14:00,2026-07-13T09:47:04,2026-07-14T13:22:31,0
43f43e9eb622,2,Chiristigii,ACC,breakdown,1,2026-07-14T14:00,2026-07-14T09:25:21,2026-07-14T13:22:31,1
6f2e4322a9a9,2,E2 Vatra Luminoasa - Partial,ACC,breakdown,0,2026-07-13T13:00,2026-07-13T09:47:04,2026-07-13T13:15:41,0
5a36de23ec12,2,Galvani Tei,ACC,breakdown,0,2026-07-15T23:00,2026-07-13T09:47:04,2026-07-16T14:27:37,0
5a36de23ec12,2,Galvani Tei,ACC,breakdown,1,2026-07-16T23:00,2026-07-15T20:52:59,2026-07-16T14:27:37,1
a38c4a81960c,2,Judetului,ACC,breakdown,0,2026-07-15T23:00,2026-07-13T09:47:04,2026-07-16T14:27:37,0
a38c4a81960c,2,Judetului,ACC,breakdown,1,2026-07-16T23:00,2026-07-15T20:52:59,2026-07-16T14:27:37,1
7aae64953e57,2,Modul Bl. 23,ACC,breakdown,0,2026-07-15T23:00,2026-07-13T09:47:04,2026-07-13T18:34:13,1
ec9bbd87efd3,2,Opanez,ACC,breakdown,0,2026-07-15T23:00,2026-07-13T09:47:04,2026-07-13T13:15:41,1
4e8717038e2c,2,Ramuri Tei,ACC,breakdown,0,2026-07-15T23:00,2026-07-13T09:47:04,2026-07-13T13:15:41,1
ae61a878c56c,2,Spitalul Clinic Colentina,ACC,breakdown,0,2026-07-15T23:00,2026-07-13T09:47:04,2026-07-13T18:34:13,1
fe49b14f0aa6,3,2 Papiu Ilarian - Partial,ACC,breakdown,0,2026-07-13T15:30,2026-07-13T09:47:04,2026-07-13T13:15:41,1
d1a4e5315d2a,3,4Placare-T - Partial,ACC,breakdown,0,2026-07-13T15:30,2026-07-13T09:47:04,2026-07-13T13:15:41,1
245f03668fac,5,1 Alexandria,ACC,planned_works,0,2026-07-18T23:00,2026-07-13T09:47:04,2026-07-18T15:36:00,1
39b0c48e9fd4,5,1 Drumul Sarii,ACC,planned_works,0,2026-07-18T23:00,2026-07-13T09:47:04,2026-07-17T19:07:53,1
9dfeccebb5cd,5,1 Panduri,ACC,planned_works,0,2026-07-18T23:00,2026-07-13T09:47:04,2026-07-17T17:34:04,1
97e4f9f6bf25,5,1 Petre Ispirescu,ACC,planned_works,0,2026-07-18T23:00,2026-07-13T09:47:04,2026-07-18T15:36:00,1
6da3b61af828,5,1 Rahova,ACC,planned_works,0,2026-07-18T23:00,2026-07-13T09:47:04,2026-07-18T15:36:00,1
52dffec705f8,5,1 Salaj,ACC,planned_works,0,2026-07-18T23:00,2026-07-13T09:47:04,2026-07-18T15:36:00,1
7a028ff196f9,5,1 din 13 Septembrie,ACC,planned_works,0,2026-07-18T23:00,2026-07-13T09:47:04,2026-07-17T19:07:53,1
80f4897d3f22,5,10 Margeanului,ACC,planned_works,0,2026-07-18T23:00,2026-07-13T09:47:04,2026-07-18T22:21:40,1
80f4897d3f22,5,10 Margeanului,ACC,missing_params,1,2026-07-18T23:30,2026-07-18T20:11:21,2026-07-18T22:21:40,1
de83f8c48c2b,5,11 Margeanului,ACC,planned_works,0,2026-07-18T23:00,2026-07-13T09:47:04,2026-07-18T22:21:40,1
de83f8c48c2b,5,11 Margeanului,ACC,missing_params,1,2026-07-18T23:30,2026-07-18T20:11:21,2026-07-18T22:21:40,1
bf44da727370,5,2 Alexandria,ACC,planned_works,0,2026-07-18T23:00,2026-07-13T09:47:04,2026-07-18T15:36:00,1
03d1d5241b69,5,2 Drumul Sarii,ACC,planned_works,0,2026-07-18T23:00,2026-07-13T09:47:04,2026-07-17T19:07:53,1
f2375fded614,5,2 Ferentari,ACC,planned_works,0,2026-07-18T23:00,2026-07-13T09:47:04,2026-07-18T17:06:17,1
9cab1e86b812,5,2 Panduri,ACC,planned_works,0,2026-07-18T23:00,2026-07-13T09:47:04,2026-07-17T17:34:04,1
5c21d33f8e5b,5,2 Petre Ispirescu,ACC,planned_works,0,2026-07-18T23:00,2026-07-13T09:47:04,2026-07-18T15:36:00,1
d9adf4dafe5f,5,2 Rahova,ACC,planned_works,0,2026-07-18T23:00,2026-07-13T09:47:04,2026-07-18T20:11:21,1
d9adf4dafe5f,5,2 Rahova,ACC,missing_params,1,2026-07-18T23:30,2026-07-18T18:11:29,2026-07-18T20:11:21,1
ced9dc5d83f6,5,2 Sălaj,ACC,planned_works,0,2026-07-18T23:00,2026-07-13T09:47:04,2026-07-18T15:36:00,1
4945235767d9,5,2 din 13 Septembrie,ACC,planned_works,0,2026-07-18T23:00,2026-07-13T09:47:04,2026-07-17T19:07:53,1
dfae0fd46991,5,3 Drumul Sării,ACC,planned_works,0,2026-07-18T23:00,2026-07-13T09:47:04,2026-07-17T19:07:53,1
3ca484508266,5,3 Ferentari,ACC,planned_works,0,2026-07-18T23:00,2026-07-13T09:47:04,2026-07-18T17:06:17,1
17f589e21535,5,3 Petre Ispirescu,ACC,planned_works,0,2026-07-18T23:00,2026-07-13T09:47:04,2026-07-18T17:06:17,1
0fc817dbbc76,5,3 Rahova,ACC,planned_works,0,2026-07-18T23:00,2026-07-13T09:47:04,2026-07-18T15:36:00,1
93adbf1f5486,5,3 Sebastian,ACC,planned_works,0,2026-07-18T23:00,2026-07-13T09:47:04,2026-07-18T00:29:59,1
2d91339291c2,5,3 Sălaj,ACC,planned_works,0,2026-07-18T23:00,2026-07-13T09:47:04,2026-07-18T17:06:17,1
2da21ffac4ba,5,4 Chirigiu,ACC,planned_works,0,2026-07-18T23:00,2026-07-13T09:47:04,2026-07-18T15:36:00,1
0127ad04c3db,5,4 Drumul Sarii,ACC,planned_works,0,2026-07-18T23:00,2026-07-13T09:47:04,2026-07-18T08:41:37,1
87a51ca9b8e2,5,4 Petre Ispirescu,ACC,planned_works,0,2026-07-18T23:00,2026-07-13T09:47:04,2026-07-18T00:29:59,1
cb6b48b7ea1c,5,4 Rahova,ACC,planned_works,0,2026-07-18T23:00,2026-07-13T09:47:04,2026-07-18T15:36:00,1
4e7a4441a4c7,5,4 Sălaj,ACC,planned_works,0,2026-07-18T23:00,2026-07-13T09:47:04,2026-07-18T15:36:00,1
455fd8a657c9,5,5 Chirigiu,ACC,planned_works,0,2026-07-18T23:00,2026-07-13T09:47:04,2026-07-18T15:36:00,1
f01d3af8363d,5,5 Lira,ACC,planned_works,0,2026-07-18T23:00,2026-07-13T09:47:04,2026-07-17T19:07:53,1
7299e34f7df7,5,5 Margeanului,ACC,planned_works,0,2026-07-18T23:00,2026-07-13T09:47:04,2026-07-18T17:06:17,1
a562b69dca2b,5,5 Petre Ispirescu,ACC,planned_works,0,2026-07-18T23:00,2026-07-13T09:47:04,2026-07-18T12:06:52,1
d8fc5e4baccf,5,6 Chirigiu,ACC,planned_works,0,2026-07-18T23:00,2026-07-13T09:47:04,2026-07-18T15:36:00,1
a64f781d58a3,5,6 Margeanului,ACC,planned_works,0,2026-07-18T23:00,2026-07-13T09:47:04,2026-07-18T15:36:00,1
7220481a686b,5,6 Petre Ispirescu,ACC,planned_works,0,2026-07-18T23:00,2026-07-13T09:47:04,2026-07-18T18:11:29,1
4498d401e9e0,5,6 Rahova,ACC,planned_works,0,2026-07-18T23:00,2026-07-13T09:47:04,2026-07-18T20:11:21,1
4498d401e9e0,5,6 Rahova,ACC,missing_params,1,2026-07-18T23:30,2026-07-18T18:11:29,2026-07-18T20:11:21,1
bf6ff854c578,5,6 Sebastian,ACC,planned_works,0,2026-07-18T23:00,2026-07-13T09:47:04,2026-07-18T00:29:59,1
e151a07e4269,5,6 Sălaj,ACC,planned_works,0,2026-07-18T23:00,2026-07-13T09:47:04,2026-07-18T17:06:17,1
8a0e3723007b,5,7 Margeanului,ACC,planned_works,0,2026-07-18T23:00,2026-07-13T09:47:04,2026-07-18T20:11:21,1
8a0e3723007b,5,7 Margeanului,ACC,missing_params,1,2026-07-18T23:30,2026-07-18T18:11:29,2026-07-18T20:11:21,1
846f66b835fc,5,7 Petre Ispirescu,ACC,planned_works,0,2026-07-18T23:00,2026-07-13T09:47:04,2026-07-18T21:05:49,1
2ef15f98a6f5,5,7 Sebastian,ACC,planned_works,0,2026-07-18T23:00,2026-07-13T09:47:04,2026-07-18T00:29:59,1
b1e95915f46e,5,8 Alexandria,ACC,planned_works,0,2026-07-18T23:00,2026-07-13T09:47:04,2026-07-18T15:36:00,1
7e6bb05a30a2,5,8 Margeanului,ACC,planned_works,0,2026-07-18T23:00,2026-07-13T09:47:04,2026-07-18T17:06:17,1
089d49481ec8,5,9 Margeanului,ACC,planned_works,0,2026-07-18T23:00,2026-07-13T09:47:04,2026-07-18T17:06:17,1
9e243bbef1ab,5,Doina,ACC,planned_works,0,2026-07-18T23:00,2026-07-13T09:47:04,2026-07-18T17:06:17,1
c7f3c2f18fa3,5,Garoafei,ACC,planned_works,0,2026-07-18T23:00,2026-07-13T09:47:04,2026-07-18T15:36:00,1
df08510ea5bd,5,Intrarea Drumul Taberei,ACC,planned_works,0,2026-07-18T23:00,2026-07-13T09:47:04,2026-07-17T19:07:53,1
60d58cbd6022,5,Soldat Croitoru,ACC,planned_works,0,2026-07-18T23:00,2026-07-13T09:47:04,2026-07-18T15:36:00,1
d685bf801782,5,Teiuş,ACC,planned_works,0,2026-07-18T23:00,2026-07-13T09:47:04,2026-07-18T15:36:00,1
b5aa5083fee6,5,Tudor Vladimirescu,ACC,planned_works,0,2026-07-18T23:00,2026-07-13T09:47:04,2026-07-17T19:07:53,1
c17ee708c610,5,Vicina,ACC,planned_works,0,2026-07-18T23:00,2026-07-13T09:47:04,2026-07-18T15:36:00,1
05e63f9a921f,6,1/7,ACC,breakdown,0,2026-07-13T15:00,2026-07-13T09:47:04,2026-07-13T13:15:41,1
448f89211f27,6,8 Crivina,ACC,maneuvers,0,2026-07-13T15:30,2026-07-13T09:47:04,2026-07-13T15:43:16,0
e57369d5586b,1,Ct Baneasa 1 - Partial,ACC,breakdown,0,2026-07-13T16:30,2026-07-13T13:15:41,2026-07-13T15:43:16,1
cd6463e185fc,2,1 Mosilor,ACC,breakdown,0,2026-07-16T23:00,2026-07-13T13:15:41,2026-07-16T21:17:27,1
d198341fcc4f,2,16 Vergului,ACC,breakdown,0,2026-07-13T15:00,2026-07-13T13:15:41,2026-07-13T15:43:16,0
f8807859ac4b,2,2 Mosilor,ACC,breakdown,0,2026-07-16T23:00,2026-07-13T13:15:41,2026-07-17T13:29:39,0
f8807859ac4b,2,2 Mosilor,ACC,breakdown,1,2026-07-17T23:00,2026-07-16T21:17:27,2026-07-17T13:29:39,1
ff8b2847d9dc,2,3 Mosilor,ACC,breakdown,0,2026-07-16T23:00,2026-07-13T13:15:41,2026-07-16T21:17:27,1
bfc0188e829d,2,4 Mosilor,ACC,breakdown,0,2026-07-16T23:00,2026-07-13T13:15:41,2026-07-16T21:17:27,1
d16b2967c9b3,2,6 Mosilor,ACC,breakdown,0,2026-07-16T23:00,2026-07-13T13:15:41,2026-07-17T07:21:30,0
d16b2967c9b3,2,6 Mosilor,ACC,missing_params,1,2026-07-16T23:30,2026-07-16T21:17:27,2026-07-17T07:21:30,0
d16b2967c9b3,2,6 Mosilor,ACC,missing_params,2,2026-07-17T10:00,2026-07-17T00:42:58,2026-07-17T07:21:30,1
5ecc244229dc,2,7 Mosilor,ACC,breakdown,0,2026-07-16T23:00,2026-07-13T13:15:41,2026-07-16T21:17:27,1
128d29e57ab5,2,AUTOCENTER,ACC,breakdown,0,2026-07-16T23:00,2026-07-13T13:15:41,2026-07-17T09:33:55,0
128d29e57ab5,2,AUTOCENTER,ACC,breakdown,1,2026-07-17T23:00,2026-07-16T22:37:28,2026-07-17T09:33:55,1
3345337f6f1a,2,Ion Maiorescu,ACC,breakdown,0,2026-07-16T23:00,2026-07-13T13:15:41,2026-07-16T21:17:27,1
638a0882c025,3,1 Nufarul,ACC,breakdown,0,2026-07-16T23:30,2026-07-13T13:15:41,2026-07-15T23:02:16,1
c0103cd65057,3,10 Nefamilisti,ACC,breakdown,0,2026-07-16T23:30,2026-07-13T13:15:41,2026-07-15T23:02:16,1
de19b5432e22,3,2 C5/1,ACC,breakdown,0,2026-07-16T23:30,2026-07-13T13:15:41,2026-07-15T23:02:16,1
2986c592b3ec,3,23 C5/2,ACC,breakdown,0,2026-07-16T23:30,2026-07-13T13:15:41,2026-07-15T23:02:16,1
291ed61207b3,3,4 Mărăşeşti,ACC,breakdown,0,2026-07-16T23:00,2026-07-13T13:15:41,2026-07-15T18:00:57,1
3390546ec97d,3,4X,ACC,breakdown,0,2026-07-16T23:30,2026-07-13T13:15:41,2026-07-15T23:02:16,1
cf6fca69fb75,3,4XA,ACC,breakdown,0,2026-07-16T23:30,2026-07-13T13:15:41,2026-07-15T23:02:16,1
fcaa50139046,3,5 Mărăşeşti,ACC,breakdown,0,2026-07-16T23:00,2026-07-13T13:15:41,2026-07-15T18:00:57,1
5dcffdb394ec,3,6 Mărășești,ACC,breakdown,0,2026-07-16T23:00,2026-07-13T13:15:41,2026-07-15T18:00:57,1
dcf6a0d95fba,3,6X,ACC,breakdown,0,2026-07-16T23:30,2026-07-13T13:15:41,2026-07-15T23:02:16,1
f73712c67a13,3,7 Călăraşi,ACC,breakdown,0,2026-07-16T23:00,2026-07-13T13:15:41,2026-07-15T18:00:57,1
1f6af51bd3ba,3,BL U114 (UM 02544/B1),ACC,breakdown,0,2026-07-16T23:00,2026-07-13T13:15:41,2026-07-15T18:00:57,1
2327549a873b,3,Biblioteca Nationala,ACC,breakdown,0,2026-07-16T23:00,2026-07-13T13:15:41,2026-07-15T18:00:57,1
c3b7c407afe3,3,C3 Căuzaşi,ACC,breakdown,0,2026-07-16T23:00,2026-07-13T13:15:41,2026-07-15T18:00:57,1
7cef151c365c,3,Ct Republicii,ACC,breakdown,0,2026-07-13T11:00,2026-07-13T13:15:41,2026-07-13T15:43:16,0
cc4ff72119fc,3,E1,ACC,breakdown,0,2026-07-16T23:00,2026-07-13T13:15:41,2026-07-15T18:00:57,1
c23889b5ecdf,3,SC.6C3/2 - Module Termice,ACC,breakdown,0,2026-07-16T23:30,2026-07-13T13:15:41,2026-07-16T11:30:26,1
446ea537801d,3,Tribunalul Bucuresti,ACC,breakdown,0,2026-07-16T23:00,2026-07-13T13:15:41,2026-07-15T18:00:57,1
416bb6ce0e75,4,B 3 Cauzasi,ACC,breakdown,0,2026-07-17T23:00,2026-07-13T13:15:41,2026-07-15T18:00:57,1
f25652b52441,4,Izvorul Cosbuc,ACC,planned_works,0,2026-07-18T23:00,2026-07-13T13:15:41,2026-07-17T20:14:33,1
e0bef2130c13,4,P 5 A,ACC,breakdown,0,2026-07-17T23:00,2026-07-13T13:15:41,2026-07-15T18:00:57,1
825048c898c6,4,V.S.Sud,ACC,breakdown,0,2026-07-17T23:00,2026-07-13T13:15:41,2026-07-15T18:00:57,1
cd4243a09610,5,103A,ACC,breakdown,0,2026-07-17T23:00,2026-07-13T13:15:41,2026-07-15T20:52:59,1
4b43747882b1,5,Facultatea de Medicină Veterinară,ACC,breakdown,0,2026-07-17T23:00,2026-07-13T13:15:41,2026-07-15T19:42:48,1
779bd61dc9a6,5,Garajul Parlamentului,ACC,breakdown,0,2026-07-17T23:00,2026-07-13T13:15:41,2026-07-15T19:42:48,1
9e4fc5f6d4aa,5,Gioconda,ACC,breakdown,0,2026-07-17T23:00,2026-07-13T13:15:41,2026-07-15T20:52:59,1
5b8fb9a8b2d0,5,Hotel CONTINENTAL,ACC,breakdown,0,2026-07-17T23:00,2026-07-13T13:15:41,2026-07-15T19:42:48,1
7eb561f88502,5,Ministerul Finanţelor,ACC,breakdown,0,2026-07-17T23:00,2026-07-13T13:15:41,2026-07-15T19:42:48,1
7331719d9d9b,5,Palatul Parlamentului,ACC,breakdown,0,2026-07-17T23:00,2026-07-13T13:15:41,2026-07-15T19:42:48,1
702b1346a698,5,Tribunal,ACC,breakdown,0,2026-07-17T23:00,2026-07-13T13:15:41,2026-07-15T20:52:59,1
24ce23ada90f,5,VSNord,ACC,breakdown,0,2026-07-17T23:00,2026-07-13T13:15:41,2026-07-15T19:42:48,1
ec6d0ef56176,6,3/6 - Partial,ACC,breakdown,0,2026-07-13T15:00,2026-07-13T13:15:41,2026-07-13T15:43:16,0
5c937248adf5,6,3/7,ACC,breakdown,0,2026-07-13T15:00,2026-07-13T13:15:41,2026-07-13T18:34:13,0
5c937248adf5,6,3/7,ACC,breakdown,1,2026-07-13T18:30,2026-07-13T15:43:16,2026-07-13T18:34:13,0
c797eb41e415,1,146 Grivita,ACC,breakdown,0,2026-07-14T23:30,2026-07-13T18:34:13,2026-07-17T17:34:04,0
c797eb41e415,1,146 Grivita,ACC,breakdown,1,2026-07-15T23:30,2026-07-14T20:45:30,2026-07-17T17:34:04,0
c797eb41e415,1,146 Grivita,ACC,breakdown,2,2026-07-17T23:30,2026-07-15T13:13:51,2026-07-17T17:34:04,1
c8e97edc51f0,1,148 Grivita,ACC,breakdown,0,2026-07-14T23:30,2026-07-13T18:34:13,2026-07-17T17:34:04,0
c8e97edc51f0,1,148 Grivita,ACC,breakdown,1,2026-07-15T23:30,2026-07-14T20:45:30,2026-07-17T17:34:04,0
c8e97edc51f0,1,148 Grivita,ACC,breakdown,2,2026-07-17T23:30,2026-07-15T13:13:51,2026-07-17T17:34:04,1
6bd9b77458a1,1,150 Grivita,ACC,breakdown,0,2026-07-14T23:30,2026-07-13T18:34:13,2026-07-17T17:34:04,0
6bd9b77458a1,1,150 Grivita,ACC,breakdown,1,2026-07-15T23:30,2026-07-14T20:45:30,2026-07-17T17:34:04,0
6bd9b77458a1,1,150 Grivita,ACC,breakdown,2,2026-07-17T23:30,2026-07-15T13:13:51,2026-07-17T17:34:04,1
45c153787d60,1,3-11 Duca,ACC,breakdown,0,2026-07-14T23:30,2026-07-13T18:34:13,2026-07-14T13:22:31,1
f259a04c9d83,5,"bloc 1, bloc 2 (cod PT: 50039)",ACC,planned_works,0,2026-07-18T23:00,2026-07-13T18:34:13,2026-07-18T15:36:00,1
26bdfac76758,2,1 Dimitrov,ACC,missing_params,0,2026-07-14T15:00,2026-07-13T20:35:00,2026-07-14T14:50:59,1
d90488f28d2f,2,2 Colentina,ACC,missing_params,0,2026-07-14T10:00,2026-07-13T20:35:00,2026-07-14T09:25:21,1
1ba8b48ef6b3,2,ALMO,ACC,missing_params,0,2026-07-14T10:00,2026-07-13T20:35:00,2026-07-14T09:25:21,1
c266086e8e37,2,Ziduri Mosi,ACC,missing_params,0,2026-07-14T10:00,2026-07-13T20:35:00,2026-07-14T09:25:21,1
6abc24e840fb,1,Ct Mozart - Partial,ACC,breakdown,0,2026-07-14T16:00,2026-07-14T09:25:21,2026-07-14T13:22:31,1
04b26d6bc0bf,2,2 Colentina 2,ACC,breakdown,0,2026-07-14T14:00,2026-07-14T09:25:21,2026-07-14T13:22:31,1
f5f1cd211064,2,24 Delfinului,ACC,breakdown,0,2026-07-14T15:30,2026-07-14T09:25:21,2026-07-14T11:32:23,1
aab8b5329d80,3,1 Matei Ambrozie,ACC,breakdown,0,2026-07-14T20:30,2026-07-14T09:25:21,2026-07-14T19:36:09,1
8e9c5119cecf,6,1 Uverturii,ACC,breakdown,0,2026-07-15T23:30,2026-07-14T09:25:21,2026-07-16T13:32:54,0
8e9c5119cecf,6,1 Uverturii,ACC,breakdown,1,2026-07-16T23:00,2026-07-16T11:30:26,2026-07-16T13:32:54,1
63563317d07f,6,1 Îndesirii,ACC,planned_works,0,2026-07-14T12:30,2026-07-14T09:25:21,2026-07-14T13:22:31,0
aeaaf5f19238,6,2 Politehnicii,ACC,breakdown,0,2026-07-15T23:30,2026-07-14T09:25:21,2026-07-16T13:32:54,0
aeaaf5f19238,6,2 Politehnicii,ACC,breakdown,1,2026-07-16T23:00,2026-07-16T11:30:26,2026-07-16T13:32:54,1
8c1f47b1f717,6,2 Uverturii,ACC,breakdown,0,2026-07-15T23:30,2026-07-14T09:25:21,2026-07-16T13:32:54,0
8c1f47b1f717,6,2 Uverturii,ACC,breakdown,1,2026-07-16T23:00,2026-07-16T11:30:26,2026-07-16T13:32:54,1
b2018a4d399f,6,5 Virtuții,ACC,breakdown,0,2026-07-15T23:30,2026-07-14T09:25:21,2026-07-15T23:02:16,1
2903fb02efd4,6,Ansamblul QUADRA PLACE II,ACC,breakdown,0,2026-07-15T23:30,2026-07-14T09:25:21,2026-07-15T23:02:16,1
8a7ffe22d9b5,6,Depou Metrou Ciurel,ACC,breakdown,0,2026-07-15T23:30,2026-07-14T09:25:21,2026-07-15T23:02:16,1
1c6009a85eed,6,MILITARI - 6 Placare - Partial,ACC,breakdown,0,2026-07-14T13:30,2026-07-14T09:25:21,2026-07-14T13:22:31,1
92fb5d2760d6,6,PT Loc. ICAB,ACC,breakdown,0,2026-07-15T23:30,2026-07-14T09:25:21,2026-07-16T13:32:54,0
92fb5d2760d6,6,PT Loc. ICAB,ACC,breakdown,1,2026-07-16T23:00,2026-07-16T11:30:26,2026-07-16T13:32:54,1
d4e429d7e510,6,SC 11,ACC,breakdown,0,2026-07-14T13:30,2026-07-14T09:25:21,2026-07-14T14:50:59,0
b9177daa6bd5,1,2 Prefabricate,ACC,breakdown,0,2026-07-17T23:30,2026-07-14T11:32:23,2026-07-17T23:33:34,0
000077dcd881,1,6 ACM,ACC,breakdown,0,2026-07-17T23:30,2026-07-14T11:32:23,2026-07-17T23:33:34,0
6b4f7bfbb7a7,3,2 Călăraşi,ACC,breakdown,0,2026-07-14T16:00,2026-07-14T11:32:23,2026-07-14T18:01:32,0
61e875ac6b59,3,9 Placare-T,ACC,breakdown,0,2026-07-14T14:30,2026-07-14T11:32:23,2026-07-14T13:22:31,1
a4511a020f90,6,4/7,ACC,breakdown,0,2026-07-14T13:00,2026-07-14T11:32:23,2026-07-14T13:22:31,0
f9de3e0732aa,4,1 Nitu Vasile,ACC,breakdown,0,2026-07-14T15:30,2026-07-14T14:50:59,2026-07-14T16:08:46,0
fc698b842f99,3,8X,ACC,breakdown,0,2026-07-14T21:00,2026-07-14T19:36:09,2026-07-15T16:12:56,0
fc698b842f99,3,8X,ACC,breakdown,1,2026-07-14T22:30,2026-07-14T20:45:30,2026-07-15T16:12:56,0
fc698b842f99,3,8X,ACC,breakdown,2,2026-07-15T15:30,2026-07-15T11:01:42,2026-07-15T16:12:56,0
0fb1eb58f932,1,3 P-Ţa Victoriei,ACC,breakdown,0,2026-07-15T15:00,2026-07-15T08:57:19,2026-07-15T16:12:56,0
1cc6446aff5f,6,11 Liniei,ACC,breakdown,0,2026-07-16T08:30,2026-07-15T08:57:19,2026-07-15T13:13:51,1
47ab2d272884,6,2 Îndesirii,ACC,breakdown,0,2026-07-15T12:30,2026-07-15T08:57:19,2026-07-15T13:13:51,0
474da5b4e0dd,6,8 Ghirlandei - Partial,ACC,breakdown,0,2026-07-15T13:30,2026-07-15T08:57:19,2026-07-15T13:13:51,1
7fcbe1179726,6,MILITARI - 2 Placare,ACC,breakdown,0,2026-07-16T08:30,2026-07-15T08:57:19,2026-07-15T13:13:51,1
767c12701566,6,MILITARI - 5 Placare - Partial,ACC,breakdown,0,2026-07-15T15:30,2026-07-15T08:57:19,2026-07-15T16:12:56,0
1d9d6a017812,6,MILITARI - 9 Placare,ACC,breakdown,0,2026-07-16T08:30,2026-07-15T08:57:19,2026-07-15T13:13:51,1
bba8b3b9cf25,2,1 Colentina,ACC,breakdown,0,2026-07-15T12:00,2026-07-15T11:01:42,2026-07-15T13:13:51,0
d8ac39f85b4a,2,202 Mihai Bravu,ACC,planned_works,0,2026-07-15T13:00,2026-07-15T11:01:42,2026-07-15T13:13:51,0
b77bb68d74e1,2,3 Vaselor - Partial,ACC,planned_works,0,2026-07-15T14:00,2026-07-15T11:01:42,2026-07-15T14:47:49,0
6d785d3f5f74,3,10 Matei Ambrozie,ACC,breakdown,0,2026-07-15T14:00,2026-07-15T11:01:42,2026-07-15T14:47:49,0
942ec509de76,4,3 Tineretului - Partial,ACC,breakdown,0,2026-07-15T14:30,2026-07-15T11:01:42,2026-07-15T19:42:48,0
942ec509de76,4,3 Tineretului - Partial,ACC,breakdown,1,2026-07-15T18:00,2026-07-15T14:47:49,2026-07-15T19:42:48,0
75f108d01d99,4,4 Oltenita Placare - Partial,ACC,breakdown,0,2026-07-15T14:00,2026-07-15T11:01:42,2026-07-15T14:47:49,0
774f101ea4fa,4,8 Brancoveanu - Partial,ACC,breakdown,0,2026-07-15T15:00,2026-07-15T11:01:42,2026-07-15T18:00:57,0
774f101ea4fa,4,8 Brancoveanu - Partial,ACC,breakdown,1,2026-07-15T17:30,2026-07-15T16:12:56,2026-07-15T18:00:57,0
6af83a33a949,6,6/8,ACC,planned_works,0,2026-07-15T15:30,2026-07-15T11:01:42,2026-07-15T16:12:56,0
c2f6a7189ce1,3,Ct Republicii,ACC,breakdown,0,2026-07-15T15:00,2026-07-15T13:13:51,2026-07-15T16:12:56,0
eb5b153d5043,5,6 Farado - Partial,ACC,breakdown,0,2026-07-15T18:30,2026-07-15T13:13:51,2026-07-15T19:42:48,0
a33f75ec6ceb,6,4/10 - Partial,ACC,breakdown,0,2026-07-15T14:30,2026-07-15T13:13:51,2026-07-16T13:32:54,0
a33f75ec6ceb,6,4/10 - Partial,ACC,breakdown,1,2026-07-16T14:30,2026-07-16T11:30:26,2026-07-16T13:32:54,1
b95cc56ed10c,1,MODUL TERMIC B3,ACC,breakdown,0,2026-07-17T20:00,2026-07-15T14:47:49,2026-07-17T17:34:04,1
4abc8ee80898,1,MODUL TERMIC C3,ACC,breakdown,0,2026-07-17T20:00,2026-07-15T14:47:49,2026-07-17T17:34:04,1
0a4f552709c9,1,MODUL TERMIC D3,ACC,breakdown,0,2026-07-17T20:00,2026-07-15T14:47:49,2026-07-17T17:34:04,1
75409ddec23e,1,MODUL TERMIC G5,ACC,breakdown,0,2026-07-17T20:00,2026-07-15T14:47:49,2026-07-17T17:34:04,1
e6fe7a9684c4,1,MODUL TERMIC Vila 12A,ACC,breakdown,0,2026-07-17T20:00,2026-07-15T14:47:49,2026-07-17T17:34:04,1
e8521e8f9e19,1,MODUL TERMIC Vila 12B,ACC,breakdown,0,2026-07-17T20:00,2026-07-15T14:47:49,2026-07-17T17:34:04,1
8f07b6d60414,1,MODUL TERMIC Vila 13,ACC,breakdown,0,2026-07-17T20:00,2026-07-15T14:47:49,2026-07-17T17:34:04,1
802059b2e645,2,U1 Avrig,ACC,breakdown,0,2026-07-15T23:30,2026-07-15T14:47:49,2026-07-15T16:12:56,1
1ca8e635dfe1,2,U2 Avrig,ACC,breakdown,0,2026-07-15T23:30,2026-07-15T14:47:49,2026-07-15T16:12:56,1
399bdfbb29fa,6,1 Giulești,ACC,breakdown,0,2026-07-17T23:30,2026-07-15T14:47:49,2026-07-16T21:17:27,1
28d4eaadaa22,6,4/7 - Partial,ACC,planned_works,0,2026-07-16T14:30,2026-07-15T14:47:49,2026-07-18T12:06:52,0
28d4eaadaa22,6,4/7 - Partial,ACC,planned_works,1,2026-07-17T15:30,2026-07-16T14:27:37,2026-07-18T12:06:52,0
28d4eaadaa22,6,4/7 - Partial,ACC,planned_works,2,2026-07-17T19:30,2026-07-17T15:53:14,2026-07-18T12:06:52,0
28d4eaadaa22,6,4/7 - Partial,ACC,planned_works,3,2026-07-18T11:00,2026-07-17T17:34:04,2026-07-18T12:06:52,0
6304f608bd39,6,ISCH,ACC,planned_works,0,2026-07-18T10:00,2026-07-15T14:47:49,2026-07-18T12:06:52,0
b6df40c795af,6,J Giulești,ACC,breakdown,0,2026-07-17T23:30,2026-07-15T14:47:49,2026-07-16T21:17:27,1
48b28b94274f,6,REGIE 3,ACC,planned_works,0,2026-07-18T10:00,2026-07-15T14:47:49,2026-07-18T12:06:52,0
02e8e3b086de,6,REGIE 4,ACC,planned_works,0,2026-07-18T10:00,2026-07-15T14:47:49,2026-07-18T12:06:52,0
da52a6b6852c,6,STUDENTI 2,ACC,planned_works,0,2026-07-18T10:00,2026-07-15T14:47:49,2026-07-18T12:06:52,0
c0d24fc3f767,6,ZAGANESCU,ACC,planned_works,0,2026-07-18T10:00,2026-07-15T14:47:49,2026-07-18T12:06:52,0
1458d1d466c9,1,Ct Protopopescu,ACC,breakdown,0,2026-07-16T12:00,2026-07-16T09:02:16,2026-07-16T13:32:54,0
f1549bd6d7c6,6,1 Virtuții - Partial,ACC,breakdown,0,2026-07-16T13:30,2026-07-16T09:02:16,2026-07-16T14:27:37,0
bc50ce076713,2,D18 Mihai Bravu,ACC,planned_works,0,2026-07-16T13:00,2026-07-16T11:30:26,2026-07-16T13:32:54,0
a63ac3f8b97c,6,SC 1/3 - MODULE TERMICE,ACC,planned_works,0,2026-07-17T09:00,2026-07-16T11:30:26,2026-07-16T17:18:02,1
6bbcaef464a9,4,6 Zona II,ACC,breakdown,0,2026-07-17T12:00,2026-07-16T13:32:54,2026-07-17T11:54:18,1
cb1143a39fe0,6,1 Crivina,ACC,planned_works,0,2026-07-16T19:30,2026-07-16T14:27:37,2026-07-16T18:13:27,1
99558e847383,6,B Giulești - Partial,ACC,breakdown,0,2026-07-16T18:30,2026-07-16T17:18:02,2026-07-16T18:13:27,1
add85a3ea636,6,SC 1/3 - MODULE TERMICE - Partial,ACC,planned_works,0,2026-07-17T09:00,2026-07-16T17:18:02,2026-07-17T15:13:05,0
add85a3ea636,6,SC 1/3 - MODULE TERMICE - Partial,ACC,planned_works,1,2026-07-17T23:00,2026-07-16T21:17:27,2026-07-17T15:13:05,1
873736837650,6,SC 8/9 - Partial,ACC,breakdown,0,2026-07-16T17:30,2026-07-16T17:18:02,2026-07-16T17:51:39,0
c919ec9ef572,1,2 Ilie Pintilie,ACC,planned_works,0,2026-07-17T11:30,2026-07-17T09:33:55,2026-07-17T11:54:18,0
c277382f2c2e,2,2 Fundeni,ACC,breakdown,0,2026-07-17T13:00,2026-07-17T09:33:55,2026-07-17T11:54:18,1
7af927d5ff86,3,4X - Partial,ACC,breakdown,0,2026-07-17T15:30,2026-07-17T09:33:55,2026-07-17T15:53:14,0
3b385b0cad44,4,2 Berceni Oltenita - Partial,ACC,other,0,2026-07-17T15:00,2026-07-17T09:33:55,2026-07-17T15:13:05,0
13941f827888,6,3 Virtuții,ACC,breakdown,0,2026-07-17T12:30,2026-07-17T09:33:55,2026-07-17T11:54:18,1
ab24e26bf1dc,6,MILITARI - 5 Placare - Partial,ACC,breakdown,0,2026-07-17T15:30,2026-07-17T09:33:55,2026-07-17T19:07:53,0
ab24e26bf1dc,6,MILITARI - 5 Placare - Partial,ACC,breakdown,1,2026-07-17T18:30,2026-07-17T15:13:05,2026-07-17T19:07:53,0
450724c11c57,6,MILITARI - 6 Placare - Partial,ACC,breakdown,0,2026-07-17T14:30,2026-07-17T09:33:55,2026-07-17T14:47:26,0
3268fd941171,2,24 Delfinului - Partial,ACC,breakdown,0,2026-07-17T15:00,2026-07-17T11:54:18,2026-07-17T21:06:18,0
3268fd941171,2,24 Delfinului - Partial,ACC,breakdown,1,2026-07-17T21:00,2026-07-17T13:45:03,2026-07-17T21:06:18,0
e5c7d1dffd24,3,1 Labirint,ACC,breakdown,0,2026-07-17T15:00,2026-07-17T11:54:18,2026-07-17T15:13:05,0
af2500b69491,3,5 C3/2,ACC,breakdown,0,2026-07-17T16:30,2026-07-17T13:29:39,2026-07-17T15:53:14,1
1a7490bb35a0,6,1 Giulești - Partial,ACC,breakdown,0,2026-07-17T17:30,2026-07-17T13:45:03,2026-07-17T19:07:53,0
11770355bf88,2,13 Lacul Tei - Partial,ACC,breakdown,0,2026-07-17T15:30,2026-07-17T14:47:26,2026-07-17T17:34:04,0
11770355bf88,2,13 Lacul Tei - Partial,ACC,breakdown,1,2026-07-17T19:30,2026-07-17T15:53:14,2026-07-17T17:34:04,1
6df2f1c37450,6,1 Îndesirii - Partial,ACC,breakdown,0,2026-07-20T15:30,2026-07-18T17:06:17,2026-07-20T19:42:31,0
6df2f1c37450,6,1 Îndesirii - Partial,ACC,breakdown,1,2026-07-20T18:30,2026-07-20T15:54:19,2026-07-20T19:42:31,0
8e1725cc4014,1,Ct Magheru 7-9,ACC,breakdown,0,2026-07-19T11:30,2026-07-19T09:22:30,2026-07-19T11:40:12,0
acb33b64dd6c,5,4 Rahova - Partial,ACC,breakdown,0,2026-07-20T15:30,2026-07-19T11:40:12,2026-07-20T13:41:19,1
dcf5a25aa1b1,3,5Catelu - Partial,ACC,breakdown,0,2026-07-20T15:00,2026-07-20T10:51:28,2026-07-20T15:54:19,0
5b5f53c168cf,3,5Placare-T - Partial,ACC,breakdown,0,2026-07-20T15:00,2026-07-20T10:51:28,2026-07-20T19:42:31,0
5b5f53c168cf,3,5Placare-T - Partial,ACC,breakdown,1,2026-07-20T18:30,2026-07-20T15:54:19,2026-07-20T19:42:31,0
56288be8e7ec,5,7 Margeanului - Partial,ACC,breakdown,0,2026-07-20T12:00,2026-07-20T10:51:28,2026-07-20T13:41:19,0
2ed8273c5f4a,6,1 Giulești,ACC,breakdown,0,2026-07-20T23:30,2026-07-20T10:51:28,2026-07-20T18:01:50,1
637a58d1ce5b,6,11 Liniei,ACC,breakdown,0,2026-07-20T15:30,2026-07-20T10:51:28,2026-07-20T15:54:19,0
6c58030b85c2,6,12 Maratonului - Partial,ACC,breakdown,0,2026-07-20T15:30,2026-07-20T10:51:28,2026-07-20T15:54:19,0
d0955d15976d,6,J Giulești,ACC,breakdown,0,2026-07-20T23:30,2026-07-20T10:51:28,2026-07-20T18:01:50,1
24de409545e6,6,MILITARI - 5 Placare,ACC,breakdown,0,2026-07-20T15:30,2026-07-20T10:51:28,2026-07-20T15:54:19,0
a87e0f9f5905,6,MILITARI - 6 Placare - Partial,ACC,breakdown,0,2026-07-20T14:30,2026-07-20T10:51:28,2026-07-20T15:54:19,0
63c5d5eb9bd3,1,Ct Magheru 7-9,ACC,breakdown,0,2026-07-20T15:30,2026-07-20T13:41:19,2026-07-20T15:54:19,0
ceaa03eb7492,6,MILITARI - 5 Placare - Partial,ACC,breakdown,0,2026-07-20T17:30,2026-07-20T15:54:19,2026-07-20T18:01:50,0
699bc6875ae2,2,13 Lacul Tei,ACC,balancing,0,2026-07-20T23:30,2026-07-20T18:01:50,2026-07-21T07:28:33,0
699bc6875ae2,2,13 Lacul Tei,ACC,balancing,1,2026-07-21T12:00,2026-07-20T23:11:04,2026-07-21T07:28:33,1
d95775227a67,2,29 Stefan cel Mare,ACC,balancing,0,2026-07-20T23:30,2026-07-20T18:01:50,2026-07-20T21:32:24,1
3ccf093fb2f0,2,3 Petricani,ACC,balancing,0,2026-07-20T23:30,2026-07-20T18:01:50,2026-07-20T21:32:24,1
db0cae59e0a2,2,Judetului,ACC,balancing,0,2026-07-20T23:30,2026-07-20T18:01:50,2026-07-21T07:28:33,0
db0cae59e0a2,2,Judetului,ACC,balancing,1,2026-07-21T12:00,2026-07-20T23:11:04,2026-07-21T07:28:33,1
2292604e6569,6,MT PLAVAT,ACC,planned_works,0,2026-07-21T23:00,2026-07-20T18:01:50,2026-07-21T14:27:11,1
1d882bce39b2,6,"S.G.A. Ilfov-Bucureşti, Administratia Nationala Apele Romane)",ACC,planned_works,0,2026-07-21T23:00,2026-07-20T18:01:50,2026-07-21T14:27:11,1
d190b3815484,2,1 Cheile Zanoagei,ACC,balancing,0,2026-07-20T23:30,2026-07-20T21:32:24,2026-07-20T23:11:04,1
e93983a51e80,2,17-18 Petricani,ACC,balancing,0,2026-07-20T23:30,2026-07-20T21:32:24,2026-07-21T14:27:11,0
e93983a51e80,2,17-18 Petricani,ACC,balancing,1,2026-07-21T12:00,2026-07-20T23:11:04,2026-07-21T14:27:11,0
e93983a51e80,2,17-18 Petricani,ACC,balancing,2,2026-07-21T23:00,2026-07-21T12:36:27,2026-07-21T14:27:11,1
08b411dd65c9,5,2 Ferentari - Partial,ACC,breakdown,0,2026-07-21T13:00,2026-07-21T10:06:14,2026-07-21T12:36:27,1
a1401e89d68a,5,5 Petre Ispirescu,ACC,planned_works,0,2026-07-21T14:00,2026-07-21T10:06:14,2026-07-21T14:27:11,0
6c83c1157679,6,1 Roșu,ACC,planned_works,0,2026-07-21T13:30,2026-07-21T10:06:14,2026-07-21T12:36:27,1
741f39ac7899,6,1/1 - Partial,ACC,breakdown,0,2026-07-21T12:00,2026-07-21T10:06:14,2026-07-21T12:36:27,0
17c74863b6cb,6,3 Virtuții - Partial,ACC,breakdown,0,2026-07-21T13:30,2026-07-21T10:06:14,2026-07-21T12:36:27,1
b55a979d3aa1,6,MILITARI - 2 Placare,ACC,breakdown,0,2026-07-21T15:30,2026-07-21T10:06:14,2026-07-21T15:50:53,0
0f5c72399e38,1,CT Floreasca - Partial,ACC,breakdown,0,2026-07-21T14:00,2026-07-21T12:36:27,2026-07-21T14:27:11,0
